collision-id,report-number,report-version,is-preliminary,ncic-code,crash-date-time,crash-time-description,beat,city-id,city-code,city-name,county-code,city-is-active,city-is-incorporated,collision-type-code,collision-type-description,collision-type-other-desc,day-of-week,dispatch-notified,has-photographs,hit-run,is-attachments-mailed,is-deleted,is-highway-related,is-tow-away,judicial-district,motor-vehicle-involved-with-code,motor-vehicle-involved-with-desc,motor-vehicle-involved-with-other-desc,number-injured,number-killed,weather-1,weather-2,road-condition-1,road-condition-2,special-condition-lighting-code,lighting-description,latitude,longitude,milepost-direction,milepost-distance,milepost-marker,milepost-unit-of-measure,pedestrian-action-code,pedestrian-action-desc,prepared-date,primary-collision-factor-code,primary-collision-factor-violation,primary-collision-factor-is-cited,primary-collision-party-number,primary-road,reporting-district,reporting-district-code,reviewed-date,roadway-surface-code,secondary-direction,secondary-distance,secondary-road,secondary-unit-of-measure,sketch-desc,traffic-control-device-code,created-date,modified-date,is-county-road,is-freeway,chp-555-version,is-additonal-object-struck,notification-date,notification-time-description,has-digital-media-files,evidence-number,is-location-refer-to-narrative,is-aoi-one-same-as-location
656515,9370-2018-00414,1,False,9370,2/1/2018 6:50:00 PM,1850,176,14,109,Oakland,1,True,True,C,REAR END,,Thursday,NotApplicable,False,M,,False,True,False,Oakland Superior,C,OTHER MOTOR VEHICLE,,0,0,CLEAR,,NO UNUSUAL CONDITIONS,,D,DARK-NO STREET LIGHTS,37.746751,-122.20183,,,,,A,NO PEDESTRIANS INVOLVED,2/1/2018 12:00:00 AM,A,22350,False,1,I-880 S/B,,,2/7/2018 7:51:33 AM,A,N,2400.0,Hegenberger Rd,F,,D,2/7/2018 7:52:25 AM,2/7/2018 7:52:25 AM,,True,2,,,,,,,
656462,9370-2018-00468,1,False,9370,2/5/2018 5:10:00 PM,1710,81,14,109,Oakland,1,True,True,C,REAR END,,Monday,NotApplicable,False,,,False,True,True,Oakland Superior,C,OTHER MOTOR VEHICLE,,0,0,CLEAR,,NO UNUSUAL CONDITIONS,,A,DAYLIGHT,37.875029,-122.306151,,,,,A,NO PEDESTRIANS INVOLVED,2/5/2018 12:00:00 AM,A,22350,False,1,I-80 EB,,,2/7/2018 6:46:32 AM,A,W,1161.0,GILMAN ST.,F,,D,2/7/2018 6:47:01 AM,2/7/2018 6:47:01 AM,,True,2,,,,,,,
656408,9370-2018-00388,1,False,9370,1/30/2018 7:00:00 PM,1900,24,14,109,Oakland,1,True,True,C,REAR END,,Tuesday,NotApplicable,False,M,,False,True,False,Oakland Superior,C,OTHER MOTOR VEHICLE,,0,0,CLEAR,,NO UNUSUAL CONDITIONS,,D,DARK-NO STREET LIGHTS,37.846565,-122.246492,,,,,A,NO PEDESTRIANS INVOLVED,1/30/2018 12:00:00 AM,D,,,,SR-24 E/B,,,2/7/2018 4:43:10 AM,A,W,670.0,Patton St,F,,D,2/7/2018 4:43:47 AM,2/7/2018 4:43:47 AM,,True,2,,,,,,,
655739,9370-2018-00033,1,False,9370,1/4/2018 11:05:00 PM,2305,8,14,109,Oakland,1,True,True,E,HIT OBJECT,,Thursday,NotApplicable,False,M,,False,True,True,Oakland Superior,I,FIXED OBJECT,CONCRETE WALL,0,0,CLEAR,,NO UNUSUAL CONDITIONS,,D,DARK-NO STREET LIGHTS,37.827347,-122.295221,,,,,A,NO PEDESTRIANS INVOLVED,1/4/2018 12:00:00 AM,A,22107,False,1,I-80 E/B,,,2/6/2018 8:59:05 AM,B,W,3900.0,POWELL STREET,F,,A,2/6/2018 8:59:54 AM,2/6/2018 8:59:54 AM,,True,2,,,,,,,
655621,9370-2018-00398,1,False,9370,1/31/2018 6:30:00 PM,1830,25,14,109,Oakland,1,True,True,C,REAR END,,Wednesday,Yes,False,,,False,True,True,Oakland Superior,C,OTHER MOTOR VEHICLE,,0,0,CLEAR,,NO UNUSUAL CONDITIONS,,C,DARK-STREET LIGHTS,37.830595,-122.26727,,,,,A,NO PEDESTRIANS INVOLVED,1/31/2018 12:00:00 AM,A,23152(a),True,1,SR-24 W/B,,,2/6/2018 7:27:41 AM,A,E,310.0,40th St,F,,D,2/6/2018 7:28:24 AM,2/6/2018 7:28:24 AM,,True,2,,,,,,,
655608,9370-2018-00413,1,False,9370,2/1/2018 7:45:00 PM,1945,177,14,109,Oakland,1,True,True,E,HIT OBJECT,,Thursday,Yes,False,,,False,True,True,Oakland Superior,I,FIXED OBJECT,CONCRETE WALL,1,0,CLEAR,,NO UNUSUAL CONDITIONS,,C,DARK-STREET LIGHTS,37.78982,-122.25823,,,,,A,NO PEDESTRIANS INVOLVED,2/1/2018 12:00:00 AM,A,22107,False,1,I-880 S/B,,,2/6/2018 7:16:07 AM,A,S,559.0,5th Avenue,F,,D,2/6/2018 7:16:49 AM,2/6/2018 7:16:49 AM,,True,2,,,,,,,
655602,9370-2018-00407,1,False,9370,2/1/2018 1:45:00 AM,145,55,14,109,Oakland,1,True,True,C,REAR END,,Thursday,NotApplicable,False,M,,False,True,True,Oakland Superior,C,OTHER MOTOR VEHICLE,,0,0,CLEAR,,NO UNUSUAL CONDITIONS,,D,DARK-NO STREET LIGHTS,37.8265,-122.27773,,,,,A,NO PEDESTRIANS INVOLVED,2/1/2018 12:00:00 AM,A,22350,False,2,I-580 W/B,,,2/6/2018 7:09:41 AM,A,E,200.0,San Pablo Ave,F,,D,2/6/2018 7:10:13 AM,2/6/2018 7:10:13 AM,,True,2,,,,,,,
655585,9370-2018-00381,1,False,9370,1/30/2018 11:55:00 AM,1155,55,14,109,Oakland,1,True,True,F,OVERTURNED,,Tuesday,NotApplicable,False,M,,False,True,False,Oakland Superior,A,NON-COLLISION,,0,0,CLEAR,,NO UNUSUAL CONDITIONS,,A,DAYLIGHT,37.824473,-122.270284,,,,,A,NO PEDESTRIANS INVOLVED,1/30/2018 12:00:00 AM,A,21658(a),False,1,I-580 E/B TO SR-24 E/B,,,2/6/2018 6:46:03 AM,A,W,200.0,Martin Luther King Jr. Way,F,,D,2/6/2018 6:52:24 AM,2/6/2018 6:52:24 AM,,True,2,,,,,,,
655151,9370-2018-00292,1,False,9370,1/23/2018 7:55:00 AM,755,55,14,109,Oakland,1,True,True,B,SIDE SWIPE,,Tuesday,NotApplicable,False,,,False,True,False,Oakland Superior,C,OTHER MOTOR VEHICLE,,0,0,CLEAR,,NO UNUSUAL CONDITIONS,,A,DAYLIGHT,37.82617,-122.27556,,,,,A,NO PEDESTRIANS INVOLVED,1/23/2018 12:00:00 AM,A,21658(a),False,2,I-580 W/B,,,2/5/2018 1:14:01 PM,A,W,98.0,Market St,F,,A,2/5/2018 1:19:48 PM,2/5/2018 1:19:48 PM,,True,2,,,,,,,
654739,9370-2018-00404,1,False,9370,2/1/2018 5:34:00 AM,534,177,14,109,Oakland,1,True,True,C,REAR END,,Thursday,NotApplicable,False,,,False,True,False,Oakland Superior,C,OTHER MOTOR VEHICLE,,0,0,CLEAR,,NO UNUSUAL CONDITIONS,,C,DARK-STREET LIGHTS,37.789305,-122.255548,,,,,A,NO PEDESTRIANS INVOLVED,2/1/2018 12:00:00 AM,A,22350,False,1,I-880 S/B,,,2/5/2018 9:15:56 AM,A,S,1200.0,5th Ave,F,,D,2/5/2018 9:16:38 AM,2/5/2018 9:16:38 AM,,True,2,,,,,,,
654581,9370-2018-00409,1,False,9370,2/1/2018 9:43:00 AM,943,53,14,109,Oakland,1,True,True,C,REAR END,,Thursday,NotApplicable,False,,,False,True,True,Oakland Superior,C,OTHER MOTOR VEHICLE,,0,0,CLEAR,,NO UNUSUAL CONDITIONS,,A,DAYLIGHT,37.799766,-122.223201,,,,,A,NO PEDESTRIANS INVOLVED,2/1/2018 12:00:00 AM,A,22350,False,1,I-580 W/B,,,2/5/2018 7:26:37 AM,A,E,280.0,Ardley Ave,F,,D,2/5/2018 7:27:49 AM,2/5/2018 7:27:49 AM,,True,2,,,,,,,
654563,9370-2018-00442,1,False,9370,2/3/2018 6:03:00 PM,1803,176,14,109,Oakland,1,True,True,B,SIDE SWIPE,,Saturday,NotApplicable,False,,,False,True,False,Oakland Superior,C,OTHER MOTOR VEHICLE,,0,0,CLEAR,,NO UNUSUAL CONDITIONS,,D,DARK-NO STREET LIGHTS,37.44183,-122.11393,,,,,A,NO PEDESTRIANS INVOLVED,2/3/2018 12:00:00 AM,A,21658(a),False,1,I-880 N/B,,,2/5/2018 7:12:56 AM,A,S,995.0,Hegenberger Rd,F,,D,2/5/2018 7:13:39 AM,2/5/2018 7:13:39 AM,,True,2,,,,,,,
654533,9370-2018-00346,1,False,9370,1/27/2018 12:00:00 AM,0,25,14,109,Oakland,1,True,True,E,HIT OBJECT,,Saturday,Yes,False,,,False,True,True,Oakland Superior,I,FIXED OBJECT,CONCRETE AND METAL BARRIE,1,0,CLEAR,,NO UNUSUAL CONDITIONS,,C,DARK-STREET LIGHTS,37.823934,-122.267283,,,,,A,NO PEDESTRIANS INVOLVED,1/27/2018 12:00:00 AM,A,23152(a),True,1,SR-24 W/B TO I-580 E/B,,,2/5/2018 6:28:52 AM,A,E,400.0,Telegraph Ave,F,,D,2/5/2018 6:29:34 AM,2/5/2018 6:29:34 AM,,True,2,,,,,,,
654514,9370-2018-00323,1,False,9370,1/25/2018 3:15:00 PM,1515,53,14,109,Oakland,1,True,True,C,REAR END,,Thursday,NotApplicable,False,,,False,True,False,Oakland Superior,C,OTHER MOTOR VEHICLE,,0,0,CLOUDY,,NO UNUSUAL CONDITIONS,,A,DAYLIGHT,37.4746,-122.12333,,,,,A,NO PEDESTRIANS INVOLVED,1/25/2018 12:00:00 AM,A,22350,False,1,I-580 W/B,,,2/5/2018 4:56:38 AM,B,E,390.0,Coolidge Ave,F,,D,2/5/2018 4:57:18 AM,2/5/2018 4:57:18 AM,,True,2,,,,,,,
654471,9370-2018-00356,1,False,9370,1/28/2018 3:10:00 PM,1510,177,14,109,Oakland,1,True,True,C,REAR END,,Sunday,NotApplicable,False,,,False,True,True,Oakland Superior,C,OTHER MOTOR VEHICLE,,1,0,CLEAR,,NO UNUSUAL CONDITIONS,,A,DAYLIGHT,37.78868,-122.2519,,,,,A,NO PEDESTRIANS INVOLVED,1/28/2018 12:00:00 AM,A,22350,False,1,I-880 S/B (NIMITZ FREEWAY),,,2/4/2018 6:47:48 PM,A,N,2300.0,16th Ave,F,,D,2/4/2018 6:48:21 PM,2/4/2018 6:48:21 PM,,True,2,,,,,,,
654470,9370-2018-00328,1,False,9370,1/25/2018 8:22:00 AM,822,53,14,109,Oakland,1,True,True,C,REAR END,,Thursday,Yes,False,,,False,True,False,Oakland Superior,C,OTHER MOTOR VEHICLE,,1,0,RAINING,,NO UNUSUAL CONDITIONS,,A,DAYLIGHT,37.471513,-122.115301,,,,,A,NO PEDESTRIANS INVOLVED,1/25/2018 12:00:00 AM,A,22350,False,1,I-580 E/B,,,2/4/2018 6:39:51 PM,B,W,1100.0,HIGH STREET,F,,D,2/4/2018 6:40:36 PM,2/4/2018 6:40:36 PM,,True,2,,,,,,,
654394,9370-2018-00441,1,False,9370,2/3/2018 4:55:00 PM,1655,25,14,109,Oakland,1,True,True,C,REAR END,,Saturday,NotApplicable,False,,,False,True,True,Oakland Superior,C,OTHER MOTOR VEHICLE,,1,0,CLEAR,,NO UNUSUAL CONDITIONS,,A,DAYLIGHT,37.83242,-122.26681,,,,,A,NO PEDESTRIANS INVOLVED,2/3/2018 12:00:00 AM,A,22350,False,2,SR-24 W/B,,,2/4/2018 12:04:15 PM,A,W,350.0,45th Street,F,,D,2/4/2018 12:04:49 PM,2/4/2018 12:04:49 PM,,True,2,,,,,,,
654388,9370-2018-00429,1,False,9370,2/2/2018 12:30:00 PM,1230,178,14,109,Oakland,1,True,True,B,SIDE SWIPE,,Friday,NotApplicable,False,M,,False,True,False,Oakland Superior,C,OTHER MOTOR VEHICLE,,0,0,CLEAR,,NO UNUSUAL CONDITIONS,,A,DAYLIGHT,37.803809,-122.301847,,,,,A,NO PEDESTRIANS INVOLVED,2/2/2018 12:00:00 AM,A,21658(a),False,1,I-880 N/B,,,2/4/2018 9:52:57 AM,A,S,1500.0,7th St,F,,D,2/4/2018 9:55:33 AM,2/4/2018 9:55:33 AM,,True,2,,,,,,,
654375,9370-2018-00438,1,False,9370,2/2/2018 7:30:00 AM,730,52,14,109,Oakland,1,True,True,C,REAR END,,Friday,NotApplicable,False,,,False,True,False,Oakland Superior,C,OTHER MOTOR VEHICLE,,0,0,CLEAR,,NO UNUSUAL CONDITIONS,,On-Duty Emergency VehicleA,DAYLIGHT,37.442004,-122.83172,,,,,A,NO PEDESTRIANS INVOLVED,2/2/2018 12:00:00 AM,A,22350,False,1,I-580 W/B,,,2/4/2018 8:47:12 AM,A,W,600.0,DUTTON AVENUE,F,,D,2/4/2018 8:47:42 AM,2/4/2018 8:47:42 AM,,True,2,,,,,,,
654360,9370-2018-00349,1,False,9370,1/26/2018 11:30:00 PM,2330,25,14,109,Oakland,1,True,True,C,REAR END,,Friday,NotApplicable,False,M,,False,True,False,Oakland Superior,C,OTHER MOTOR VEHICLE,,0,0,CLEAR,,NO UNUSUAL CONDITIONS,,C,DARK-STREET LIGHTS,37.823676,-122.266752,,,,,A,NO PEDESTRIANS INVOLVED,1/26/2018 12:00:00 AM,A,22350,False,1,SR-24 W/B TO I-580 E/B,,,2/4/2018 6:10:25 AM,A,E,210.0,Telegraph Ave,F,,D,2/4/2018 6:10:55 AM,2/4/2018 6:10:55 AM,,True,2,,,,,,,
654347,9370-2018-00334,1,False,9370,1/25/2018 8:19:00 AM,819,53,14,109,Oakland,1,True,True,B,SIDE SWIPE,,Thursday,NotApplicable,False,M,,False,True,False,Oakland Superior,C,OTHER MOTOR VEHICLE,,0,0,RAINING,,NO UNUSUAL CONDITIONS,,A,DAYLIGHT,37.47178,-122.115724,,,,,A,NO PEDESTRIANS INVOLVED,1/25/2018 12:00:00 AM,A,21658(a),False,1,I-580 E/B,,,2/3/2018 7:57:44 PM,B,W,800.0,HIGH STREET,F,,D,2/3/2018 7:58:13 PM,2/3/2018 7:58:13 PM,,True,2,,,,,,,
654344,9370-2018-00319,1,False,9370,1/25/2018 8:25:00 AM,825,53,14,109,Oakland,1,True,True,C,REAR END,,Thursday,NotApplicable,False,M,,False,True,False,Oakland Superior,C,OTHER MOTOR VEHICLE,,0,0,RAINING,,NO UNUSUAL CONDITIONS,,A,DAYLIGHT,37.790511,-122.201958,,,,,A,NO PEDESTRIANS INVOLVED,1/25/2018 12:00:00 AM,A,22350,False,1,I-580 E/B,,,2/3/2018 7:48:32 PM,B,W,600.0,HIGH STREET,F,,D,2/3/2018 7:49:01 PM,2/3/2018 7:49:01 PM,,True,2,,,,,,,
654337,9370-2018-00357,1,False,9370,1/25/2018 9:15:00 AM,915,52,14,109,Oakland,1,True,True,C,REAR END,,Thursday,Yes,False,,,False,True,False,Oakland Superior,C,OTHER MOTOR VEHICLE,,1,0,CLOUDY,,NO UNUSUAL CONDITIONS,,A,DAYLIGHT,37.77675,-122.16484,,,,,A,NO PEDESTRIANS INVOLVED,1/25/2018 12:00:00 AM,A,22350,False,1,I-580 W/B (MACARTHUR FREEWAY),,,2/3/2018 6:57:37 PM,B,W,150.0,Edwards Ave,F,,D,2/3/2018 6:58:22 PM,2/3/2018 6:58:22 PM,,True,2,,,,,,,
654328,9370-2018-00348,1,False,9370,1/27/2018 5:05:00 AM,505,55,14,109,Oakland,1,True,True,E,HIT OBJECT,,Saturday,NotApplicable,False,,,False,True,True,Oakland Superior,I,FIXED OBJECT,METAL GUARDRAIL,0,0,CLEAR,,NO UNUSUAL CONDITIONS,,C,DARK-STREET LIGHTS,37.822418,-122.261494,,,,,A,NO PEDESTRIANS INVOLVED,1/27/2018 12:00:00 AM,A,22107,False,1,I-580 E/B TO WEBSTER STREET,,,2/3/2018 5:59:55 PM,A,E,115.0,WEBSTER STREET,F,,D,2/3/2018 6:00:39 PM,2/3/2018 6:00:39 PM,,True,2,,,,,,,
654318,9370-2018-00359,1,False,9370,1/25/2018 2:30:00 PM,1430,25,14,109,Oakland,1,True,True,C,REAR END,,Thursday,NotApplicable,False,,,False,True,False,Oakland Superior,C,OTHER MOTOR VEHICLE,,0,0,CLOUDY,,NO UNUSUAL CONDITIONS,,A,DAYLIGHT,37.82654,-122.26838,,,,,A,NO PEDESTRIANS INVOLVED,1/25/2018 12:00:00 AM,A,22350,False,1,SR-24 W/B TO I-580 W/B,,,2/3/2018 4:26:41 PM,B,W,200.0,W. MACARTHUR BLVD.,F,,D,2/3/2018 4:27:11 PM,2/3/2018 4:27:11 PM,,True,2,,,,,,,
654315,9370-2018-00355,1,False,9370,1/25/2018 9:00:00 AM,900,52,14,109,Oakland,1,True,True,C,REAR END,,Thursday,NotApplicable,False,,,False,True,False,Oakland Superior,C,OTHER MOTOR VEHICLE,,2,0,CLOUDY,,NO UNUSUAL CONDITIONS,,A,DAYLIGHT,37.78808,-122.19863,,,,,A,NO PEDESTRIANS INVOLVED,1/25/2018 12:00:00 AM,A,22350,False,1,I-580 E/B (MACARTHUR FREEWAY),,,2/3/2018 3:51:25 PM,B,W,900.0,HIGH STREET,F,,D,2/3/2018 3:51:58 PM,2/3/2018 3:51:58 PM,,True,2,,,,,,,
654242,9370-2018-00333,1,False,9370,1/25/2018 2:00:00 PM,1400,52,14,109,Oakland,1,True,True,B,SIDE SWIPE,,Thursday,NotApplicable,False,,,False,True,False,Oakland Superior,C,OTHER MOTOR VEHICLE,,0,0,CLOUDY,,NO UNUSUAL CONDITIONS,,A,DAYLIGHT,37.45119,-122.9517,,,,,A,NO PEDESTRIANS INVOLVED,1/25/2018 12:00:00 AM,A,21658(a),False,,I-580 W/B,,,2/3/2018 11:31:38 AM,B,E,700.0,GOLF LINKS ROAD,F,,D,2/3/2018 11:32:11 AM,2/3/2018 11:32:11 AM,,True,2,,,,,,,
654237,9370-2018-00352,1,False,9370,1/25/2018 8:55:00 AM,855,53,14,109,Oakland,1,True,True,C,REAR END,,Thursday,NotApplicable,False,,,False,True,False,Oakland Superior,C,OTHER MOTOR VEHICLE,,0,0,CLOUDY,,NO UNUSUAL CONDITIONS,,On-Duty Emergency VehicleA,DAYLIGHT,37.7987,-122.21794,,,,,A,NO PEDESTRIANS INVOLVED,1/25/2018 12:00:00 AM,A,22350,False,1,I-580 W/B,,,2/3/2018 11:25:51 AM,B,W,230.0,Fruitvale Ave,F,,D,2/3/2018 11:26:28 AM,2/3/2018 11:26:28 AM,,True,2,,,,,,,
654235,9370-2018-00430,1,False,9370,2/2/2018 4:00:00 PM,1600,176,14,109,Oakland,1,True,True,E,HIT OBJECT,,Friday,NotApplicable,False,,,False,True,False,Oakland Superior,J,OTHER OBJECT,METAL DEBRIS,0,0,CLEAR,,NO UNUSUAL CONDITIONS,,A,DAYLIGHT,37.761088,-122.214493,,,,,A,NO PEDESTRIANS INVOLVED,2/2/2018 12:00:00 AM,C,,,,I-880 S/B,,,2/3/2018 11:16:44 AM,A,N,3100.0,66th Ave,F,,D,2/3/2018 11:17:23 AM,2/3/2018 11:17:23 AM,,True,2,,,,,,,
654225,9370-2018-00426,1,False,9370,2/2/2018 11:10:00 PM,2310,176,14,109,Oakland,1,True,True,B,SIDE SWIPE,,Friday,NotApplicable,False,,,False,True,False,Oakland Superior,C,OTHER MOTOR VEHICLE,,0,0,CLEAR,,NO UNUSUAL CONDITIONS,,C,DARK-STREET LIGHTS,37.44847,-122.11306,,,,,A,NO PEDESTRIANS INVOLVED,2/2/2018 12:00:00 AM,A,21658(a) VC,False,1,I-880 N/B,,,2/3/2018 10:11:40 AM,A,N,1665.0,98TH AVENUE,F,,D,2/3/2018 10:12:10 AM,2/3/2018 10:12:10 AM,,True,2,,,,,,,
654185,9370-2018-00401,1,False,9370,1/31/2018 5:56:00 PM,1756,53,14,109,Oakland,1,True,True,C,REAR END,,Wednesday,NotApplicable,False,,,False,True,False,Oakland Superior,C,OTHER MOTOR VEHICLE,,0,0,CLEAR,,NO UNUSUAL CONDITIONS,,B,DUSK-DAWN,37.79329,-122.20467,,,,,A,NO PEDESTRIANS INVOLVED,1/31/2018 12:00:00 AM,A,22350,False,1,I-580 E/B,,,2/2/2018 7:33:31 PM,A,W,500.0,35th Ave,F,,D,2/2/2018 7:33:59 PM,2/2/2018 7:33:59 PM,,True,2,,,,,,,
654161,9370-2018-00373,1,False,9370,1/29/2018 7:46:00 PM,1946,54,14,109,Oakland,1,True,True,C,REAR END,,Monday,NotApplicable,False,,,False,True,False,Oakland Superior,C,OTHER MOTOR VEHICLE,,0,0,CLEAR,,NO UNUSUAL CONDITIONS,,D,DARK-NO STREET LIGHTS,37.80741,-122.23995,,,,,A,NO PEDESTRIANS INVOLVED,1/29/2018 12:00:00 AM,A,22350,False,1,I-580 E/B,,,2/2/2018 6:33:26 PM,A,E,1000.0,Lake Park Ave,F,,D,2/2/2018 6:33:59 PM,2/2/2018 6:33:59 PM,,True,2,,,,,,,
654160,9370-2018-00376,1,False,9370,1/30/2018 12:00:00 AM,0,55,14,109,Oakland,1,True,True,E,HIT OBJECT,,Tuesday,NotApplicable,False,,,False,True,False,Oakland Superior,J,OTHER OBJECT,Unknown Object,0,0,CLEAR,,NO UNUSUAL CONDITIONS,,D,DARK-NO STREET LIGHTS,37.82886,-122.29312,,,,,A,NO PEDESTRIANS INVOLVED,1/30/2018 12:00:00 AM,C,,,,I-580 W/B TO I-80 E/B,,,2/2/2018 6:31:18 PM,A,W,1000.0,Beach Street,F,,D,2/2/2018 6:31:46 PM,2/2/2018 6:31:46 PM,,True,2,,,,,,,
653861,9370-2018-00262,1,False,9370,1/21/2018 2:10:00 AM,210,25,14,109,Oakland,1,True,True,B,SIDE SWIPE,,Sunday,NotApplicable,False,F,,False,True,False,Oakland Superior,C,OTHER MOTOR VEHICLE,,2,0,CLEAR,,NO UNUSUAL CONDITIONS,,C,DARK-STREET LIGHTS,37.83611,-122.26559,,,,,A,NO PEDESTRIANS INVOLVED,1/21/2018 12:00:00 AM,A,21658(a),False,1,SR-24 E/B,,,2/2/2018 11:35:05 AM,A,E,500.0,Martin Luther King Jr Way,F,,D,2/2/2018 11:35:38 AM,2/2/2018 11:35:38 AM,,True,2,,,,,,,
653842,9335-2018-00219,1,False,9335,1/30/2018 10:00:00 AM,1000,81,14,109,Oakland,1,True,True,B,SIDE SWIPE,,Tuesday,NotApplicable,False,,,False,True,True,Oakland Superior,C,OTHER MOTOR VEHICLE,,0,0,CLEAR,,NO UNUSUAL CONDITIONS,,A,DAYLIGHT,37.820669,-122.340225,,,,,A,NO PEDESTRIANS INVOLVED,1/30/2018 12:00:00 AM,A,22350,False,1,I-80 W/B,,,2/2/2018 11:13:52 AM,A,W,1.45,BAY BRIDGE TOLL PLAZA,M,,D,2/2/2018 11:14:28 AM,2/2/2018 11:14:28 AM,,True,2,,,,,,,
653838,9370-2018-00387,1,False,9370,1/30/2018 8:45:00 PM,2045,178,14,109,Oakland,1,True,True,C,REAR END,,Tuesday,NotApplicable,False,,,False,True,True,Oakland Superior,C,OTHER MOTOR VEHICLE,,0,0,CLEAR,,NO UNUSUAL CONDITIONS,,C,DARK-STREET LIGHTS,37.8186,-122.29484,,,,,A,NO PEDESTRIANS INVOLVED,1/30/2018 12:00:00 AM,A,22350,False,1,I-880 N/B,,,2/2/2018 11:11:46 AM,A,S,550.0,WEST GRAND AVENUE,F,,D,2/2/2018 11:12:20 AM,2/2/2018 11:12:20 AM,,True,2,,,,,,,
653688,9335-2018-00199,1,False,9335,1/28/2018 6:25:00 PM,1825,82,14,109,Oakland,1,True,True,C,REAR END,,Sunday,Yes,False,,,False,True,True,Oakland Superior,C,OTHER MOTOR VEHICLE,,0,0,CLOUDY,,NO UNUSUAL CONDITIONS,,C,DARK-STREET LIGHTS,37.823251,-122.32037,,,,,A,NO PEDESTRIANS INVOLVED,1/28/2018 12:00:00 AM,A,23152(f),False,1,I-80 W/B JWO METERING LIGHTS (SFOBB),,,2/2/2018 9:00:15 AM,A,W,921.0,Metering lights,F,,D,2/2/2018 9:01:00 AM,2/2/2018 9:01:00 AM,,True,2,,,,,,,
653156,9370-2018-00380,1,False,9370,1/30/2018 7:45:00 AM,745,901,14,109,Oakland,1,True,True,B,SIDE SWIPE,,Tuesday,NotApplicable,False,,,False,False,False,Oakland Superior,C,OTHER MOTOR VEHICLE,,0,0,CLEAR,,NO UNUSUAL CONDITIONS,,School Bus CollisionA,DAYLIGHT,37.793393,-122.209335,,,,,A,NO PEDESTRIANS INVOLVED,1/30/2018 12:00:00 AM,A,22107,False,1,School St,,,2/1/2018 12:05:42 PM,A,,,Maple Ave,,,D,2/1/2018 12:09:35 PM,2/1/2018 12:09:35 PM,,,2,,,,,,,
653143,9370-2018-00390,1,False,9370,1/31/2018 8:55:00 AM,855,24,14,109,Oakland,1,True,True,C,REAR END,,Wednesday,NotApplicable,False,,,False,True,True,Oakland Superior,C,OTHER MOTOR VEHICLE,,0,0,CLEAR,,NO UNUSUAL CONDITIONS,,A,DAYLIGHT,37.848885,-122.236129,,,,,A,NO PEDESTRIANS INVOLVED,1/31/2018 12:00:00 AM,A,22350,False,1,SR-24 WESTBOUND,,,2/1/2018 11:59:19 AM,A,W,2200.0,SR-13,F,,D,2/1/2018 11:59:52 AM,2/1/2018 11:59:52 AM,,True,2,,,,,,,
653067,9370-2018-00383,1,False,9370,1/30/2018 6:28:00 PM,1828,13,14,109,Oakland,1,True,True,C,REAR END,,Tuesday,NotApplicable,False,,,False,True,True,Oakland Superior,C,OTHER MOTOR VEHICLE,,1,0,CLEAR,,NO UNUSUAL CONDITIONS,,C,DARK-STREET LIGHTS,37.84013,-122.22363,,,,,A,NO PEDESTRIANS INVOLVED,1/30/2018 12:00:00 AM,A,22350 VC,False,2,SR-13 S/B,,,2/1/2018 10:57:46 AM,A,S,596.0,Broadway Ter,F,,D,2/1/2018 10:58:29 AM,2/1/2018 10:58:29 AM,,True,2,,,,,,,
652702,9370-2018-00392,1,False,9370,1/31/2018 7:50:00 AM,750,52,14,109,Oakland,1,True,True,C,REAR END,,Wednesday,NotApplicable,False,,,False,True,False,Oakland Superior,C,OTHER MOTOR VEHICLE,,0,0,CLEAR,,NO UNUSUAL CONDITIONS,,A,DAYLIGHT,37.779764,-122.171509,,,,,A,NO PEDESTRIANS INVOLVED,1/31/2018 12:00:00 AM,A,22350,False,1,I-580 E/B,,,2/1/2018 6:10:22 AM,A,W,2600.0,Edwards Ave,F,,D,2/1/2018 6:10:58 AM,2/1/2018 6:10:58 AM,,True,2,,,,,,,