collision-id,report-number,report-version,is-preliminary,ncic-code,crash-date-time,crash-time-description,beat,city-id,city-code,city-name,county-code,city-is-active,city-is-incorporated,collision-type-code,collision-type-description,collision-type-other-desc,day-of-week,dispatch-notified,has-photographs,hit-run,is-attachments-mailed,is-deleted,is-highway-related,is-tow-away,judicial-district,motor-vehicle-involved-with-code,motor-vehicle-involved-with-desc,motor-vehicle-involved-with-other-desc,number-injured,number-killed,weather-1,weather-2,road-condition-1,road-condition-2,special-condition-lighting-code,lighting-description,latitude,longitude,milepost-direction,milepost-distance,milepost-marker,milepost-unit-of-measure,pedestrian-action-code,pedestrian-action-desc,prepared-date,primary-collision-factor-code,primary-collision-factor-violation,primary-collision-factor-is-cited,primary-collision-party-number,primary-road,reporting-district,reporting-district-code,reviewed-date,roadway-surface-code,secondary-direction,secondary-distance,secondary-road,secondary-unit-of-measure,sketch-desc,traffic-control-device-code,created-date,modified-date,is-county-road,is-freeway,chp-555-version,is-additonal-object-struck,notification-date,notification-time-description,has-digital-media-files,evidence-number,is-location-refer-to-narrative,is-aoi-one-same-as-location
664136,9370-2018-00666,1,False,9370,2/12/2018 3:29:00 AM,329,54,14,109,Oakland,1,True,True,H,OTHER,Embankment,Monday,NotApplicable,False,M,,False,True,True,Oakland Superior,I,FIXED OBJECT,DIRT AND GRASS EMBANKMENT,0,0,CLEAR,,NO UNUSUAL CONDITIONS,,D,DARK-NO STREET LIGHTS,37.812593,-122.250732,,,,,A,NO PEDESTRIANS INVOLVED,2/12/2018 12:00:00 AM,A,22107 VC,False,1,I-580 E/B,,,2/20/2018 5:56:52 AM,A,W,450.0,VAN BUREN/SANTA CLARA PEDESTRIAN O/C,F,,D,2/20/2018 5:57:26 AM,2/20/2018 5:57:26 AM,,True,2,,,,,,,
664134,9370-2018-00634,2,False,9370,2/15/2018 4:05:00 PM,1605,55,14,109,Oakland,1,True,True,B,SIDE SWIPE,,Thursday,NotApplicable,False,,,False,True,False,Oakland Superior,C,OTHER MOTOR VEHICLE,,0,0,CLEAR,,NO UNUSUAL CONDITIONS,,A,DAYLIGHT,37.822532,-122.261188,,,,,A,NO PEDESTRIANS INVOLVED,2/15/2018 12:00:00 AM,B,UNSAFE MERGE,,1,I-580 E/B,,,4/16/2019 12:13:34 PM,A,W,100.0,Broadway,F,,D,2/20/2018 5:43:26 AM,4/16/2019 12:13:38 PM,,True,2,,,,,,,
663995,9370-2018-00636,1,False,9370,2/15/2018 5:10:00 PM,1710,98,14,109,Oakland,1,True,True,E,HIT OBJECT,,Thursday,NotApplicable,False,,,False,True,True,Oakland Superior,I,FIXED OBJECT,GUARDRAIL,1,0,CLEAR,,NO UNUSUAL CONDITIONS,,A,DAYLIGHT,37.81136,-122.27476,,,,,A,NO PEDESTRIANS INVOLVED,2/15/2018 12:00:00 AM,A,22107,False,1,I-980 W/B,,,2/19/2018 12:23:38 PM,A,E,100.0,18th St,F,,D,2/19/2018 12:24:27 PM,2/19/2018 12:24:27 PM,,True,2,,,,,,,
663937,9370-2018-00596,1,False,9370,2/13/2018 4:05:00 PM,1605,177,14,109,Oakland,1,True,True,B,SIDE SWIPE,,Tuesday,NotApplicable,False,,,False,True,False,Oakland Superior,C,OTHER MOTOR VEHICLE,,3,0,CLEAR,,NO UNUSUAL CONDITIONS,,A,DAYLIGHT,37.7858,-122.2444,,,,,A,NO PEDESTRIANS INVOLVED,2/13/2018 12:00:00 AM,A,21658(a),False,1,I-880 N/B,,,2/19/2018 10:33:31 AM,A,S,145.0,16th Ave,F,,D,2/19/2018 10:34:04 AM,2/19/2018 10:34:04 AM,,True,2,,,,,,,
663933,9370-2018-00517,1,False,9370,2/8/2018 9:55:00 PM,2155,24,14,109,Oakland,1,True,True,C,REAR END,,Thursday,Yes,False,F,,False,True,True,Oakland Superior,C,OTHER MOTOR VEHICLE,,2,0,CLEAR,,NO UNUSUAL CONDITIONS,,D,DARK-NO STREET LIGHTS,37.829347,-122.267562,,,,,A,NO PEDESTRIANS INVOLVED,2/8/2018 12:00:00 AM,A,22350,False,2,SR-24 W/B to I-580,,,2/19/2018 10:31:06 AM,A,E,830.0,W. MacArthur Blvd,F,,D,2/19/2018 10:31:56 AM,2/19/2018 10:31:56 AM,,True,2,,,,,,,
663906,9370-2018-00587,1,False,9370,2/12/2018 7:45:00 AM,745,52,14,109,Oakland,1,True,True,F,OVERTURNED,,Monday,Yes,False,,,False,True,True,Oakland Superior,A,NON-COLLISION,,1,0,CLEAR,,NO UNUSUAL CONDITIONS,,A,DAYLIGHT,37.465736,-122.103213,,,,,A,NO PEDESTRIANS INVOLVED,2/12/2018 12:00:00 AM,A,22107,False,1,I-580 W/B TO SR-13 N/B,,,2/19/2018 9:48:53 AM,A,W,3800.0,EDWARDS AVENUE,F,,D,2/19/2018 9:49:46 AM,2/19/2018 9:49:46 AM,,True,2,,,,,,,
663890,9370-2018-00530,1,False,9370,2/9/2018 11:35:00 AM,1135,177,14,109,Oakland,1,True,True,B,SIDE SWIPE,,Friday,NotApplicable,False,,,False,True,True,Oakland Superior,C,OTHER MOTOR VEHICLE,,1,0,CLEAR,,NO UNUSUAL CONDITIONS,,A,DAYLIGHT,37.79303,-122.26366,,,,,A,NO PEDESTRIANS INVOLVED,2/9/2018 12:00:00 AM,B,Unsafe Merge,,1,I-880 S/B,,,2/19/2018 9:26:16 AM,A,S,710.0,Oak St,F,,D,2/19/2018 9:28:50 AM,2/19/2018 9:28:50 AM,,True,2,,,,,,,
663842,9370-2018-00573,1,False,9370,2/12/2018 5:45:00 AM,545,52,14,109,Oakland,1,True,True,D,BROADSIDE,,Monday,NotApplicable,False,M,,False,True,True,Oakland Superior,C,OTHER MOTOR VEHICLE,,0,0,CLEAR,,NO UNUSUAL CONDITIONS,,D,DARK-NO STREET LIGHTS,37.47274,-122.104742,,,,,A,NO PEDESTRIANS INVOLVED,2/12/2018 12:00:00 AM,A,22350,False,1,I-580 W/B,,,2/19/2018 7:44:52 AM,A,W,380.0,SR-13 S/B,F,,D,2/19/2018 7:45:28 AM,2/19/2018 7:45:28 AM,,True,2,,,,,,,
663815,9370-2018-00529,1,False,9370,2/9/2018 3:13:00 PM,1513,52,14,109,Oakland,1,True,True,E,HIT OBJECT,,Friday,NotApplicable,False,,,False,True,False,Oakland Superior,I,FIXED OBJECT,Traffic signal,0,0,CLEAR,,NO UNUSUAL CONDITIONS,,A,DAYLIGHT,37.753336,-122.150897,,,,,A,NO PEDESTRIANS INVOLVED,2/9/2018 12:00:00 AM,A,22107,False,1,I-580 W/B to Golf Links Road,,,2/19/2018 6:16:52 AM,A,E,5.0,Golf Links Rd,F,,D,2/19/2018 6:17:28 AM,2/19/2018 6:17:28 AM,,True,2,,,,,,,
663810,9370-2018-00561,1,False,9370,2/11/2018 2:13:00 PM,1413,176,14,109,Oakland,1,True,True,E,HIT OBJECT,,Sunday,NotApplicable,False,M,,False,True,True,Oakland Superior,I,FIXED OBJECT,Tree,0,0,CLEAR,,NO UNUSUAL CONDITIONS,,A,DAYLIGHT,37.754667,-122.207962,,,,,A,NO PEDESTRIANS INVOLVED,2/11/2018 12:00:00 AM,A,22107,False,1,I-880 N/B,,,2/19/2018 6:03:56 AM,A,N,205.0,66th Ave,F,,D,2/19/2018 6:04:27 AM,2/19/2018 6:04:27 AM,,True,2,,,,,,,
663802,9370-2018-00500,1,False,9370,2/8/2018 6:00:00 AM,600,8,14,109,Oakland,1,True,True,B,SIDE SWIPE,,Thursday,NotApplicable,False,M,,False,True,False,Oakland Superior,C,OTHER MOTOR VEHICLE,,0,0,CLEAR,,NO UNUSUAL CONDITIONS,,B,DUSK-DAWN,37.493094,-122.184687,,,,,A,NO PEDESTRIANS INVOLVED,2/8/2018 12:00:00 AM,A,21658(a),False,1,I-80 W/B,,,2/19/2018 5:20:22 AM,A,E,220.0,TOLL PLAZA,F,FOR SKETCH DIAGRAM SEE PAGE 3,D,2/19/2018 5:20:53 AM,2/19/2018 5:20:53 AM,,True,2,,,,,,,
663710,9370-2018-00584,1,False,9370,2/9/2018 8:11:00 PM,2011,53,14,109,Oakland,1,True,True,B,SIDE SWIPE,,Friday,NotApplicable,False,,,False,True,False,Oakland Superior,C,OTHER MOTOR VEHICLE,,0,0,CLEAR,CLOUDY,NO UNUSUAL CONDITIONS,,C,DARK-STREET LIGHTS,37.734817,-122.140037,,,,,A,NO PEDESTRIANS INVOLVED,2/9/2018 12:00:00 AM,A,21658(a),False,,I-580 E/B,,,2/18/2018 11:24:00 AM,A,W,100.0,Dutton Ave,F,,D,2/18/2018 11:24:29 AM,2/18/2018 11:24:29 AM,,True,2,,,,,,,
663696,9370-2018-00509,1,False,9370,2/8/2018 9:59:00 AM,959,176,14,109,Oakland,1,True,True,B,SIDE SWIPE,,Thursday,NotApplicable,False,,,False,True,False,Oakland Superior,C,OTHER MOTOR VEHICLE,,0,0,CLEAR,,NO UNUSUAL CONDITIONS,,A,DAYLIGHT,37.4628,-122.13558,,,,,A,NO PEDESTRIANS INVOLVED,2/8/2018 12:00:00 AM,A,21658(a),False,2,I-880 S/B,,,2/18/2018 10:26:03 AM,A,N,820.0,DEL MONTE STREET,F,,D,2/18/2018 10:26:31 AM,2/18/2018 10:26:31 AM,,True,2,,,,,,,
663670,9370-2018-00329,1,False,9370,1/25/2018 7:15:00 PM,1915,176,14,109,Oakland,1,True,True,C,REAR END,,Thursday,Yes,False,,,False,True,False,Oakland Superior,C,OTHER MOTOR VEHICLE,,0,0,CLOUDY,,NO UNUSUAL CONDITIONS,,D,DARK-NO STREET LIGHTS,37.7659,-122.21819,,,,,A,NO PEDESTRIANS INVOLVED,1/25/2018 12:00:00 AM,A,22350,False,1,I-880 N/B TO HIGH STREET,,,2/18/2018 6:56:51 AM,B,S,980.0,High St,F,,D,2/18/2018 6:57:28 AM,2/18/2018 6:57:28 AM,,True,2,,,,,,,
663669,9370-2018-00563,1,False,9370,2/11/2018 8:20:00 PM,2020,55,14,109,Oakland,1,True,True,B,SIDE SWIPE,,Sunday,NotApplicable,False,,,False,True,True,Oakland Superior,C,OTHER MOTOR VEHICLE,,0,0,CLEAR,,NO UNUSUAL CONDITIONS,,C,DARK-STREET LIGHTS,37.493692,-122.17796,,,,,A,NO PEDESTRIANS INVOLVED,2/11/2018 12:00:00 AM,A,21658(a) VC,False,1,I-580 eastbound to San Pablo Avenue,,,2/18/2018 6:50:55 AM,A,W,275.0,Hollis Street,F,,D,2/18/2018 6:52:11 AM,2/18/2018 6:52:11 AM,,True,2,,,,,,,
663661,9370-2018-00525,1,False,9370,2/9/2018 3:39:00 PM,1539,8,14,109,Oakland,1,True,True,B,SIDE SWIPE,,Friday,NotApplicable,False,,,False,True,True,Oakland Superior,C,OTHER MOTOR VEHICLE,,0,0,CLEAR,,NO UNUSUAL CONDITIONS,,A,DAYLIGHT,37.49293,-122.18473,,,,,A,NO PEDESTRIANS INVOLVED,2/9/2018 12:00:00 AM,A,21658(a),False,2,I-80 W/B,,,2/18/2018 6:12:29 AM,A,E,180.0,SFOBB TOLL PLAZA,F,,D,2/18/2018 6:12:57 AM,2/18/2018 6:12:57 AM,,True,2,,,,,,,
663659,9370-2018-00534,1,False,9370,2/9/2018 6:07:00 PM,1807,53,14,109,Oakland,1,True,True,C,REAR END,,Friday,NotApplicable,False,,,False,True,False,Oakland Superior,C,OTHER MOTOR VEHICLE,,0,0,CLEAR,,NO UNUSUAL CONDITIONS,,D,DARK-NO STREET LIGHTS,37.47267,-122.12812,,,,,A,NO PEDESTRIANS INVOLVED,2/9/2018 12:00:00 AM,A,22350,False,1,I-580 E/B,,,2/18/2018 5:39:09 AM,A,E,600.0,35th Ave,F,,D,2/18/2018 5:40:28 AM,2/18/2018 5:40:28 AM,,True,2,,,,,,,
663657,9370-2018-00562,1,False,9370,2/10/2018 6:52:00 PM,1852,8,14,109,Oakland,1,True,True,C,REAR END,,Saturday,Yes,False,,,False,True,True,Oakland Superior,C,OTHER MOTOR VEHICLE,,1,0,CLEAR,,NO UNUSUAL CONDITIONS,,C,DARK-STREET LIGHTS,37.827297,-122.297098,,,,,A,NO PEDESTRIANS INVOLVED,2/10/2018 12:00:00 AM,A,22350,False,3,I-80 W/B,,,2/18/2018 5:19:59 AM,A,E,3680.0,W GRAND AVE O/C,F,,D,2/18/2018 5:20:39 AM,2/18/2018 5:20:39 AM,,True,2,,,,,,,
663656,9370-2018-00565,1,False,9370,2/8/2018 7:45:00 PM,1945,177,14,109,Oakland,1,True,True,B,SIDE SWIPE,,Thursday,NotApplicable,False,,,False,True,False,Oakland Superior,C,OTHER MOTOR VEHICLE,,0,0,CLEAR,,NO UNUSUAL CONDITIONS,,D,DARK-NO STREET LIGHTS,37.79591,-122.26773,,,,,A,NO PEDESTRIANS INVOLVED,2/8/2018 12:00:00 AM,A,22107,False,1,i-880 N/B TO BROADWAY,,,2/18/2018 5:16:29 AM,A,S,2220.0,Broadway,F,,D,2/18/2018 5:16:57 AM,2/18/2018 5:16:57 AM,,True,2,,,,,,,
663639,9370-2018-00451,1,False,9370,1/28/2018 12:19:00 PM,1219,177,14,109,Oakland,1,True,True,B,SIDE SWIPE,,Sunday,NotApplicable,True,M,,False,True,False,Oakland Superior,C,OTHER MOTOR VEHICLE,,0,0,CLEAR,,NO UNUSUAL CONDITIONS,,A,DAYLIGHT,37.785647,-122.244008,,,,,A,NO PEDESTRIANS INVOLVED,1/28/2018 12:00:00 AM,A,21658(a),False,1,I-880 N/B,,,2/17/2018 5:58:32 PM,A,S,200.0,16th Ave,F,,D,2/17/2018 5:59:20 PM,2/17/2018 5:59:20 PM,,True,2,,,,,,,
663625,9370-2018-00454,1,False,9370,2/4/2018 7:39:00 AM,739,8,14,109,Oakland,1,True,True,A,HEAD-ON,,Sunday,Yes,False,,,False,True,True,Oakland Superior,C,OTHER MOTOR VEHICLE,,0,0,CLEAR,,NO UNUSUAL CONDITIONS,,A,DAYLIGHT,37.49359,-122.17555,,,,,A,NO PEDESTRIANS INVOLVED,2/4/2018 12:00:00 AM,A,23152(f),True,1,I-80 W/B,,,2/17/2018 3:36:32 PM,A,E,2000.0,W. GRAND AVENUE,F,,D,2/17/2018 3:37:14 PM,2/17/2018 3:37:14 PM,,True,2,,,,,,,
663623,9370-2018-00456,2,False,9370,2/4/2018 10:35:00 AM,1035,52,14,109,Oakland,1,True,True,B,SIDE SWIPE,,Sunday,NotApplicable,False,M,,False,True,False,Oakland Superior,C,OTHER MOTOR VEHICLE,,0,0,CLEAR,,NO UNUSUAL CONDITIONS,,A,DAYLIGHT,37.788104,-122.198681,,,,,A,NO PEDESTRIANS INVOLVED,2/4/2018 12:00:00 AM,A,21658(a),False,1,I-580 E/B,,,4/10/2018 3:39:04 AM,A,E,650.0,38TH AVE,F,,D,2/17/2018 3:30:03 PM,4/10/2018 3:39:15 AM,,True,2,,,,,,,
663610,9370-2018-00647,1,False,9370,2/16/2018 7:50:00 AM,750,52,14,109,Oakland,1,True,True,C,REAR END,,Friday,NotApplicable,False,,,False,True,False,Oakland Superior,C,OTHER MOTOR VEHICLE,,0,0,CLEAR,,NO UNUSUAL CONDITIONS,,A,DAYLIGHT,37.464271,-122.10752,,,,,A,NO PEDESTRIANS INVOLVED,2/16/2018 12:00:00 AM,A,22350,False,1,I-580 W/B,,,2/17/2018 2:24:14 PM,A,W,1400.0,EDWARDS AVENUE,F,,D,2/17/2018 2:25:08 PM,2/17/2018 2:25:08 PM,,True,2,,,,,,,
663587,9370-2018-00552,1,False,9370,2/9/2018 3:55:00 PM,1555,176,14,109,Oakland,1,True,True,C,REAR END,,Friday,Yes,False,M,,False,True,False,Oakland Superior,C,OTHER MOTOR VEHICLE,,0,0,CLEAR,,NO UNUSUAL CONDITIONS,,A,DAYLIGHT,37.452282,-122.123723,,,,,A,NO PEDESTRIANS INVOLVED,2/9/2018 12:00:00 AM,A,22350,False,2,I-880 S/B,,,2/17/2018 12:56:29 PM,A,N,2635.0,66th Ave,F,,D,2/17/2018 12:57:39 PM,2/17/2018 12:57:39 PM,,True,2,,,,,,,
663586,9370-2018-00548,1,False,9370,2/10/2018 9:45:00 AM,945,55,14,109,Oakland,1,True,True,C,REAR END,,Saturday,NotApplicable,False,M,,False,True,False,Oakland Superior,C,OTHER MOTOR VEHICLE,,0,0,CLEAR,,NO UNUSUAL CONDITIONS,,A,DAYLIGHT,37.823585,-122.264716,,,,,A,NO PEDESTRIANS INVOLVED,2/10/2018 12:00:00 AM,A,21658(a),False,1,I-580 W/B,,,2/17/2018 12:51:42 PM,A,E,300.0,Telegraph Ave,F,,D,2/17/2018 12:52:28 PM,2/17/2018 12:52:28 PM,,True,2,,,,,,,
663568,9370-2018-00553,1,False,9370,2/9/2018 2:30:00 PM,1430,24,14,109,Oakland,1,True,True,C,REAR END,,Friday,NotApplicable,False,,,False,True,False,Oakland Superior,C,OTHER MOTOR VEHICLE,,0,0,CLEAR,,NO UNUSUAL CONDITIONS,,A,DAYLIGHT,37.854091,-122.220357,,,,,A,NO PEDESTRIANS INVOLVED,2/10/2018 12:00:00 AM,A,22350,False,1,SR-24 E/B,,,2/17/2018 12:02:36 PM,A,E,1550.0,KAY ST,F,,D,2/17/2018 12:04:43 PM,2/17/2018 12:04:43 PM,,True,2,,,,,,,
663541,9370-2018-00550,1,False,9370,2/10/2018 3:55:00 PM,1555,24,14,109,Oakland,1,True,True,C,REAR END,,Saturday,NotApplicable,False,,,False,True,False,Oakland Superior,C,OTHER MOTOR VEHICLE,,0,0,CLEAR,,NO UNUSUAL CONDITIONS,,C,DARK-STREET LIGHTS,37.85675,-122.214452,,,,,A,NO PEDESTRIANS INVOLVED,2/10/2018 12:00:00 AM,A,22350,False,1,SR-24 E/B,,,2/17/2018 9:57:24 AM,A,W,2100.0,FISH RANCH RD.,F,SEE SKETCH ON PAGE 3,D,2/17/2018 9:58:34 AM,2/17/2018 9:58:34 AM,,True,2,,,,,,,
663539,9370-2018-00508,1,False,9370,2/8/2018 11:25:00 AM,1125,8,14,109,Oakland,1,True,True,B,SIDE SWIPE,,Thursday,NotApplicable,False,,,False,True,False,Oakland Superior,C,OTHER MOTOR VEHICLE,,0,0,CLEAR,,NO UNUSUAL CONDITIONS,,A,DAYLIGHT,37.493146,-122.183756,,,,,A,NO PEDESTRIANS INVOLVED,2/8/2018 12:00:00 AM,A,21658(a),False,,I-80 W/B,,,2/17/2018 9:53:52 AM,A,E,967.0,SFOBB TOLL PLAZA,F,FOR SKETCH DIAGRAM SEE PAGE 3,D,2/17/2018 9:54:29 AM,2/17/2018 9:54:29 AM,,True,2,,,,,,,
663500,9370-2018-00507,1,False,9370,2/8/2018 8:05:00 AM,805,98,14,109,Oakland,1,True,True,C,REAR END,,Thursday,Yes,False,M,,False,True,False,Oakland Superior,C,OTHER MOTOR VEHICLE,,0,0,CLEAR,,NO UNUSUAL CONDITIONS,,A,DAYLIGHT,37.49322,-122.16554,,,,,A,NO PEDESTRIANS INVOLVED,2/8/2018 12:00:00 AM,A,21658(a),False,1,SR-24 W/B,,,2/17/2018 6:01:58 AM,A,E,386.0,I-580 W/B,F,,D,2/17/2018 6:03:00 AM,2/17/2018 6:03:00 AM,,True,2,,,,,,,
663498,9370-2018-00556,1,False,9370,2/11/2018 9:30:00 AM,930,52,14,109,Oakland,1,True,True,B,SIDE SWIPE,,Sunday,NotApplicable,False,M,,False,True,True,Oakland Superior,C,OTHER MOTOR VEHICLE,,0,0,CLOUDY,,NO UNUSUAL CONDITIONS,,A,DAYLIGHT,37.465525,-122.104157,,,,,A,NO PEDESTRIANS INVOLVED,2/11/2018 12:00:00 AM,A,21658(a),False,1,I-580 W/B,,,2/17/2018 5:38:43 AM,A,W,1000.0,KUHNLE AVENUE,F,,D,2/17/2018 5:39:16 AM,2/17/2018 5:39:16 AM,,True,2,,,,,,,
663257,9370-2018-00511,1,False,9370,2/8/2018 10:10:00 AM,1010,54,14,109,Oakland,1,True,True,C,REAR END,,Thursday,NotApplicable,False,,,False,True,False,Oakland Superior,C,OTHER MOTOR VEHICLE,,1,0,CLEAR,,NO UNUSUAL CONDITIONS,,A,DAYLIGHT,37.805536,-122.234944,,,,,A,NO PEDESTRIANS INVOLVED,2/8/2018 12:00:00 AM,A,22350,False,1,I-580 W/B FROM PARK BLVD,,,2/16/2018 1:01:21 PM,A,W,615.0,Park Blvd,F,,D,2/16/2018 1:01:54 PM,2/16/2018 1:01:54 PM,,True,2,,,,,,,
663252,9370-2018-00510,1,False,9370,2/8/2018 5:25:00 PM,1725,53,14,109,Oakland,1,True,True,C,REAR END,,Thursday,Yes,False,,,False,True,True,Oakland Superior,C,OTHER MOTOR VEHICLE,,1,0,CLEAR,,NO UNUSUAL CONDITIONS,,C,DARK-STREET LIGHTS,37.798583,-122.218696,,,,,A,NO PEDESTRIANS INVOLVED,2/8/2018 12:00:00 AM,A,22350,False,1,I-580 E/B,,,2/16/2018 12:55:42 PM,A,W,460.0,Fruitvale Ave,F,,D,2/16/2018 12:56:32 PM,2/16/2018 12:56:32 PM,,True,2,,,,,,,
663027,9370-2018-00518,1,False,9370,2/8/2018 4:10:00 PM,1610,52,14,109,Oakland,1,True,True,B,SIDE SWIPE,,Thursday,NotApplicable,False,,,False,True,False,Oakland Superior,C,OTHER MOTOR VEHICLE,,0,0,CLEAR,,NO UNUSUAL CONDITIONS,,A,DAYLIGHT,37.780444,-122.172764,,,,,A,NO PEDESTRIANS INVOLVED,2/8/2018 12:00:00 AM,A,21658(a),False,1,I-580 E/B,,,2/16/2018 9:44:31 AM,A,E,160.0,Kuhnle Ave,F,,D,2/16/2018 9:44:59 AM,2/16/2018 9:44:59 AM,,True,2,,,,,,,
662828,9370-2018-00591,1,False,9370,2/13/2018 9:08:00 AM,908,177,14,109,Oakland,1,True,True,B,SIDE SWIPE,,Tuesday,NotApplicable,False,M,,False,True,False,Oakland Superior,C,OTHER MOTOR VEHICLE,,0,0,CLEAR,,NO UNUSUAL CONDITIONS,,A,DAYLIGHT,37.475681,-122.163371,,,,,A,NO PEDESTRIANS INVOLVED,2/13/2018 12:00:00 AM,A,21658(a),False,1,I-880 N/B,,,2/16/2018 7:03:16 AM,A,S,20.0,Washington St,F,,D,2/16/2018 7:03:50 AM,2/16/2018 7:03:50 AM,,True,2,,,,,,,
662818,9370-2018-00619,1,False,9370,2/14/2018 8:10:00 AM,810,52,14,109,Oakland,1,True,True,C,REAR END,,Wednesday,NotApplicable,False,,,False,True,False,Oakland Superior,C,OTHER MOTOR VEHICLE,,0,0,CLEAR,,NO UNUSUAL CONDITIONS,,A,DAYLIGHT,37.785063,-122.191028,,,,,A,NO PEDESTRIANS INVOLVED,2/14/2018 12:00:00 AM,A,22350,False,1,I-580 W/B,,,2/16/2018 6:44:15 AM,A,W,775.0,High Street,F,,D,2/16/2018 6:44:52 AM,2/16/2018 6:44:52 AM,,True,2,,,,,,,
662530,9370-2018-00581,1,False,9370,2/12/2018 11:34:00 AM,1134,98,14,109,Oakland,1,True,True,E,HIT OBJECT,,Monday,NotApplicable,False,,,False,True,True,Oakland Superior,I,FIXED OBJECT,CONCRETE BARRIER,0,0,CLEAR,,NO UNUSUAL CONDITIONS,,A,DAYLIGHT,37.800708,-122.279361,,,,,A,NO PEDESTRIANS INVOLVED,2/12/2018 12:00:00 AM,A,22107,False,1,I-980 E/B,,,2/15/2018 2:03:47 PM,A,W,670.0,7th St,F,,D,2/15/2018 2:04:48 PM,2/15/2018 2:04:48 PM,,True,2,,,,,,,
662513,9370-2018-00598,1,False,9370,2/14/2018 12:20:00 AM,20,24,14,109,Oakland,1,True,True,E,HIT OBJECT,,Wednesday,Yes,False,,,False,True,True,Oakland Superior,I,FIXED OBJECT,CENTER BARRIER WALL,1,0,CLEAR,,NO UNUSUAL CONDITIONS,,C,DARK-STREET LIGHTS,37.849806,-122.238344,,,,,A,NO PEDESTRIANS INVOLVED,2/14/2018 12:00:00 AM,A,23152(a),True,1,SR-24 E/B,,,2/15/2018 1:50:27 PM,A,E,426.0,Golden Gate Ave,F,,D,2/15/2018 1:51:18 PM,2/15/2018 1:51:18 PM,,True,2,,,,,,,
662363,9370-2018-00586,1,False,9370,2/13/2018 2:55:00 AM,255,177,14,109,Oakland,1,True,True,E,HIT OBJECT,,Tuesday,NotApplicable,False,,,False,True,True,Oakland Superior,I,FIXED OBJECT,CONCRETE BARRIER WALL,0,0,CLEAR,,NO UNUSUAL CONDITIONS,,C,DARK-STREET LIGHTS,37.774212,-122.230763,,,,,A,NO PEDESTRIANS INVOLVED,2/13/2018 12:00:00 AM,A,22107,False,1,I-880 N/B,,,2/15/2018 11:50:17 AM,A,S,800.0,29th Ave,F,,D,2/15/2018 11:50:53 AM,2/15/2018 11:50:53 AM,,True,2,,,,,,,
662332,9370-2018-00594,1,False,9370,2/13/2018 2:05:00 PM,1405,24,14,109,Oakland,1,True,True,B,SIDE SWIPE,,Tuesday,NotApplicable,False,,,False,True,False,Oakland Superior,C,OTHER MOTOR VEHICLE,,0,0,CLEAR,,NO UNUSUAL CONDITIONS,,A,DAYLIGHT,37.5105,-122.13234,,,,,A,NO PEDESTRIANS INVOLVED,2/13/2018 12:00:00 AM,A,21658(a),False,,SR-24 E/B,,,2/15/2018 11:30:46 AM,A,W,180.0,KAY AVE.,F,,D,2/15/2018 11:31:24 AM,2/15/2018 11:31:24 AM,,True,2,,,,,,,
662122,9370-2018-00577,1,False,9370,2/12/2018 4:00:00 PM,1600,901,14,109,Oakland,1,True,True,B,SIDE SWIPE,,Monday,NotApplicable,False,,,False,False,False,Oakland Superior,E,PARKED MOTOR VEHICLE,,0,0,CLEAR,,NO UNUSUAL CONDITIONS,,A,DAYLIGHT,37.783014,-122.235555,,,,,A,NO PEDESTRIANS INVOLVED,2/12/2018 12:00:00 AM,A,22107,False,1,International Boulevard E/B(2300 Block),,,2/15/2018 9:09:25 AM,A,E,100.0,23rd Ave,F,,D,2/15/2018 9:18:21 AM,2/15/2018 9:18:21 AM,,,2,,,,,,,
661931,9370-2018-00555,1,False,9370,2/11/2018 12:20:00 PM,1220,54,14,109,Oakland,1,True,True,C,REAR END,,Sunday,NotApplicable,False,M,,False,True,False,Oakland Superior,C,OTHER MOTOR VEHICLE,,0,0,CLOUDY,,NO UNUSUAL CONDITIONS,,A,DAYLIGHT,37.491219,-122.151906,,,,,A,NO PEDESTRIANS INVOLVED,2/11/2018 12:00:00 AM,A,22350,False,1,I-580 W/B,,,2/15/2018 7:11:16 AM,A,W,300.0,HARRISON STREET,F,,D,2/15/2018 7:11:50 AM,2/15/2018 7:11:50 AM,,True,2,,,,,,,
661890,9370-2018-00567,1,False,9370,2/12/2018 8:35:00 AM,835,25,14,109,Oakland,1,True,True,C,REAR END,,Monday,NotApplicable,False,,,False,True,True,Oakland Superior,C,OTHER MOTOR VEHICLE,,0,0,CLEAR,,NO UNUSUAL CONDITIONS,,A,DAYLIGHT,37.821931,-122.26938,,,,,A,NO PEDESTRIANS INVOLVED,2/12/2018 12:00:00 AM,A,22350,False,2,SR-24 W/B,,,2/15/2018 6:34:25 AM,A,W,760.0,34TH STREET,F,,D,2/15/2018 6:34:58 AM,2/15/2018 6:34:58 AM,,True,2,,,,,,,