collision-id,report-number,report-version,is-preliminary,ncic-code,crash-date-time,crash-time-description,beat,city-id,city-code,city-name,county-code,city-is-active,city-is-incorporated,collision-type-code,collision-type-description,collision-type-other-desc,day-of-week,dispatch-notified,has-photographs,hit-run,is-attachments-mailed,is-deleted,is-highway-related,is-tow-away,judicial-district,motor-vehicle-involved-with-code,motor-vehicle-involved-with-desc,motor-vehicle-involved-with-other-desc,number-injured,number-killed,weather-1,weather-2,road-condition-1,road-condition-2,special-condition-lighting-code,lighting-description,latitude,longitude,milepost-direction,milepost-distance,milepost-marker,milepost-unit-of-measure,pedestrian-action-code,pedestrian-action-desc,prepared-date,primary-collision-factor-code,primary-collision-factor-violation,primary-collision-factor-is-cited,primary-collision-party-number,primary-road,reporting-district,reporting-district-code,reviewed-date,roadway-surface-code,secondary-direction,secondary-distance,secondary-road,secondary-unit-of-measure,sketch-desc,traffic-control-device-code,created-date,modified-date,is-county-road,is-freeway,chp-555-version,is-additonal-object-struck,notification-date,notification-time-description,has-digital-media-files,evidence-number,is-location-refer-to-narrative,is-aoi-one-same-as-location
676172,9370-2018-00866,1,False,9370,3/3/2018 10:25:00 AM,1025,178,14,109,Oakland,1,True,True,E,HIT OBJECT,,Saturday,NotApplicable,False,,,False,True,False,Oakland Superior,J,OTHER OBJECT,GARBAGE CAN,0,0,CLOUDY,,NO UNUSUAL CONDITIONS,,A,DAYLIGHT,37.8024,-122.284591,,,,,A,NO PEDESTRIANS INVOLVED,3/3/2018 12:00:00 AM,C,,,,I-880 N/B,,,3/6/2018 2:13:37 PM,B,N,400.0,Market St,F,,D,3/6/2018 2:14:06 PM,3/6/2018 2:14:06 PM,,True,2,,,,,,,
676165,9370-2018-00899,1,False,9370,3/5/2018 4:20:00 PM,1620,177,14,109,Oakland,1,True,True,C,REAR END,,Monday,NotApplicable,False,,,False,True,False,Oakland Superior,C,OTHER MOTOR VEHICLE,,0,0,CLEAR,,NO UNUSUAL CONDITIONS,,A,DAYLIGHT,37.799147,-122.27684,,,,,A,NO PEDESTRIANS INVOLVED,3/5/2018 12:00:00 AM,D,,,,I-880 S/B,,,3/6/2018 2:10:47 PM,A,N,50.0,WASHINGTON ST.,F,,A,3/6/2018 2:11:21 PM,3/6/2018 2:11:21 PM,,True,2,,,,,,,
675981,9370-2018-00809,1,False,9370,2/28/2018 3:17:00 PM,1517,176,14,109,Oakland,1,True,True,C,REAR END,,Wednesday,NotApplicable,False,M,,False,True,True,Oakland Superior,C,OTHER MOTOR VEHICLE,,2,0,CLEAR,,NO UNUSUAL CONDITIONS,,A,DAYLIGHT,37.728398,-122.185511,,,,,A,NO PEDESTRIANS INVOLVED,2/28/2018 12:00:00 AM,A,22350,False,1,I-880 N/B,,,3/6/2018 12:14:36 PM,A,S,1425.0,98TH AVE.,F,,C,3/6/2018 12:16:29 PM,3/6/2018 12:16:29 PM,,True,2,,,,,,,
675778,9370-2018-00820,1,False,9370,3/1/2018 4:40:00 AM,440,55,14,109,Oakland,1,True,True,E,HIT OBJECT,,Thursday,NotApplicable,False,,,False,True,True,Oakland Superior,I,FIXED OBJECT,3 ft. Concrete Jersey Wal,0,0,SNOWING,,NO UNUSUAL CONDITIONS,,D,DARK-NO STREET LIGHTS,37.82236,-122.25969,,,,,A,NO PEDESTRIANS INVOLVED,3/1/2018 12:00:00 AM,A,22350,False,1,I-580 W/B,,,3/6/2018 10:26:45 AM,B,W,101.0,Broadway,F,,D,3/6/2018 10:27:18 AM,3/6/2018 10:27:18 AM,,True,2,,,,,,,
675572,9370-2018-00832,1,False,9370,3/1/2018 12:00:00 PM,1200,8,14,109,Oakland,1,True,True,E,HIT OBJECT,,Thursday,NotApplicable,False,,,False,True,True,Oakland Superior,I,FIXED OBJECT,GUARD RAIL,0,0,CLOUDY,,NO UNUSUAL CONDITIONS,,A,DAYLIGHT,37.828801,-122.293923,,,,,A,NO PEDESTRIANS INVOLVED,3/1/2018 12:00:00 AM,A,22107,False,1,I-80 E/B,,,3/6/2018 8:41:36 AM,B,E,4300.0,WEST GRAND AVE,F,,D,3/6/2018 8:42:07 AM,3/6/2018 8:42:07 AM,,True,2,,,,,,,
675537,9370-2018-00806,1,False,9370,2/28/2018 9:30:00 AM,930,177,14,109,Oakland,1,True,True,B,SIDE SWIPE,,Wednesday,NotApplicable,False,,,False,True,False,Oakland Superior,C,OTHER MOTOR VEHICLE,,0,0,CLOUDY,,NO UNUSUAL CONDITIONS,,A,DAYLIGHT,37.781998,-122.239165,,,,,A,NO PEDESTRIANS INVOLVED,2/28/2018 12:00:00 AM,A,21658(a),False,1,I-880 S/B,,,3/6/2018 8:18:16 AM,A,N,600.0,23rd Ave,F,,D,3/6/2018 8:18:51 AM,3/6/2018 8:18:51 AM,,True,2,,,,,,,
675481,9370-2018-00834,1,False,9370,2/26/2018 7:12:00 PM,1912,178,14,109,Oakland,1,True,True,E,HIT OBJECT,,Monday,NotApplicable,False,M,,False,True,True,Oakland Superior,I,FIXED OBJECT,GUARD RAIL,0,0,CLOUDY,,NO UNUSUAL CONDITIONS,,C,DARK-STREET LIGHTS,37.81281,-122.302594,,,,,A,NO PEDESTRIANS INVOLVED,3/1/2018 12:00:00 AM,A,22350,False,1,I-880 N/B,,,3/6/2018 7:43:07 AM,A,S,2000.0,WEST GRAND AVE,F,,D,3/6/2018 7:44:02 AM,3/6/2018 7:44:02 AM,,True,2,,,,,,,
675444,9370-2018-00754,1,False,9370,2/25/2018 12:45:00 PM,1245,176,14,109,Oakland,1,True,True,C,REAR END,,Sunday,NotApplicable,False,,,False,True,False,Oakland Superior,C,OTHER MOTOR VEHICLE,,0,0,CLEAR,,NO UNUSUAL CONDITIONS,,A,DAYLIGHT,37.465617,-122.141155,,,,,A,NO PEDESTRIANS INVOLVED,2/25/2018 12:00:00 AM,A,22350,False,1,I-880 S/B,,,3/6/2018 7:11:48 AM,A,S,200.0,23RD AVENUE,F,,D,3/6/2018 7:12:26 AM,3/6/2018 7:12:26 AM,,True,2,,,,,,,
675330,9370-2018-00895,1,False,9370,3/5/2018 1:20:00 PM,1320,55,14,109,Oakland,1,True,True,C,REAR END,,Monday,NotApplicable,False,,,False,True,False,Oakland Superior,C,OTHER MOTOR VEHICLE,,0,0,CLEAR,,NO UNUSUAL CONDITIONS,,A,DAYLIGHT,37.823499,-122.26344,,,,,A,NO PEDESTRIANS INVOLVED,3/5/2018 12:00:00 AM,A,22350,False,1,I-580 W/B TO I-980 W/B,,,3/5/2018 7:04:10 PM,A,W,395.0,Webster St,F,,D,3/5/2018 7:04:43 PM,3/5/2018 7:04:43 PM,,True,2,,,,,,,
675323,9370-2018-00894,1,False,9370,3/5/2018 7:00:00 AM,700,52,14,109,Oakland,1,True,True,C,REAR END,,Monday,NotApplicable,False,,,False,True,True,Oakland Superior,C,OTHER MOTOR VEHICLE,,0,0,CLEAR,,NO UNUSUAL CONDITIONS,,A,DAYLIGHT,37.778088,-122.167587,,,,,A,NO PEDESTRIANS INVOLVED,3/5/2018 12:00:00 AM,A,22350,False,2,I-580 WESTBOUND,,,3/5/2018 6:13:18 PM,A,W,1165.0,EDWARDS AVENUE,F,,D,3/5/2018 6:13:47 PM,3/5/2018 6:13:47 PM,,True,2,,,,,,,
675315,9345-2018-00588,1,False,9370,3/4/2018 12:55:00 PM,1255,176,14,109,Oakland,1,True,True,B,SIDE SWIPE,,Sunday,NotApplicable,False,M,,False,True,False,Oakland Superior,C,OTHER MOTOR VEHICLE,,0,0,CLEAR,,NO UNUSUAL CONDITIONS,,A,DAYLIGHT,37.730227,-122.187141,,,,,A,NO PEDESTRIANS INVOLVED,3/4/2018 12:00:00 AM,A,21658A,False,1,I-880 N/B,,,3/5/2018 5:37:13 PM,A,S,930.0,98th Ave,F,,D,3/5/2018 5:37:52 PM,3/5/2018 5:37:52 PM,,True,2,,,,,,,
675310,9370-2018-00705,1,False,9370,2/21/2018 6:32:00 AM,632,8,14,109,Oakland,1,True,True,B,SIDE SWIPE,,Wednesday,NotApplicable,True,M,,False,True,False,Oakland Superior,C,OTHER MOTOR VEHICLE,,0,0,CLEAR,,NO UNUSUAL CONDITIONS,,B,DUSK-DAWN,37.824824,-122.313307,,,,,A,NO PEDESTRIANS INVOLVED,2/21/2018 12:00:00 AM,A,21658(a),False,2,I-80 W/B,,,3/5/2018 5:04:59 PM,A,E,150.0,SFOBB Toll Plaza,F,,D,3/5/2018 5:07:04 PM,3/5/2018 5:07:04 PM,,True,2,,,,,,,
675309,9370-2018-00878,1,False,9370,3/4/2018 10:40:00 AM,1040,176,14,109,Oakland,1,True,True,C,REAR END,,Sunday,NotApplicable,False,,,False,True,True,Oakland Superior,C,OTHER MOTOR VEHICLE,,0,0,CLEAR,,NO UNUSUAL CONDITIONS,,A,DAYLIGHT,37.455,-122.1302,,,,,A,NO PEDESTRIANS INVOLVED,3/4/2018 12:00:00 AM,A,22350,False,1,I-880 N/B,,,3/5/2018 5:03:14 PM,A,S,1848.0,High St,F,,D,3/5/2018 5:03:53 PM,3/5/2018 5:03:53 PM,,True,2,,,,,,,
675287,9370-2018-00842,1,False,9370,3/2/2018 5:30:00 AM,530,8,14,109,Oakland,1,True,True,B,SIDE SWIPE,,Friday,NotApplicable,False,,,False,True,False,Oakland Superior,C,OTHER MOTOR VEHICLE,,0,0,CLEAR,,NO UNUSUAL CONDITIONS,,C,DARK-STREET LIGHTS,37.49299,-122.18469,,,,,A,NO PEDESTRIANS INVOLVED,3/2/2018 12:00:00 AM,A,21658(a),False,2,I-80 W/B,,,3/5/2018 4:33:00 PM,B,W,40.0,W. Grand Ave.,F,,D,3/5/2018 4:33:38 PM,3/5/2018 4:33:38 PM,,True,2,,,,,,,
675049,9370-2018-00855,1,False,9370,3/2/2018 6:50:00 PM,1850,177,14,109,Oakland,1,True,True,C,REAR END,,Friday,NotApplicable,False,,,False,True,False,Oakland Superior,C,OTHER MOTOR VEHICLE,,0,0,RAINING,,NO UNUSUAL CONDITIONS,,D,DARK-NO STREET LIGHTS,37.795937,-122.267975,,,,,A,NO PEDESTRIANS INVOLVED,3/2/2018 12:00:00 AM,A,22350,False,1,I-880 N/B,,,3/5/2018 1:30:45 PM,B,S,260.0,Jackson St,F,,D,3/5/2018 1:31:16 PM,3/5/2018 1:31:16 PM,,True,2,,,,,,,
675019,9370-2018-00830,1,False,9370,3/1/2018 12:50:00 PM,1250,177,14,109,Oakland,1,True,True,C,REAR END,,Thursday,NotApplicable,False,,,False,True,False,Oakland Superior,C,OTHER MOTOR VEHICLE,,0,0,CLEAR,,NO UNUSUAL CONDITIONS,,A,DAYLIGHT,37.77514,-122.23419,,,,,A,NO PEDESTRIANS INVOLVED,3/1/2018 12:00:00 AM,D,,,,I-880 S/B,,,3/5/2018 1:12:21 PM,A,N,300.0,23rd Ave,F,,D,3/5/2018 1:12:51 PM,3/5/2018 1:12:51 PM,,True,2,,,,,,,
675005,9370-2018-00892,1,False,9370,2/28/2018 5:40:00 PM,1740,54,14,109,Oakland,1,True,True,E,HIT OBJECT,,Wednesday,NotApplicable,False,,,False,True,True,Oakland Superior,I,FIXED OBJECT,Concrete Wall,1,0,CLEAR,,NO UNUSUAL CONDITIONS,,B,DUSK-DAWN,37.810796,-122.249284,,,,,A,NO PEDESTRIANS INVOLVED,2/28/2018 12:00:00 AM,A,21658(a) VC,False,2,I-580 W/B,,,3/5/2018 1:01:49 PM,A,W,190.0,Grand Ave.,F,,D,3/5/2018 1:02:23 PM,3/5/2018 1:02:23 PM,,True,2,,,,,,,
674979,9370-2018-00805,1,False,9370,2/28/2018 7:15:00 AM,715,55,14,109,Oakland,1,True,True,C,REAR END,,Wednesday,NotApplicable,False,,,False,True,False,Oakland Superior,C,OTHER MOTOR VEHICLE,,0,0,CLOUDY,,NO UNUSUAL CONDITIONS,,A,DAYLIGHT,37.826007,-122.275351,,,,,A,NO PEDESTRIANS INVOLVED,2/28/2018 12:00:00 AM,A,22350,False,2,I-580 WESTBOUND,,,3/5/2018 12:49:15 PM,A,W,10.0,Adeline Street,F,,D,3/5/2018 12:49:44 PM,3/5/2018 12:49:44 PM,,True,2,,,,,,,
674840,9370-2018-00758,1,False,9370,2/25/2018 3:15:00 PM,1515,53,14,109,Oakland,1,True,True,C,REAR END,,Sunday,NotApplicable,False,,,False,True,False,Oakland Superior,C,OTHER MOTOR VEHICLE,,0,0,CLEAR,,NO UNUSUAL CONDITIONS,,A,DAYLIGHT,37.47569,-122.13151,,,,,A,NO PEDESTRIANS INVOLVED,2/25/2018 12:00:00 AM,A,22350,False,2,E/B I-580,,,3/5/2018 11:21:59 AM,A,W,950.0,Fruitvale Ave,F,,D,3/5/2018 11:22:28 AM,3/5/2018 11:22:28 AM,,True,2,,,,,,,
674820,9370-2018-00757,1,False,9370,2/25/2018 10:42:00 AM,1042,25,14,109,Oakland,1,True,True,C,REAR END,,Sunday,Yes,False,,,False,True,True,Oakland Superior,C,OTHER MOTOR VEHICLE,,3,0,CLEAR,,NO UNUSUAL CONDITIONS,,A,DAYLIGHT,37.50128,-122.1557,,,,,A,NO PEDESTRIANS INVOLVED,2/25/2018 12:00:00 AM,A,22350,False,1,W/B SR 24,,,3/5/2018 11:12:03 AM,A,W,224.0,52nd St,F,,D,3/5/2018 11:12:37 AM,3/5/2018 11:12:37 AM,,True,2,,,,,,,
674709,9370-2018-00846,1,False,9370,2/25/2018 6:10:00 AM,610,177,14,109,Oakland,1,True,True,E,HIT OBJECT,,Sunday,NotApplicable,False,M,,False,True,True,Oakland Superior,I,FIXED OBJECT,TREE,0,0,CLEAR,,NO UNUSUAL CONDITIONS,,B,DUSK-DAWN,37.47916,-122.144363,,,,,A,NO PEDESTRIANS INVOLVED,3/2/2018 12:00:00 AM,A,22350,False,1,I-880 S/B TO EMBARCADERO,,,3/5/2018 10:14:55 AM,A,N,860.0,16th Ave,F,,D,3/5/2018 10:15:25 AM,3/5/2018 10:15:25 AM,,True,2,,,,,,,
674680,9370-2018-00743,1,False,9370,2/23/2018 8:15:00 PM,2015,52,14,109,Oakland,1,True,True,C,REAR END,,Friday,NotApplicable,False,,,False,True,False,Oakland Superior,C,OTHER MOTOR VEHICLE,,0,0,CLEAR,,NO UNUSUAL CONDITIONS,,D,DARK-NO STREET LIGHTS,37.742016,-122.145402,,,,,A,NO PEDESTRIANS INVOLVED,2/23/2018 12:00:00 AM,A,22350,False,1,I-580 E/B,,,3/5/2018 10:06:58 AM,A,W,1710.0,Foothill Blvd,F,,D,3/5/2018 10:07:33 AM,3/5/2018 10:07:33 AM,,True,2,,,,,,,
674361,9335-2018-00405,1,False,9335,2/22/2018 6:10:00 PM,1810,82,14,109,Oakland,1,True,True,C,REAR END,,Thursday,NotApplicable,False,M,,False,True,False,Oakland Superior,C,OTHER MOTOR VEHICLE,,0,0,CLEAR,,NO UNUSUAL CONDITIONS,,C,DARK-STREET LIGHTS,37.824306,-122.315424,,,,,A,NO PEDESTRIANS INVOLVED,2/22/2018 12:00:00 AM,A,22106,False,1,I-80 W/B,,,3/5/2018 6:56:40 AM,A,W,472.0,TOLL PLAZA W/ EDGE,F,,D,3/5/2018 6:57:46 AM,3/5/2018 6:57:46 AM,,True,2,,,,,,,
674286,9370-2018-00720,1,False,9370,2/23/2018 2:45:00 PM,1445,177,14,109,Oakland,1,True,True,B,SIDE SWIPE,,Friday,NotApplicable,False,M,,False,True,False,Oakland Superior,C,OTHER MOTOR VEHICLE,,0,0,CLEAR,,NO UNUSUAL CONDITIONS,,A,DAYLIGHT,37.802791,-122.2895,,,,,A,NO PEDESTRIANS INVOLVED,2/23/2018 12:00:00 AM,A,21658(a),False,1,I-880 S/B,,,3/4/2018 5:34:54 PM,A,N,300.0,Adeline St,F,,D,3/4/2018 5:35:23 PM,3/4/2018 5:35:23 PM,,True,2,,,,,,,
674278,9370-2018-00875,1,False,9370,3/4/2018 11:15:00 AM,1115,176,14,109,Oakland,1,True,True,C,REAR END,,Sunday,NotApplicable,False,,,False,True,True,Oakland Superior,C,OTHER MOTOR VEHICLE,,1,0,CLEAR,,NO UNUSUAL CONDITIONS,,A,DAYLIGHT,37.7406,-122.961,,,,,A,NO PEDESTRIANS INVOLVED,3/4/2018 12:00:00 AM,A,22350,False,1,I-880 N/B,,,3/4/2018 4:37:15 PM,A,S,40.0,Hegenberger Rd,F,,D,3/4/2018 4:37:53 PM,3/4/2018 4:37:53 PM,,True,2,,,,,,,
674227,9370-2018-00862,1,False,9370,3/3/2018 10:53:00 AM,1053,176,14,109,Oakland,1,True,True,C,REAR END,,Saturday,NotApplicable,False,,,False,True,True,Oakland Superior,C,OTHER MOTOR VEHICLE,,0,0,CLEAR,,NO UNUSUAL CONDITIONS,,A,DAYLIGHT,37.441137,-122.113373,,,,,A,NO PEDESTRIANS INVOLVED,3/3/2018 12:00:00 AM,A,22350,False,1,I-880 N/B,,,3/4/2018 1:29:31 PM,A,S,1750.0,HEGENBERGER ROAD,F,,D,3/4/2018 1:30:31 PM,3/4/2018 1:30:31 PM,,True,2,,,,,,,
674217,9370-2018-00733,2,False,9370,2/24/2018 1:05:00 PM,1305,178,14,109,Oakland,1,True,True,C,REAR END,,Saturday,NotApplicable,False,,,False,True,False,Oakland Superior,C,OTHER MOTOR VEHICLE,,3,0,CLEAR,,NO UNUSUAL CONDITIONS,,A,DAYLIGHT,37.824464,-122.304115,,,,,A,NO PEDESTRIANS INVOLVED,2/24/2018 12:00:00 AM,D,,,,I-880 N/B TO I-80 W/B,,,4/13/2018 3:01:05 PM,A,N,85.0,Engineer Rd,F,,D,3/4/2018 12:41:42 PM,4/13/2018 3:01:15 PM,,True,2,,,,,,,
674200,9370-2018-00685,1,False,9370,2/19/2018 3:25:00 PM,1525,176,14,109,Oakland,1,True,True,C,REAR END,,Monday,NotApplicable,False,,,False,True,False,Oakland Superior,C,OTHER MOTOR VEHICLE,,0,0,CLEAR,,NO UNUSUAL CONDITIONS,,A,DAYLIGHT,37.77196,-122.22392,,,,,A,NO PEDESTRIANS INVOLVED,2/19/2018 12:00:00 AM,B,UNSAFE MERGE,,2,I-880 N/B,,,3/4/2018 9:25:37 AM,A,N,1215.0,42nd Ave,F,,D,3/4/2018 9:26:06 AM,3/4/2018 9:26:06 AM,,True,2,,,,,,,
674185,9370-2018-00724,1,False,9370,2/22/2018 7:10:00 PM,1910,176,14,109,Oakland,1,True,True,C,REAR END,,Thursday,NotApplicable,False,,,False,True,True,Oakland Superior,C,OTHER MOTOR VEHICLE,,0,0,CLEAR,,NO UNUSUAL CONDITIONS,,D,DARK-NO STREET LIGHTS,37.738538,-122.194285,,,,,A,NO PEDESTRIANS INVOLVED,2/22/2018 12:00:00 AM,A,22350,False,1,I-880 N/B TO HEGENBERGER RD,,,3/4/2018 6:03:33 AM,A,S,960.0,Hegenberger Rd,F,,D,3/4/2018 6:04:05 AM,3/4/2018 6:04:05 AM,,True,2,,,,,,,
674168,9370-2018-00727,1,False,9370,2/23/2018 7:40:00 PM,1940,177,14,109,Oakland,1,True,True,C,REAR END,,Friday,NotApplicable,False,M,,False,True,True,Oakland Superior,C,OTHER MOTOR VEHICLE,,0,0,CLEAR,,NO UNUSUAL CONDITIONS,,C,DARK-STREET LIGHTS,37.795121,-122.266283,,,,,A,NO PEDESTRIANS INVOLVED,2/23/2018 12:00:00 AM,A,22350 VC,False,1,I-880 N/B,,,3/3/2018 7:14:29 PM,A,S,74.0,Oak St,F,,D,3/3/2018 7:15:18 PM,3/3/2018 7:15:18 PM,,True,2,,,,,,,
674167,9370-2018-00712,1,False,9370,2/22/2018 3:11:00 PM,1511,901,14,109,Oakland,1,True,True,B,SIDE SWIPE,,Thursday,NotApplicable,False,,,False,False,False,Oakland Superior,C,OTHER MOTOR VEHICLE,,0,0,CLEAR,,NO UNUSUAL CONDITIONS,,School Bus CollisionA,DAYLIGHT,37.793919,-122.24899,,,,,A,NO PEDESTRIANS INVOLVED,2/22/2018 12:00:00 AM,A,21750,False,1,9th Avenue (1500 Block),,,3/3/2018 7:08:44 PM,A,S,100.0,Foothill Blvd,F,,D,3/3/2018 7:09:43 PM,3/3/2018 7:09:43 PM,,,2,,,,,,,
674160,9370-2018-00728,1,False,9370,2/23/2018 3:25:00 PM,1525,52,14,109,Oakland,1,True,True,B,SIDE SWIPE,,Friday,NotApplicable,False,M,,False,True,False,Oakland Superior,C,OTHER MOTOR VEHICLE,,0,0,CLEAR,,NO UNUSUAL CONDITIONS,,A,DAYLIGHT,37.757711,-122.147826,,,,,A,NO PEDESTRIANS INVOLVED,2/23/2018 12:00:00 AM,A,21658(a),False,1,I-580 W/B,,,3/3/2018 5:25:58 PM,A,E,370.0,Twin Oaks Way,F,,D,3/3/2018 5:26:26 PM,3/3/2018 5:26:26 PM,,True,2,,,,,,,
674129,9370-2018-00710,1,False,9370,2/22/2018 12:11:00 PM,1211,176,14,109,Oakland,1,True,True,C,REAR END,,Thursday,Yes,False,,,False,True,True,Oakland Superior,C,OTHER MOTOR VEHICLE,,1,0,CLEAR,,NO UNUSUAL CONDITIONS,,A,DAYLIGHT,37.762288,-122.215236,,,,,A,NO PEDESTRIANS INVOLVED,2/22/2018 12:00:00 AM,A,22350,False,1,I-880 N/B,,,3/3/2018 1:44:13 PM,A,S,2600.0,High St,F,,D,3/3/2018 1:44:59 PM,3/3/2018 1:44:59 PM,,True,2,,,,,,,
674122,9370-2018-00844,1,False,9370,3/2/2018 8:35:00 AM,835,176,14,109,Oakland,1,True,True,C,REAR END,,Friday,NotApplicable,False,,,False,True,True,Oakland Superior,C,OTHER MOTOR VEHICLE,,0,0,CLOUDY,,NO UNUSUAL CONDITIONS,,A,DAYLIGHT,37.774367,-122.231821,,,,,A,NO PEDESTRIANS INVOLVED,3/2/2018 12:00:00 AM,A,22350,False,1,I-880 S/B,,,3/3/2018 12:36:44 PM,B,S,300.0,29th Ave,F,,D,3/3/2018 12:37:14 PM,3/3/2018 12:37:14 PM,,True,2,,,,,,,
674095,9370-2018-00738,1,False,9370,2/23/2018 4:30:00 PM,1630,176,14,109,Oakland,1,True,True,C,REAR END,,Friday,NotApplicable,False,,,False,True,True,Oakland Superior,C,OTHER MOTOR VEHICLE,,0,0,CLEAR,,NO UNUSUAL CONDITIONS,,A,DAYLIGHT,37.434288,-122.11835,,,,,A,NO PEDESTRIANS INVOLVED,2/23/2018 12:00:00 AM,A,22350,False,1,I-880 N/B,,,3/3/2018 10:15:14 AM,A,S,1320.0,98th Ave,F,,D,3/3/2018 10:15:47 AM,3/3/2018 10:15:47 AM,,True,2,,,,,,,
674090,9370-2018-00742,1,False,9370,2/24/2018 4:50:00 PM,1650,55,14,109,Oakland,1,True,True,B,SIDE SWIPE,,Saturday,NotApplicable,False,,,False,True,False,Oakland Superior,C,OTHER MOTOR VEHICLE,,0,0,CLEAR,,NO UNUSUAL CONDITIONS,,A,DAYLIGHT,37.493828,-122.17464,,,,,A,NO PEDESTRIANS INVOLVED,2/24/2018 12:00:00 AM,A,21658(a),False,1,I-580 W/B,,,3/3/2018 9:57:21 AM,A,W,190.0,Hollis St,F,,D,3/3/2018 9:57:57 AM,3/3/2018 9:57:57 AM,,True,2,,,,,,,
673608,9370-2018-00824,1,False,9370,3/1/2018 11:50:00 AM,1150,8,14,109,Oakland,1,True,True,B,SIDE SWIPE,,Thursday,NotApplicable,False,,,False,True,False,Oakland Superior,C,OTHER MOTOR VEHICLE,,0,0,CLOUDY,,NO UNUSUAL CONDITIONS,,A,DAYLIGHT,37.494036,-122.174044,,,,,A,NO PEDESTRIANS INVOLVED,3/1/2018 12:00:00 AM,A,21658(a),False,1,I-80 E/B,,,3/2/2018 9:59:47 AM,B,W,3900.0,Powell St,F,,D,3/2/2018 10:00:28 AM,3/2/2018 10:00:28 AM,,True,2,,,,,,,
673526,9370-2018-00807,1,False,9370,2/28/2018 5:30:00 PM,1730,8,14,109,Oakland,1,True,True,C,REAR END,,Wednesday,NotApplicable,False,,,False,True,True,Oakland Superior,C,OTHER MOTOR VEHICLE,,0,0,CLEAR,,NO UNUSUAL CONDITIONS,,A,DAYLIGHT,37.82571,-122.30287,,,,,A,NO PEDESTRIANS INVOLVED,2/28/2018 12:00:00 AM,A,22350,False,3,I-80 E/B,,,3/2/2018 9:03:57 AM,A,E,1000.0,WEST GRAND AVE,F,,D,3/2/2018 9:04:26 AM,3/2/2018 9:04:26 AM,,True,2,,,,,,,
673412,9370-2018-00814,1,False,9370,3/1/2018 12:40:00 AM,40,54,14,109,Oakland,1,True,True,E,HIT OBJECT,,Thursday,NotApplicable,False,,,False,True,True,Oakland Superior,I,FIXED OBJECT,Cement wall,0,0,RAINING,,NO UNUSUAL CONDITIONS,,D,DARK-NO STREET LIGHTS,37.80941,-122.24564,,,,,A,NO PEDESTRIANS INVOLVED,3/1/2018 12:00:00 AM,A,22350,False,1,I-580 E/B,,,3/2/2018 6:31:46 AM,B,E,359.0,Lakeshore Ave,F,,D,3/2/2018 6:32:22 AM,3/2/2018 6:32:22 AM,,True,2,,,,,,,
673396,9370-2018-00817,1,False,9370,2/28/2018 11:45:00 PM,2345,53,14,109,Oakland,1,True,True,E,HIT OBJECT,,Wednesday,NotApplicable,False,,,False,True,False,Oakland Superior,I,FIXED OBJECT,DIRT AND GRASS EMBANKMENT,0,0,RAINING,,NO UNUSUAL CONDITIONS,,D,DARK-NO STREET LIGHTS,37.80003,-122.22387,,,,,A,NO PEDESTRIANS INVOLVED,2/28/2018 12:00:00 AM,A,22350,False,1,I-580 W/B,,,3/2/2018 5:46:00 AM,B,E,70.0,Ardley Ave,F,,D,3/2/2018 5:46:31 AM,3/2/2018 5:46:31 AM,,True,2,,,,,,,
673316,9370-2018-00826,1,False,9370,3/1/2018 2:25:00 PM,1425,176,14,109,Oakland,1,True,True,C,REAR END,,Thursday,Yes,False,,,False,True,True,Oakland Superior,C,OTHER MOTOR VEHICLE,,2,0,CLEAR,,NO UNUSUAL CONDITIONS,,A,DAYLIGHT,37.72771,-122.18479,,,,,A,NO PEDESTRIANS INVOLVED,3/1/2018 12:00:00 AM,A,22350,False,1,I-880 N/B,,,3/1/2018 5:33:22 PM,A,S,600.0,98th Ave,F,,D,3/1/2018 5:34:04 PM,3/1/2018 5:34:04 PM,,True,2,,,,,,,
673292,9370-2018-00825,1,False,9370,3/1/2018 10:47:00 AM,1047,98,14,109,Oakland,1,True,True,E,HIT OBJECT,,Thursday,Yes,False,,,False,True,True,Oakland Superior,I,FIXED OBJECT,Guard Rail,1,0,RAINING,,NO UNUSUAL CONDITIONS,,A,DAYLIGHT,37.810498,-122.275461,,,,,A,NO PEDESTRIANS INVOLVED,3/1/2018 12:00:00 AM,A,22350,False,1,I-980 E/B,,,3/1/2018 4:50:06 PM,B,E,317.0,23rd St,F,,D,3/1/2018 4:50:49 PM,3/1/2018 4:50:49 PM,,True,2,,,,,,,