collision-id,report-number,report-version,is-preliminary,ncic-code,crash-date-time,crash-time-description,beat,city-id,city-code,city-name,county-code,city-is-active,city-is-incorporated,collision-type-code,collision-type-description,collision-type-other-desc,day-of-week,dispatch-notified,has-photographs,hit-run,is-attachments-mailed,is-deleted,is-highway-related,is-tow-away,judicial-district,motor-vehicle-involved-with-code,motor-vehicle-involved-with-desc,motor-vehicle-involved-with-other-desc,number-injured,number-killed,weather-1,weather-2,road-condition-1,road-condition-2,special-condition-lighting-code,lighting-description,latitude,longitude,milepost-direction,milepost-distance,milepost-marker,milepost-unit-of-measure,pedestrian-action-code,pedestrian-action-desc,prepared-date,primary-collision-factor-code,primary-collision-factor-violation,primary-collision-factor-is-cited,primary-collision-party-number,primary-road,reporting-district,reporting-district-code,reviewed-date,roadway-surface-code,secondary-direction,secondary-distance,secondary-road,secondary-unit-of-measure,sketch-desc,traffic-control-device-code,created-date,modified-date,is-county-road,is-freeway,chp-555-version,is-additonal-object-struck,notification-date,notification-time-description,has-digital-media-files,evidence-number,is-location-refer-to-narrative,is-aoi-one-same-as-location
759584,9335-2018-01205,1,False,9335,6/1/2018 7:15:00 AM,715,82,14,109,Oakland,1,True,True,B,SIDE SWIPE,,Friday,NotApplicable,False,M,,False,True,False,Oakland Superior,C,OTHER MOTOR VEHICLE,,0,0,CLEAR,,NO UNUSUAL CONDITIONS,,A,DAYLIGHT,37.82458,-122.31551,,,,,A,NO PEDESTRIANS INVOLVED,6/1/2018 12:00:00 AM,A,21658(a),False,,I-80 W/B,,,6/29/2018 8:29:29 AM,A,W,457.0,SFOBB TOLL PLAZA,F,,D,6/29/2018 8:30:10 AM,6/29/2018 8:30:10 AM,,True,2,,,,,,,
759581,9370-2018-02271,1,False,9370,6/15/2018 7:40:00 PM,1940,8,14,109,Oakland,1,True,True,C,REAR END,,Friday,NotApplicable,False,,,False,True,False,Oakland Superior,C,OTHER MOTOR VEHICLE,,0,0,CLEAR,,NO UNUSUAL CONDITIONS,,A,DAYLIGHT,37.833069,-122.293878,,,,,A,NO PEDESTRIANS INVOLVED,6/15/2018 12:00:00 AM,A,22350,False,1,I-80 E/B,,,6/29/2018 8:28:53 AM,A,W,2300.0,Powell St,F,,D,6/29/2018 8:29:22 AM,6/29/2018 8:29:22 AM,,True,2,,,,,,,
759463,9370-2018-02410,1,False,9370,6/27/2018 5:20:00 AM,520,24,14,109,Oakland,1,True,True,C,REAR END,,Wednesday,NotApplicable,False,,,False,True,False,Oakland Superior,C,OTHER MOTOR VEHICLE,,0,0,CLEAR,,NO UNUSUAL CONDITIONS,,B,DUSK-DAWN,37.849956,-122.223837,,,,,A,NO PEDESTRIANS INVOLVED,6/27/2018 12:00:00 AM,A,22350,False,1,SR-24 W/B,,,6/28/2018 9:41:15 PM,A,E,275.0,KAY ROAD,F,,D,6/28/2018 9:41:46 PM,6/28/2018 9:41:46 PM,,True,2,,,,,,,
758384,9370-2018-02379,1,False,9370,6/22/2018 11:10:00 AM,1110,98,14,109,Oakland,1,True,True,C,REAR END,,Friday,NotApplicable,False,,,False,True,False,Oakland Superior,C,OTHER MOTOR VEHICLE,,0,0,CLEAR,,NO UNUSUAL CONDITIONS,,A,DAYLIGHT,37.804344,-122.278713,,,,,A,NO PEDESTRIANS INVOLVED,6/22/2018 12:00:00 AM,A,22350,False,1,I-980 E/B TO 11TH STREET,,,6/28/2018 3:46:09 PM,A,W,105.0,11th St,F,,D,6/28/2018 3:46:39 PM,6/28/2018 3:46:39 PM,,True,2,,,,,,,
758162,9370-2018-02303,1,False,9370,6/18/2018 12:44:00 PM,1244,176,14,109,Oakland,1,True,True,B,SIDE SWIPE,,Monday,Yes,False,,,False,True,True,Oakland Superior,C,OTHER MOTOR VEHICLE,,1,0,CLEAR,,NO UNUSUAL CONDITIONS,,A,DAYLIGHT,37.731333,-122.189028,,,,,A,NO PEDESTRIANS INVOLVED,6/18/2018 12:00:00 AM,A,21658(a),False,1,I-880 S/B FROM 98TH AVENUE,,,6/28/2018 1:02:03 PM,A,S,150.0,98th Ave,F,,D,6/28/2018 1:05:09 PM,6/28/2018 1:05:09 PM,,True,2,,,,,,,
758113,9370-2018-02328,1,False,9370,6/19/2018 9:30:00 PM,2130,8,14,109,Oakland,1,True,True,B,SIDE SWIPE,,Tuesday,NotApplicable,False,,,False,True,False,Oakland Superior,C,OTHER MOTOR VEHICLE,,0,0,CLEAR,,NO UNUSUAL CONDITIONS,,C,DARK-STREET LIGHTS,37.824222,-122.31062,,,,,A,NO PEDESTRIANS INVOLVED,6/19/2018 12:00:00 AM,A,21658(a),False,1,I-80 E/B,,,6/28/2018 12:26:25 PM,A,W,300.0,WEST GRAND AVENUE,F,,D,6/28/2018 12:26:54 PM,6/28/2018 12:26:54 PM,,True,2,,,,,,,
758049,9370-2018-02326,1,False,9370,6/19/2018 6:40:00 PM,1840,8,14,109,Oakland,1,True,True,B,SIDE SWIPE,,Tuesday,NotApplicable,False,,,False,True,True,Oakland Superior,C,OTHER MOTOR VEHICLE,,0,0,CLEAR,,NO UNUSUAL CONDITIONS,,A,DAYLIGHT,37.827141,-122.297314,,,,,A,NO PEDESTRIANS INVOLVED,6/19/2018 12:00:00 AM,A,22107,False,1,I-80 W/B,,,6/28/2018 11:23:45 AM,A,E,2550.0,West Grand Ave,F,,D,6/28/2018 11:24:19 AM,6/28/2018 11:24:19 AM,,True,2,,,,,,,
758033,9370-2018-02322,1,False,9370,6/19/2018 1:36:00 PM,1336,53,14,109,Oakland,1,True,True,C,REAR END,,Tuesday,NotApplicable,False,M,,False,True,False,Oakland Superior,C,OTHER MOTOR VEHICLE,,0,0,CLEAR,,NO UNUSUAL CONDITIONS,,A,DAYLIGHT,37.799549,-122.222214,,,,,A,NO PEDESTRIANS INVOLVED,6/19/2018 12:00:00 AM,A,22350,False,1,I-580 E/B,,,6/28/2018 11:11:50 AM,A,W,600.0,Fruitvale Ave,F,,D,6/28/2018 11:12:20 AM,6/28/2018 11:12:20 AM,,True,2,,,,,,,
757659,9370-2018-02299,1,False,9370,6/18/2018 8:50:00 AM,850,54,14,109,Oakland,1,True,True,E,HIT OBJECT,,Monday,NotApplicable,False,M,,False,True,True,Oakland Superior,I,FIXED OBJECT,METAL ATTENUATOR,0,0,CLEAR,,NO UNUSUAL CONDITIONS,,A,DAYLIGHT,37.811438,-122.249935,,,,,A,NO PEDESTRIANS INVOLVED,6/18/2018 12:00:00 AM,A,22107,False,1,I-580 W/B,,,6/28/2018 7:10:40 AM,A,W,550.0,GRAND AVENUE,F,,D,6/28/2018 7:11:23 AM,6/28/2018 7:11:23 AM,,True,2,,,,,,,
757648,9370-2018-02267,1,False,9370,6/16/2018 3:45:00 PM,1545,176,14,109,Oakland,1,True,True,C,REAR END,,Saturday,Yes,False,,,False,True,False,Oakland Superior,C,OTHER MOTOR VEHICLE,,2,0,CLEAR,,NO UNUSUAL CONDITIONS,,A,DAYLIGHT,37.454644,-122.125698,,,,,A,NO PEDESTRIANS INVOLVED,6/16/2018 12:00:00 AM,A,22350,False,1,I-880 N/B,,,6/28/2018 7:01:48 AM,A,S,2320.0,High St,F,,D,6/28/2018 7:02:35 AM,6/28/2018 7:02:35 AM,,True,2,,,,,,,
757401,9370-2018-02397,1,False,9370,6/26/2018 1:40:00 PM,1340,24,14,109,Oakland,1,True,True,B,SIDE SWIPE,,Tuesday,NotApplicable,False,M,,False,True,False,Oakland Superior,C,OTHER MOTOR VEHICLE,,0,0,CLEAR,,NO UNUSUAL CONDITIONS,,A,DAYLIGHT,37.828711,-122.267964,,,,,A,NO PEDESTRIANS INVOLVED,6/26/2018 12:00:00 AM,A,21658(a),False,1,SR-24 W/B TO I-580,,,6/27/2018 3:18:51 PM,A,W,500.0,40th St,F,,D,6/27/2018 3:19:22 PM,6/27/2018 3:19:22 PM,,True,2,,,,,,,
757248,9370-2018-02261,1,False,9370,6/15/2018 4:30:00 PM,1630,80,14,109,Oakland,1,True,True,B,SIDE SWIPE,,Friday,NotApplicable,False,,,False,True,True,Oakland Superior,C,OTHER MOTOR VEHICLE,,1,0,CLEAR,,NO UNUSUAL CONDITIONS,,A,DAYLIGHT,37.827171,-122.295711,,,,,A,NO PEDESTRIANS INVOLVED,6/15/2018 12:00:00 AM,A,22350,False,1,I-80 E/B TO I-580 E/B,,,6/27/2018 1:42:41 PM,A,E,4000.0,WEST GRAND AVENUE,F,,D,6/27/2018 1:49:25 PM,6/27/2018 1:49:25 PM,,True,2,,,,,,,
757104,9370-2018-02297,1,False,9370,6/18/2018 9:55:00 AM,955,177,14,109,Oakland,1,True,True,C,REAR END,,Monday,NotApplicable,False,,,False,True,False,Oakland Superior,C,OTHER MOTOR VEHICLE,,0,0,CLEAR,,NO UNUSUAL CONDITIONS,,A,DAYLIGHT,37.793998,-122.264911,,,,,A,NO PEDESTRIANS INVOLVED,6/18/2018 12:00:00 AM,A,22350,False,2,I-880 SOUTHBOUND,,,6/27/2018 12:26:55 PM,A,S,600.0,Oak Street Path,F,,D,6/27/2018 12:27:24 PM,6/27/2018 12:27:24 PM,,True,2,,,,,,,
757088,9370-2018-02296,1,False,9370,6/18/2018 6:08:00 AM,608,178,14,109,Oakland,1,True,True,F,OVERTURNED,,Monday,NotApplicable,False,,,False,True,True,Oakland Superior,A,NON-COLLISION,,0,0,CLOUDY,,NO UNUSUAL CONDITIONS,,A,DAYLIGHT,37.807591,-122.305292,,,,,A,NO PEDESTRIANS INVOLVED,6/18/2018 12:00:00 AM,A,22350,True,1,I-880 southbound from 7th Street,,,6/27/2018 12:18:45 PM,A,S,100.0,7th Street,F,,D,6/27/2018 12:19:26 PM,6/27/2018 12:19:26 PM,,True,2,,,,,,,
757055,9370-2018-02317,1,False,9370,6/19/2018 12:14:00 PM,1214,52,14,109,Oakland,1,True,True,C,REAR END,,Tuesday,Yes,False,F,,False,True,False,Oakland Superior,C,OTHER MOTOR VEHICLE,,1,0,CLEAR,,NO UNUSUAL CONDITIONS,,A,DAYLIGHT,37.78775,-122.198201,,,,,A,NO PEDESTRIANS INVOLVED,6/19/2018 12:00:00 AM,A,22350,False,1,I-580 E/B,,,6/27/2018 11:51:30 AM,A,W,700.0,High St,F,,D,6/27/2018 11:52:19 AM,6/27/2018 11:52:19 AM,,True,2,,,,,,,
757024,9370-2018-02289,1,False,9370,6/16/2018 7:30:00 PM,1930,176,14,109,Oakland,1,True,True,A,HEAD-ON,,Saturday,NotApplicable,False,,,False,True,True,Oakland Superior,C,OTHER MOTOR VEHICLE,,0,0,CLEAR,,NO UNUSUAL CONDITIONS,,A,DAYLIGHT,37.435235,-122.111684,,,,,A,NO PEDESTRIANS INVOLVED,6/16/2018 12:00:00 AM,A,22107,False,1,I-880 N/B,,,6/27/2018 11:30:01 AM,A,S,190.0,98th Ave,F,,D,6/27/2018 11:30:35 AM,6/27/2018 11:30:35 AM,,True,2,,,,,,,
757014,9370-2018-02215,1,False,9370,6/12/2018 4:40:00 PM,1640,54,14,109,Oakland,1,True,True,B,SIDE SWIPE,,Tuesday,Yes,False,,,False,True,True,Oakland Superior,C,OTHER MOTOR VEHICLE,,1,0,CLEAR,,NO UNUSUAL CONDITIONS,,A,DAYLIGHT,37.820638,-122.256761,,,,,A,NO PEDESTRIANS INVOLVED,6/12/2018 12:00:00 AM,A,22350,False,2,I-580 E/B,,,6/27/2018 11:22:16 AM,A,W,800.0,Harrison St,F,,D,6/27/2018 11:22:57 AM,6/27/2018 11:22:57 AM,,True,2,,,,,,,
756998,9370-2018-02216,1,False,9370,6/12/2018 10:40:00 PM,2240,176,14,109,Oakland,1,True,True,C,REAR END,,Tuesday,NotApplicable,False,M,,False,True,False,Oakland Superior,C,OTHER MOTOR VEHICLE,,0,0,CLEAR,,NO UNUSUAL CONDITIONS,,C,DARK-STREET LIGHTS,37.73116,-122.18929,,,,,A,NO PEDESTRIANS INVOLVED,6/12/2018 12:00:00 AM,A,22106,False,1,I-880 S/B FROM 98TH AVENUE,,,6/27/2018 11:13:27 AM,A,S,15.0,98th Ave,F,,D,6/27/2018 11:14:03 AM,6/27/2018 11:14:03 AM,,True,2,,,,,,,
756987,9370-2018-02243,3,False,9370,6/14/2018 9:10:00 AM,910,179,14,109,Oakland,1,True,True,E,HIT OBJECT,,Thursday,NotApplicable,False,,,False,True,True,Oakland Superior,I,FIXED OBJECT,CONCRETE WALL,0,0,CLEAR,,NO UNUSUAL CONDITIONS,,A,DAYLIGHT,37.822934,-122.300749,,,,,A,NO PEDESTRIANS INVOLVED,6/14/2018 12:00:00 AM,A,22107,False,1,I-880 N/B TO I-80 W/B,,,8/28/2018 9:35:52 PM,A,N,80.0,Wake Ave,F,,D,6/27/2018 11:05:29 AM,8/28/2018 9:36:02 PM,,True,2,,,,,,,
756393,9370-2018-02287,1,False,9370,6/17/2018 2:20:00 AM,220,54,14,109,Oakland,1,True,True,C,REAR END,,Sunday,Yes,False,,,False,True,True,Oakland Superior,C,OTHER MOTOR VEHICLE,,0,0,CLOUDY,,NO UNUSUAL CONDITIONS,,D,DARK-NO STREET LIGHTS,37.8044,-122.23387,,,,,A,NO PEDESTRIANS INVOLVED,6/17/2018 12:00:00 AM,A,23152(a),False,1,I-580 E/B,,,6/26/2018 3:42:46 PM,A,W,75.0,Park Blvd,F,,D,6/26/2018 3:43:24 PM,6/26/2018 3:43:24 PM,,True,2,,,,,,,
756352,9370-2018-02228,1,False,9370,6/13/2018 5:29:00 PM,1729,53,14,109,Oakland,1,True,True,B,SIDE SWIPE,,Wednesday,Yes,False,,,False,True,True,Oakland Superior,C,OTHER MOTOR VEHICLE,,1,0,CLEAR,,NO UNUSUAL CONDITIONS,,A,DAYLIGHT,37.79467,-122.20744,,,,,A,NO PEDESTRIANS INVOLVED,6/13/2018 12:00:00 AM,A,22350,False,1,I-580 E/B,,,6/26/2018 3:10:47 PM,A,E,100.0,Maple Ave,F,,D,6/26/2018 3:11:29 PM,6/26/2018 3:11:29 PM,,True,2,,,,,,,
756172,9370-2018-02313,1,False,9370,5/29/2018 4:00:00 PM,1600,24,14,109,Oakland,1,True,True,B,SIDE SWIPE,,Tuesday,NotApplicable,True,M,,False,True,False,Oakland Superior,C,OTHER MOTOR VEHICLE,,0,0,CLEAR,,NO UNUSUAL CONDITIONS,,Counter ReportA,DAYLIGHT,37.849405,-122.223853,,,,,A,NO PEDESTRIANS INVOLVED,6/19/2018 12:00:00 AM,A,22107,False,1,SR-24 E/B,,,6/26/2018 1:36:29 PM,A,W,520.0,freeway overpass rd.,F,,D,6/26/2018 1:37:01 PM,6/26/2018 1:37:01 PM,,True,2,,,,,,,
756022,9370-2018-02187,1,False,9370,5/21/2018 5:35:00 AM,535,176,14,109,Oakland,1,True,True,C,REAR END,,Monday,NotApplicable,False,M,,False,True,False,Oakland Superior,C,OTHER MOTOR VEHICLE,,0,0,CLEAR,,NO UNUSUAL CONDITIONS,,Counter ReportA,DAYLIGHT,37.740663,-122.196379,,,,,A,NO PEDESTRIANS INVOLVED,5/21/2018 12:00:00 AM,A,22350,False,1,I-880 S/B,,,6/26/2018 12:04:08 PM,A,N,1300.0,Hegenberger Rd,F,,D,6/26/2018 12:04:53 PM,6/26/2018 12:04:53 PM,,True,2,,,,,,,
755497,9335-2018-01325,1,False,9335,6/18/2018 5:35:00 PM,1735,84,14,109,Oakland,1,True,True,C,REAR END,,Monday,NotApplicable,False,,,False,True,False,Oakland Superior,C,OTHER MOTOR VEHICLE,,1,0,CLEAR,,NO UNUSUAL CONDITIONS,,A,DAYLIGHT,37.82268,-122.32022,,,,,A,NO PEDESTRIANS INVOLVED,6/18/2018 12:00:00 AM,A,22350,False,2,I-80 E/B,,,6/26/2018 5:26:53 AM,A,W,0.37,BAY BRIDGE TOLL PLAZA,M,,D,6/26/2018 5:27:29 AM,6/26/2018 5:27:29 AM,,True,2,,,,,,,
754365,9370-2018-02375,1,False,9370,6/23/2018 2:50:00 PM,1450,176,14,109,Oakland,1,True,True,B,SIDE SWIPE,,Saturday,NotApplicable,False,,,False,True,True,Oakland Superior,C,OTHER MOTOR VEHICLE,,0,0,CLEAR,,NO UNUSUAL CONDITIONS,,A,DAYLIGHT,37.44043,-122.11251,,,,,A,NO PEDESTRIANS INVOLVED,6/23/2018 12:00:00 AM,A,21658(a) VC,False,1,I-880 S/B,,,6/24/2018 12:16:33 PM,A,N,740.0,98th Ave,F,,D,6/24/2018 12:17:14 PM,6/24/2018 12:17:14 PM,,True,2,,,,,,,
754354,9370-2018-02374,1,False,9370,6/23/2018 1:20:00 PM,1320,176,14,109,Oakland,1,True,True,B,SIDE SWIPE,,Saturday,NotApplicable,False,,,False,True,True,Oakland Superior,C,OTHER MOTOR VEHICLE,,0,0,CLEAR,,NO UNUSUAL CONDITIONS,,A,DAYLIGHT,37.44316,-122.11524,,,,,A,NO PEDESTRIANS INVOLVED,6/23/2018 12:00:00 AM,A,21658(a) VC,False,1,I-880 S/B,,,6/24/2018 11:32:34 AM,A,N,615.0,Hegenberger Rd,F,,D,6/24/2018 11:33:16 AM,6/24/2018 11:33:16 AM,,True,2,,,,,,,
754326,9335-2018-01343,1,False,9335,6/13/2018 8:13:00 PM,2013,84,14,109,Oakland,1,True,True,B,SIDE SWIPE,,Wednesday,NotApplicable,False,M,,False,True,False,Oakland Superior,C,OTHER MOTOR VEHICLE,,0,0,CLEAR,,NO UNUSUAL CONDITIONS,,A,DAYLIGHT,37.82096,-122.334394,,,,,A,NO PEDESTRIANS INVOLVED,6/13/2018 12:00:00 AM,A,22107,False,1,I-80 E/B,,,6/24/2018 7:41:33 AM,A,E,4540.0,SAN FRANCISCO / ALAMEDA COUNTY LINE,F,,D,6/24/2018 7:42:06 AM,6/24/2018 7:42:06 AM,,True,2,,,,,,,
754321,9370-2018-02370,1,False,9370,6/23/2018 1:08:00 AM,108,52,14,109,Oakland,1,True,True,C,REAR END,,Saturday,Yes,False,,,False,True,False,Oakland Superior,C,OTHER MOTOR VEHICLE,,0,0,CLEAR,,NO UNUSUAL CONDITIONS,,D,DARK-NO STREET LIGHTS,37.76002,-122.14827,,,,,A,NO PEDESTRIANS INVOLVED,6/23/2018 12:00:00 AM,A,23152(a),True,1,I-580 E/B,,,6/24/2018 5:22:53 AM,A,W,460.0,Twin Oaks Way,F,,D,6/24/2018 5:24:36 AM,6/24/2018 5:24:36 AM,,True,2,,,,,,,
754289,9370-2018-02281,1,False,9370,6/17/2018 6:20:00 PM,1820,176,14,109,Oakland,1,True,True,C,REAR END,,Sunday,Yes,False,,,False,True,True,Oakland Superior,C,OTHER MOTOR VEHICLE,,0,0,CLEAR,,NO UNUSUAL CONDITIONS,,A,DAYLIGHT,37.461299,-122.131991,,,,,A,NO PEDESTRIANS INVOLVED,6/17/2018 12:00:00 AM,A,22350,False,2,I-880 S/B,,,6/23/2018 9:05:11 PM,A,S,640.0,Fruitvale Ave,F,,D,6/23/2018 9:05:48 PM,6/23/2018 9:05:48 PM,,True,2,,,,,,,
754278,9370-2018-02293,1,False,9370,6/18/2018 6:25:00 AM,625,55,14,109,Oakland,1,True,True,E,HIT OBJECT,,Monday,NotApplicable,True,,,False,True,True,Oakland Superior,J,OTHER OBJECT,TIRE AND WHEEL,0,0,CLEAR,,NO UNUSUAL CONDITIONS,,B,DUSK-DAWN,37.821218,-122.269617,,,,,A,NO PEDESTRIANS INVOLVED,6/18/2018 12:00:00 AM,C,,,,I-580 W/B to I-980 W/B,,,6/23/2018 7:56:19 PM,A,N,750.0,30th St.,F,,A,6/23/2018 7:57:00 PM,6/23/2018 7:57:00 PM,,True,2,,,,,,,
754264,9370-2018-02294,1,False,9370,6/18/2018 6:36:00 AM,636,55,14,109,Oakland,1,True,True,C,REAR END,,Monday,Yes,True,,,False,True,True,Oakland Superior,C,OTHER MOTOR VEHICLE,,1,0,CLEAR,,NO UNUSUAL CONDITIONS,,B,DUSK-DAWN,37.821153,-122.269613,,,,,A,NO PEDESTRIANS INVOLVED,6/18/2018 12:00:00 AM,A,21658(A) VC,False,3,I-580 W/B TO I-980 W/B,,,6/23/2018 6:32:31 PM,A,N,580.0,30TH ST.,F,,A,6/23/2018 6:33:30 PM,6/23/2018 6:33:30 PM,,True,2,,,,,,,
754260,9370-2018-02306,1,False,9370,6/17/2018 9:20:00 PM,2120,25,14,109,Oakland,1,True,True,E,HIT OBJECT,,Sunday,Yes,False,,,False,True,True,Oakland Superior,J,OTHER OBJECT,Yellow Attenuator Barrels,0,0,CLEAR,,NO UNUSUAL CONDITIONS,,D,DARK-NO STREET LIGHTS,37.493892,-122.16122,,,,,A,NO PEDESTRIANS INVOLVED,6/17/2018 12:00:00 AM,A,23152(a) VC,True,1,SR-24 Eastbound,,,6/23/2018 6:07:07 PM,A,W,715.0,40th St,F,,D,6/23/2018 6:07:43 PM,6/23/2018 6:07:43 PM,,True,2,,,,,,,
754244,9370-2018-02330,1,False,9370,6/20/2018 9:55:00 AM,955,8,14,109,Oakland,1,True,True,B,SIDE SWIPE,,Wednesday,NotApplicable,False,,,False,True,False,Oakland Superior,C,OTHER MOTOR VEHICLE,,0,0,CLEAR,,NO UNUSUAL CONDITIONS,,School Bus CollisionA,DAYLIGHT,37.493974,-122.174566,,,,,A,NO PEDESTRIANS INVOLVED,6/20/2018 12:00:00 AM,A,22107,False,1,I-80 W/B,,,6/23/2018 3:52:28 PM,A,E,4000.0,W. GRAND AVE,F,,D,6/23/2018 3:53:21 PM,6/23/2018 3:53:21 PM,,True,2,,,,,,,
754239,9370-2018-02363,1,False,9370,6/22/2018 5:21:00 PM,1721,177,14,109,Oakland,1,True,True,B,SIDE SWIPE,,Friday,NotApplicable,False,,,False,True,False,Oakland Superior,A,NON-COLLISION,,0,0,CLEAR,,NO UNUSUAL CONDITIONS,,A,DAYLIGHT,37.464648,-122.141713,,,,,A,NO PEDESTRIANS INVOLVED,6/22/2018 12:00:00 AM,A,21658(a),False,,I-880 N/B,,,6/23/2018 3:26:41 PM,A,N,480.0,23rd Ave,F,,D,6/23/2018 3:27:15 PM,6/23/2018 3:27:15 PM,,True,2,,,,,,,
754232,9370-2018-02280,1,False,9370,6/17/2018 5:16:00 PM,1716,176,14,109,Oakland,1,True,True,C,REAR END,,Sunday,NotApplicable,False,,,False,True,True,Oakland Superior,C,OTHER MOTOR VEHICLE,,0,0,CLEAR,,NO UNUSUAL CONDITIONS,,A,DAYLIGHT,37.461299,-122.131991,,,,,A,NO PEDESTRIANS INVOLVED,6/17/2018 12:00:00 AM,A,22350,False,3,I-880 S/B,,,6/23/2018 3:05:47 PM,A,S,651.0,Fruitvale Ave,F,,D,6/23/2018 3:06:22 PM,6/23/2018 3:06:22 PM,,True,2,,,,,,,
754194,9370-2018-02341,1,False,9370,6/21/2018 6:35:00 AM,635,176,14,109,Oakland,1,True,True,B,SIDE SWIPE,,Thursday,NotApplicable,False,,,False,True,True,Oakland Superior,C,OTHER MOTOR VEHICLE,,0,0,CLOUDY,,NO UNUSUAL CONDITIONS,,A,DAYLIGHT,37.72862,-122.185786,,,,,A,NO PEDESTRIANS INVOLVED,6/21/2018 12:00:00 AM,A,22350 VC,True,3,I-880 N/B,,,6/23/2018 10:04:53 AM,A,S,0.24,98th Ave.,M,,D,6/23/2018 10:05:26 AM,6/23/2018 10:05:26 AM,,True,2,,,,,,,
754179,9370-2018-02279,1,False,9370,6/16/2018 7:00:00 PM,1900,24,14,109,Oakland,1,True,True,B,SIDE SWIPE,,Saturday,NotApplicable,False,M,,False,True,False,Oakland Superior,C,OTHER MOTOR VEHICLE,,0,0,CLOUDY,,NO UNUSUAL CONDITIONS,,A,DAYLIGHT,37.505976,-122.142644,,,,,A,NO PEDESTRIANS INVOLVED,6/16/2018 12:00:00 AM,A,21658(a) VC,False,1,SR-24 Westbound,,,6/23/2018 6:26:50 AM,A,W,250.0,Golden Gate Avenue,F,,D,6/23/2018 6:27:26 AM,6/23/2018 6:27:26 AM,,True,2,,,,,,,
754172,9370-2018-02242,1,False,9370,6/14/2018 4:35:00 PM,1635,13,14,109,Oakland,1,True,True,C,REAR END,,Thursday,NotApplicable,False,,,False,True,False,Oakland Superior,C,OTHER MOTOR VEHICLE,,0,0,CLEAR,,NO UNUSUAL CONDITIONS,,A,DAYLIGHT,37.472236,-122.105322,,,,,A,NO PEDESTRIANS INVOLVED,6/14/2018 12:00:00 AM,A,22350,False,1,SR-13 S/B,,,6/22/2018 9:54:31 PM,A,S,1530.0,Carson St,F,,D,6/22/2018 9:55:14 PM,6/22/2018 9:55:14 PM,,True,2,,,,,,,
754166,9370-2018-02346,1,False,9370,6/21/2018 10:50:00 AM,1050,54,14,109,Oakland,1,True,True,C,REAR END,,Thursday,NotApplicable,False,M,,False,True,True,Oakland Superior,C,OTHER MOTOR VEHICLE,,0,0,CLEAR,,NO UNUSUAL CONDITIONS,,A,DAYLIGHT,37.814314,-122.251178,,,,,A,NO PEDESTRIANS INVOLVED,6/21/2018 12:00:00 AM,A,22350,False,1,I-580 E/B,,,6/22/2018 8:47:33 PM,A,E,600.0,CHETWOOD STREET,F,,D,6/22/2018 8:48:05 PM,6/22/2018 8:48:05 PM,,True,2,,,,,,,
754160,9370-2018-02342,1,False,9370,6/21/2018 6:05:00 AM,605,8,14,109,Oakland,1,True,True,C,REAR END,,Thursday,NotApplicable,False,M,,False,True,False,Oakland Superior,C,OTHER MOTOR VEHICLE,,0,0,CLEAR,,NO UNUSUAL CONDITIONS,,A,DAYLIGHT,37.825021,-122.31345,,,,,A,NO PEDESTRIANS INVOLVED,6/21/2018 12:00:00 AM,A,22350,False,1,I-80 W/B,,,6/22/2018 8:15:08 PM,A,E,180.0,SFOBB TOLL PLAZA,F,,D,6/22/2018 8:15:39 PM,6/22/2018 8:15:39 PM,,True,2,,,,,,,
754130,9370-2018-02319,1,False,9370,6/19/2018 2:00:00 PM,1400,177,14,109,Oakland,1,True,True,C,REAR END,,Tuesday,NotApplicable,False,,,False,True,False,Oakland Superior,C,OTHER MOTOR VEHICLE,,0,0,CLEAR,,NO UNUSUAL CONDITIONS,,A,DAYLIGHT,37.79233,-122.262383,,,,,A,NO PEDESTRIANS INVOLVED,6/19/2018 12:00:00 AM,A,22350,False,1,I-880 N/B,,,6/22/2018 5:55:46 PM,A,S,1500.0,Oak St,F,,D,6/22/2018 5:56:21 PM,6/22/2018 5:56:21 PM,,True,2,,,,,,,