collision-id,report-number,report-version,is-preliminary,ncic-code,crash-date-time,crash-time-description,beat,city-id,city-code,city-name,county-code,city-is-active,city-is-incorporated,collision-type-code,collision-type-description,collision-type-other-desc,day-of-week,dispatch-notified,has-photographs,hit-run,is-attachments-mailed,is-deleted,is-highway-related,is-tow-away,judicial-district,motor-vehicle-involved-with-code,motor-vehicle-involved-with-desc,motor-vehicle-involved-with-other-desc,number-injured,number-killed,weather-1,weather-2,road-condition-1,road-condition-2,special-condition-lighting-code,lighting-description,latitude,longitude,milepost-direction,milepost-distance,milepost-marker,milepost-unit-of-measure,pedestrian-action-code,pedestrian-action-desc,prepared-date,primary-collision-factor-code,primary-collision-factor-violation,primary-collision-factor-is-cited,primary-collision-party-number,primary-road,reporting-district,reporting-district-code,reviewed-date,roadway-surface-code,secondary-direction,secondary-distance,secondary-road,secondary-unit-of-measure,sketch-desc,traffic-control-device-code,created-date,modified-date,is-county-road,is-freeway,chp-555-version,is-additonal-object-struck,notification-date,notification-time-description,has-digital-media-files,evidence-number,is-location-refer-to-narrative,is-aoi-one-same-as-location
754128,9370-2018-02231,1,False,9370,6/13/2018 4:33:00 PM,1633,24,14,109,Oakland,1,True,True,B,SIDE SWIPE,,Wednesday,NotApplicable,False,,,False,True,False,Oakland Superior,C,OTHER MOTOR VEHICLE,,0,0,CLEAR,,NO UNUSUAL CONDITIONS,,A,DAYLIGHT,37.853531,-122.221441,,,,,A,NO PEDESTRIANS INVOLVED,6/13/2018 12:00:00 AM,A,21658(a),False,1,SR-24 E/B,,,6/22/2018 5:45:59 PM,A,W,1300.0,Caldecott Tunl (Bore #2),F,,D,6/22/2018 5:46:27 PM,6/22/2018 5:46:27 PM,,True,2,,,,,,,
754124,9370-2018-02164,1,False,9370,6/10/2018 4:20:00 PM,1620,13,14,109,Oakland,1,True,True,E,HIT OBJECT,,Sunday,NotApplicable,False,,,False,True,True,Oakland Superior,J,OTHER OBJECT,CONCRETE WALL,1,0,CLEAR,,NO UNUSUAL CONDITIONS,,A,DAYLIGHT,37.50333,-122.133307,,,,,A,NO PEDESTRIANS INVOLVED,6/10/2018 12:00:00 AM,A,22350,False,1,SR-13 S/B TO BROADWAY TERRACE,,,6/22/2018 5:34:08 PM,A,E,120.0,Broadway Ter,F,,D,6/22/2018 5:34:46 PM,6/22/2018 5:34:46 PM,,True,2,,,,,,,
753891,9370-2018-02245,1,False,9370,6/14/2018 4:55:00 PM,1655,55,14,109,Oakland,1,True,True,B,SIDE SWIPE,,Thursday,NotApplicable,False,,,False,True,True,Oakland Superior,C,OTHER MOTOR VEHICLE,,0,0,CLEAR,,NO UNUSUAL CONDITIONS,,A,DAYLIGHT,37.827248,-122.28213,,,,,A,NO PEDESTRIANS INVOLVED,6/14/2018 12:00:00 AM,A,21658(a),False,1,I-580 E/B,,,6/22/2018 12:07:37 PM,A,W,200.0,Peralta St,F,,D,6/22/2018 12:08:13 PM,6/22/2018 12:08:13 PM,,True,2,,,,,,,
753866,9370-2018-02244,1,False,9370,6/14/2018 6:35:00 PM,1835,52,14,109,Oakland,1,True,True,C,REAR END,,Thursday,NotApplicable,False,,,False,True,True,Oakland Superior,C,OTHER MOTOR VEHICLE,,0,0,CLEAR,,NO UNUSUAL CONDITIONS,,A,DAYLIGHT,37.757372,-122.147932,,,,,A,NO PEDESTRIANS INVOLVED,6/14/2018 12:00:00 AM,A,22350,False,1,I-580 W/B,,,6/22/2018 11:47:23 AM,A,E,500.0,Twin Oaks Way,F,,D,6/22/2018 11:48:09 AM,6/22/2018 11:48:09 AM,,True,2,,,,,,,
753817,9370-2018-02222,1,False,9370,6/13/2018 6:35:00 AM,635,176,14,109,Oakland,1,True,True,C,REAR END,,Wednesday,NotApplicable,False,,,False,True,False,Oakland Superior,C,OTHER MOTOR VEHICLE,,0,0,CLEAR,,NO UNUSUAL CONDITIONS,,A,DAYLIGHT,37.77576,-122.234769,,,,,A,NO PEDESTRIANS INVOLVED,6/13/2018 12:00:00 AM,A,22350,False,2,I-880 N/B,,,6/22/2018 11:01:52 AM,A,S,800.0,23rd Ave,F,,D,6/22/2018 11:02:34 AM,6/22/2018 11:02:34 AM,,True,2,,,,,,,
753804,9370-2018-02233,1,False,9370,6/13/2018 6:50:00 PM,1850,176,14,109,Oakland,1,True,True,C,REAR END,,Wednesday,NotApplicable,False,,,False,True,False,Oakland Superior,C,OTHER MOTOR VEHICLE,,0,0,CLEAR,,NO UNUSUAL CONDITIONS,,A,DAYLIGHT,37.72952,-122.18692,,,,,A,NO PEDESTRIANS INVOLVED,6/13/2018 12:00:00 AM,A,22350,False,1,I-880 S/B,,,6/22/2018 10:46:45 AM,A,S,700.0,98th Ave,F,,D,6/22/2018 10:47:21 AM,6/22/2018 10:47:21 AM,,True,2,,,,,,,
753768,9335-2018-01277,1,False,9335,6/12/2018 10:00:00 AM,1000,82,14,109,Oakland,1,True,True,B,SIDE SWIPE,,Tuesday,NotApplicable,False,M,,False,True,False,Oakland Superior,C,OTHER MOTOR VEHICLE,,0,0,CLEAR,,NO UNUSUAL CONDITIONS,,A,DAYLIGHT,37.82448,-122.314287,,,,,A,NO PEDESTRIANS INVOLVED,6/12/2018 12:00:00 AM,A,21658(a)VC,False,2,I-80 WESTBOUND,,,6/22/2018 10:22:22 AM,A,W,120.0,SFOBB TOLL PLAZA,F,,D,6/22/2018 10:22:52 AM,6/22/2018 10:22:52 AM,,True,2,,,,,,,
753456,9370-2018-02200,1,False,9370,6/12/2018 2:34:00 AM,234,55,14,109,Oakland,1,True,True,E,HIT OBJECT,,Tuesday,NotApplicable,False,,,False,True,True,Oakland Superior,J,OTHER OBJECT,WHEEL,0,0,CLEAR,,NO UNUSUAL CONDITIONS,,D,DARK-NO STREET LIGHTS,37.821863,-122.258713,,,,,A,NO PEDESTRIANS INVOLVED,6/12/2018 12:00:00 AM,C,,,,I-580 W/B,,,6/21/2018 7:07:26 PM,A,W,810.0,HARRISON STREET,F,,D,6/21/2018 7:07:54 PM,6/21/2018 7:07:54 PM,,True,2,,,,,,,
753454,9370-2018-02199,1,False,9370,6/12/2018 2:32:00 AM,232,55,14,109,Oakland,1,True,True,E,HIT OBJECT,,Tuesday,Yes,False,,,False,True,True,Oakland Superior,J,OTHER OBJECT,WHEEL,1,0,CLEAR,,NO UNUSUAL CONDITIONS,,D,DARK-NO STREET LIGHTS,37.821037,-122.256932,,,,,A,NO PEDESTRIANS INVOLVED,6/12/2018 12:00:00 AM,C,,,,I-580 W/B,,,6/21/2018 7:04:57 PM,A,W,800.0,Harrison St,F,,D,6/21/2018 7:05:37 PM,6/21/2018 7:05:37 PM,,True,2,,,,,,,
753452,9370-2018-02324,1,False,9370,6/19/2018 10:50:00 PM,2250,8,14,109,Oakland,1,True,True,C,REAR END,,Tuesday,NotApplicable,False,M,,False,True,False,Oakland Superior,C,OTHER MOTOR VEHICLE,,0,0,CLEAR,,CONSTRUCTION-REPAIR ZONE,,D,DARK-NO STREET LIGHTS,37.824729,-122.307618,,,,,A,NO PEDESTRIANS INVOLVED,6/19/2018 12:00:00 AM,A,22350,False,1,I-80 E/B,,,6/21/2018 7:02:31 PM,A,E,560.0,WEST GRAND O/C,F,,A,6/21/2018 7:03:12 PM,6/21/2018 7:03:12 PM,,True,2,,,,,,,
753450,9370-2018-02194,1,False,9370,6/11/2018 7:39:00 PM,1939,98,14,109,Oakland,1,True,True,E,HIT OBJECT,,Monday,Yes,False,,,False,True,True,Oakland Superior,I,FIXED OBJECT,Dirt Embankment,1,0,CLEAR,,NO UNUSUAL CONDITIONS,,A,DAYLIGHT,37.80942,-122.27651,,,,,A,NO PEDESTRIANS INVOLVED,6/11/2018 12:00:00 AM,A,22107,False,1,I-980 W/B,,,6/21/2018 6:54:53 PM,A,E,151.0,17th St,F,,D,6/21/2018 6:55:33 PM,6/21/2018 6:55:33 PM,,True,2,,,,,,,
753445,9370-2018-02197,1,False,9370,6/12/2018 2:27:00 AM,227,55,14,109,Oakland,1,True,True,E,HIT OBJECT,,Tuesday,NotApplicable,False,,,False,True,True,Oakland Superior,J,OTHER OBJECT,WHEEL,0,0,CLEAR,,NO UNUSUAL CONDITIONS,,D,DARK-NO STREET LIGHTS,37.821647,-122.258552,,,,,A,NO PEDESTRIANS INVOLVED,6/12/2018 12:00:00 AM,C,,,,I-580 E/B,,,6/21/2018 6:47:12 PM,A,W,500.0,Harrison St,F,,D,6/21/2018 6:47:40 PM,6/21/2018 6:47:40 PM,,True,2,,,,,,,
753443,9370-2018-02220,2,False,9370,6/13/2018 8:20:00 AM,820,53,14,109,Oakland,1,True,True,B,SIDE SWIPE,,Wednesday,Yes,False,F,,False,True,True,Oakland Superior,C,OTHER MOTOR VEHICLE,,3,0,CLEAR,,NO UNUSUAL CONDITIONS,,A,DAYLIGHT,37.759737,-122.148054,,,,,A,NO PEDESTRIANS INVOLVED,6/13/2018 12:00:00 AM,A,21658(a),False,1,I-580 E/B,,,6/29/2018 8:19:38 AM,A,W,345.0,Twin Oaks Way,F,,D,6/21/2018 6:43:28 PM,6/29/2018 8:19:53 AM,,True,2,,,,,,,
753408,9370-2018-02124,1,False,9370,6/7/2018 12:13:00 AM,13,55,14,109,Oakland,1,True,True,F,OVERTURNED,,Thursday,NotApplicable,False,,,False,True,False,Oakland Superior,A,NON-COLLISION,,1,0,CLEAR,,NO UNUSUAL CONDITIONS,,D,DARK-NO STREET LIGHTS,37.82271,-122.26094,,,,,A,NO PEDESTRIANS INVOLVED,6/7/2018 12:00:00 AM,A,22350,False,1,I-580 W/B,,,6/21/2018 4:54:37 PM,A,W,431.0,Broadway,F,,D,6/21/2018 4:55:20 PM,6/21/2018 4:55:20 PM,,True,2,,,,,,,
753374,9370-2018-02301,1,False,9370,6/12/2018 2:28:00 AM,228,55,14,109,Oakland,1,True,True,E,HIT OBJECT,,Tuesday,NotApplicable,False,,,False,True,False,Oakland Superior,J,OTHER OBJECT,WHEEL,0,0,CLEAR,,NO UNUSUAL CONDITIONS,,D,DARK-NO STREET LIGHTS,37.812164,-122.258552,,,,,A,NO PEDESTRIANS INVOLVED,6/12/2018 12:00:00 AM,C,,,,I-580 E/B,,,6/21/2018 4:17:25 PM,A,W,530.0,Harrison St,F,,D,6/21/2018 4:18:59 PM,6/21/2018 4:18:59 PM,,True,2,,,,,,,
753365,9370-2018-02205,1,False,9370,6/12/2018 8:20:00 AM,820,55,14,109,Oakland,1,True,True,B,SIDE SWIPE,,Tuesday,NotApplicable,False,,,False,True,False,Oakland Superior,C,OTHER MOTOR VEHICLE,,0,0,CLEAR,,NO UNUSUAL CONDITIONS,,A,DAYLIGHT,37.493779,-122.164703,,,,,A,NO PEDESTRIANS INVOLVED,6/12/2018 12:00:00 AM,A,21658(a),False,1,I-580 W/B,,,6/21/2018 4:07:10 PM,A,W,300.0,San Pablo Ave,F,,D,6/21/2018 4:07:41 PM,6/21/2018 4:07:41 PM,,True,2,,,,,,,
753000,9370-2018-02186,1,False,9370,6/11/2018 12:45:00 PM,1245,13,14,109,Oakland,1,True,True,C,REAR END,,Monday,NotApplicable,False,,,False,True,False,Oakland Superior,C,OTHER MOTOR VEHICLE,,0,0,CLEAR,,NO UNUSUAL CONDITIONS,,A,DAYLIGHT,37.503153,-122.132961,,,,,A,NO PEDESTRIANS INVOLVED,6/11/2018 12:00:00 AM,A,22350,False,1,SR-13 N/B,,,6/21/2018 11:43:08 AM,A,N,200.0,BROADWAY TERRACE,F,,D,6/21/2018 11:43:45 AM,6/21/2018 11:43:45 AM,,True,2,,,,,,,
752987,9370-2018-02185,1,False,9370,6/11/2018 7:23:00 AM,723,55,14,109,Oakland,1,True,True,C,REAR END,,Monday,NotApplicable,False,,,False,True,False,Oakland Superior,C,OTHER MOTOR VEHICLE,,0,0,CLEAR,,NO UNUSUAL CONDITIONS,,A,DAYLIGHT,37.492423,-122.155002,,,,,A,NO PEDESTRIANS INVOLVED,6/11/2018 12:00:00 AM,A,22350,False,1,I-580 W/B,,,6/21/2018 11:31:02 AM,A,E,580.0,Telegraph Ave,F,,D,6/21/2018 11:31:30 AM,6/21/2018 11:31:30 AM,,True,2,,,,,,,
752981,9370-2018-02190,1,False,9370,6/11/2018 2:20:00 PM,1420,176,14,109,Oakland,1,True,True,C,REAR END,,Monday,NotApplicable,False,,,False,True,False,Oakland Superior,C,OTHER MOTOR VEHICLE,,4,0,CLEAR,,NO UNUSUAL CONDITIONS,,A,DAYLIGHT,37.726288,-122.183623,,,,,A,NO PEDESTRIANS INVOLVED,6/11/2018 12:00:00 AM,A,22350 VC,False,1,I-880 N/B,,,6/21/2018 11:25:58 AM,A,S,2376.0,98th Ave,F,,D,6/21/2018 11:27:01 AM,6/21/2018 11:27:01 AM,,True,2,,,,,,,
752970,9370-2018-02180,1,False,9370,6/11/2018 6:45:00 AM,645,55,14,109,Oakland,1,True,True,C,REAR END,,Monday,Yes,False,,,False,True,False,Oakland Superior,C,OTHER MOTOR VEHICLE,,2,0,CLEAR,,NO UNUSUAL CONDITIONS,,A,DAYLIGHT,37.493816,-122.17577,,,,,A,NO PEDESTRIANS INVOLVED,6/11/2018 12:00:00 AM,A,22350,False,1,I-580 W/B,,,6/21/2018 11:20:55 AM,A,W,90.0,West St,F,,D,6/21/2018 11:21:46 AM,6/21/2018 11:21:46 AM,,True,2,,,,,,,
752935,9370-2018-02034,1,False,9370,5/30/2018 1:25:00 PM,1325,54,14,109,Oakland,1,True,True,B,SIDE SWIPE,,Wednesday,NotApplicable,False,M,,False,True,True,Oakland Superior,C,OTHER MOTOR VEHICLE,,0,0,CLEAR,,NO UNUSUAL CONDITIONS,,A,DAYLIGHT,37.814486,-122.2513,,,,,A,NO PEDESTRIANS INVOLVED,5/30/2018 12:00:00 AM,A,22107,False,1,I-580 eastbound,,,6/21/2018 10:44:00 AM,A,E,500.0,Chetwood St,F,,D,6/21/2018 10:47:51 AM,6/21/2018 10:47:51 AM,,True,2,,,,,,,
773888,9370-2018-02614,2,False,9370,7/14/2018 10:00:00 PM,2200,55,14,109,Oakland,1,True,True,C,REAR END,,Saturday,Yes,False,,,False,True,True,Oakland Superior,C,OTHER MOTOR VEHICLE,,2,0,CLEAR,,NO UNUSUAL CONDITIONS,,D,DARK-NO STREET LIGHTS,37.824787,-122.269898,,,,,A,NO PEDESTRIANS INVOLVED,7/14/2018 12:00:00 AM,A,22350,False,1,I-580 W/B,,,7/25/2018 9:21:03 AM,A,E,400.0,WEST STREET,F,,D,7/21/2018 7:47:11 AM,7/25/2018 9:21:14 AM,,True,2,,,,,,,
773873,9370-2018-02601,1,False,9370,7/15/2018 11:40:00 AM,1140,8,14,109,Oakland,1,True,True,B,SIDE SWIPE,,Sunday,NotApplicable,False,,,False,True,False,Oakland Superior,C,OTHER MOTOR VEHICLE,,0,0,CLEAR,,NO UNUSUAL CONDITIONS,,A,DAYLIGHT,37.825029,-122.313736,,,,,A,NO PEDESTRIANS INVOLVED,7/16/2018 12:00:00 AM,D,,,,I-80 W/B,,,7/21/2018 7:20:22 AM,A,W,900.0,W. GRAND AVENUE,F,,D,7/21/2018 7:20:51 AM,7/21/2018 7:20:51 AM,,True,2,,,,,,,
773871,9370-2018-02578,1,False,9370,7/13/2018 2:20:00 PM,1420,55,14,109,Oakland,1,True,True,C,REAR END,,Friday,NotApplicable,False,,,False,True,False,Oakland Superior,C,OTHER MOTOR VEHICLE,,0,0,CLEAR,,NO UNUSUAL CONDITIONS,,A,DAYLIGHT,37.493625,-122.164055,,,,,A,NO PEDESTRIANS INVOLVED,7/13/2018 12:00:00 AM,A,22350,False,1,I-580 W/B,,,7/21/2018 7:01:37 AM,A,W,810.0,Market St,F,,D,7/21/2018 7:02:11 AM,7/21/2018 7:02:11 AM,,True,2,,,,,,,
773406,9335-2018-01503,1,False,9335,7/10/2018 7:00:00 AM,700,82,14,109,Oakland,1,True,True,B,SIDE SWIPE,,Tuesday,NotApplicable,False,,,False,True,False,Oakland Superior,C,OTHER MOTOR VEHICLE,,0,0,CLEAR,,NO UNUSUAL CONDITIONS,,A,DAYLIGHT,37.823107,-122.320586,,,,,A,NO PEDESTRIANS INVOLVED,7/10/2018 12:00:00 AM,B,UNSAFE MERGING,,,I-80 W/B,,,7/20/2018 9:58:43 AM,A,W,990.0,SFOBB METERING LIGHTS,F,,D,7/20/2018 9:59:13 AM,7/20/2018 9:59:13 AM,,True,2,,,,,,,
773179,9370-2018-02642,1,False,9370,7/19/2018 4:59:00 PM,1659,177,14,109,Oakland,1,True,True,C,REAR END,,Thursday,NotApplicable,False,,,False,True,False,Oakland Superior,C,OTHER MOTOR VEHICLE,,0,0,CLEAR,,NO UNUSUAL CONDITIONS,,A,DAYLIGHT,37.473384,-122.154732,,,,,A,NO PEDESTRIANS INVOLVED,7/19/2018 12:00:00 AM,A,22350,False,2,I-880 S/B,,,7/20/2018 5:53:00 AM,A,S,947.0,Oak Street Path,F,,D,7/20/2018 5:54:11 AM,7/20/2018 5:54:11 AM,,True,2,,,,,,,
773173,9370-2018-02640,1,False,9370,7/19/2018 5:00:00 AM,500,24,14,109,Oakland,1,True,True,C,REAR END,,Thursday,NotApplicable,False,,,False,True,False,Oakland Superior,C,OTHER MOTOR VEHICLE,,0,0,CLEAR,,NO UNUSUAL CONDITIONS,,C,DARK-STREET LIGHTS,37.85644,-122.21375,,,,,A,NO PEDESTRIANS INVOLVED,7/19/2018 12:00:00 AM,A,22350,False,1,SR-24 E/B,,,7/20/2018 5:47:13 AM,A,E,599.0,Caldecott Tunnel Bore #1 edge,F,,D,7/20/2018 5:47:44 AM,7/20/2018 5:47:44 AM,,True,2,,,,,,,
773163,9370-2018-02634,1,False,9370,7/18/2018 4:35:00 PM,1635,177,14,109,Oakland,1,True,True,B,SIDE SWIPE,,Wednesday,NotApplicable,False,,,False,True,True,Oakland Superior,C,OTHER MOTOR VEHICLE,,1,0,CLEAR,,CONSTRUCTION-REPAIR ZONE,,A,DAYLIGHT,37.464237,-122.141465,,,,,A,NO PEDESTRIANS INVOLVED,7/18/2018 12:00:00 AM,A,22107,False,1,I-880 N/B,,,7/20/2018 5:26:52 AM,A,N,25.0,23rd Av Ovps,F,,D,7/20/2018 5:27:55 AM,7/20/2018 5:27:55 AM,,True,2,,,,,,,
772747,9370-2018-02546,1,False,9370,7/9/2018 11:50:00 AM,1150,177,14,109,Oakland,1,True,True,C,REAR END,,Monday,NotApplicable,False,,,False,True,True,Oakland Superior,C,OTHER MOTOR VEHICLE,,0,0,CLEAR,,NO UNUSUAL CONDITIONS,,A,DAYLIGHT,37.778282,-122.237643,,,,,A,NO PEDESTRIANS INVOLVED,7/9/2018 12:00:00 AM,A,22350,False,1,I-880 S/B,,,7/19/2018 12:09:49 PM,A,N,400.0,23rd Av Ovps,F,,D,7/19/2018 12:10:32 PM,7/19/2018 12:10:32 PM,,True,2,,,,,,,
772711,9370-2018-02567,1,False,9370,7/12/2018 3:00:00 PM,1500,53,14,109,Oakland,1,True,True,E,HIT OBJECT,,Thursday,NotApplicable,False,,,False,True,True,Oakland Superior,C,OTHER MOTOR VEHICLE,,0,0,CLEAR,,NO UNUSUAL CONDITIONS,,A,DAYLIGHT,37.481236,-122.135518,,,,,A,NO PEDESTRIANS INVOLVED,7/12/2018 12:00:00 AM,A,22107,False,1,I-580 W/B,,,7/19/2018 11:42:25 AM,A,W,360.0,13th Ave,F,,D,7/19/2018 11:43:12 AM,7/19/2018 11:43:12 AM,,True,2,,,,,,,
772371,9370-2018-02619,1,False,9370,7/17/2018 6:21:00 AM,621,24,14,109,Oakland,1,True,True,C,REAR END,,Tuesday,NotApplicable,False,,,False,True,False,Oakland Superior,C,OTHER MOTOR VEHICLE,,0,0,CLOUDY,,NO UNUSUAL CONDITIONS,,A,DAYLIGHT,37.85477,-122.21884,,,,,A,NO PEDESTRIANS INVOLVED,7/17/2018 12:00:00 AM,A,22350,False,6,SR-24 W/B,,,7/19/2018 7:13:17 AM,A,E,824.0,Caldecott Ln,F,,D,7/19/2018 7:13:59 AM,7/19/2018 7:13:59 AM,,True,2,,,,,,,
772353,9370-2018-02576,1,False,9370,7/13/2018 7:40:00 PM,1940,177,14,109,Oakland,1,True,True,C,REAR END,,Friday,Yes,False,,,False,True,False,Oakland Superior,C,OTHER MOTOR VEHICLE,,1,0,CLEAR,,NO UNUSUAL CONDITIONS,,B,DUSK-DAWN,37.47462,-122.16701,,,,,A,NO PEDESTRIANS INVOLVED,7/13/2018 12:00:00 AM,A,22350,False,1,I-880 N/B,,,7/19/2018 6:56:28 AM,A,S,50.0,Jackson St,F,,D,7/19/2018 6:58:10 AM,7/19/2018 6:58:10 AM,,True,2,,,,,,,
772349,9370-2018-02620,1,False,9370,7/17/2018 9:03:00 AM,903,13,14,109,Oakland,1,True,True,C,REAR END,,Tuesday,NotApplicable,False,,,False,True,False,Oakland Superior,C,OTHER MOTOR VEHICLE,,0,0,CLEAR,,NO UNUSUAL CONDITIONS,,A,DAYLIGHT,37.82902,-122.2133,,,,,A,NO PEDESTRIANS INVOLVED,7/17/2018 12:00:00 AM,A,22350,False,2,SR-13 N/B,,,7/19/2018 6:48:41 AM,A,S,1000.0,Thornhill Dr,F,,D,7/19/2018 6:49:11 AM,7/19/2018 6:49:11 AM,,True,2,,,,,,,
772348,9370-2018-02628,1,False,9370,7/17/2018 4:13:00 PM,1613,179,14,109,Oakland,1,True,True,B,SIDE SWIPE,,Tuesday,No,False,,,False,True,False,Oakland Superior,C,OTHER MOTOR VEHICLE,,0,0,CLEAR,,NO UNUSUAL CONDITIONS,,A,DAYLIGHT,37.492373,-122.172908,,,,,A,NO PEDESTRIANS INVOLVED,7/17/2018 12:00:00 AM,A,21658(a),False,1,I-880 N/B,,,7/19/2018 6:43:33 AM,A,N,1320.0,WEST GRAND AVENUE,F,,D,7/19/2018 6:44:09 AM,7/19/2018 6:44:09 AM,,True,2,,,,,,,
772341,9370-2018-02541,1,False,9370,7/10/2018 1:00:00 PM,1300,52,14,109,Oakland,1,True,True,F,OVERTURNED,,Tuesday,Yes,False,,,False,True,False,Oakland Superior,A,NON-COLLISION,,1,0,CLEAR,,NO UNUSUAL CONDITIONS,,A,DAYLIGHT,37.752327,-122.152111,,,,,A,NO PEDESTRIANS INVOLVED,7/10/2018 12:00:00 AM,A,22350,False,1,I-580 E/B FROM 98TH AVENUE,,,7/19/2018 6:29:36 AM,A,E,550.0,Golf Links Rd,F,,D,7/19/2018 6:31:05 AM,7/19/2018 6:31:05 AM,,True,2,,,,,,,
772306,9370-2018-02608,1,False,9370,7/16/2018 4:25:00 PM,1625,24,14,109,Oakland,1,True,True,C,REAR END,,Monday,NotApplicable,False,,,False,True,False,Oakland Superior,C,OTHER MOTOR VEHICLE,,0,0,CLEAR,,NO UNUSUAL CONDITIONS,,A,DAYLIGHT,37.848712,-122.228784,,,,,A,NO PEDESTRIANS INVOLVED,7/16/2018 12:00:00 AM,A,22350,False,2,SR-24 E/B,,,7/19/2018 5:43:37 AM,A,W,100.0,SR-13 S/B,F,,D,7/19/2018 5:44:14 AM,7/19/2018 5:44:14 AM,,True,2,,,,,,,
772296,9370-2018-02609,1,False,9370,7/16/2018 2:40:00 PM,1440,55,14,109,Oakland,1,True,True,E,HIT OBJECT,,Monday,NotApplicable,False,M,,False,True,True,Oakland Superior,I,FIXED OBJECT,CONCRETE WALL,0,0,CLEAR,,NO UNUSUAL CONDITIONS,,A,DAYLIGHT,37.82403,-122.267711,,,,,A,NO PEDESTRIANS INVOLVED,7/16/2018 12:00:00 AM,A,22107,False,1,I-580 E/B,,,7/19/2018 5:24:57 AM,A,E,620.0,Martin Luther King Jr Way,F,,D,7/19/2018 5:25:58 AM,7/19/2018 5:25:58 AM,,True,2,,,,,,,
772293,9370-2018-02606,1,False,9370,7/16/2018 3:00:00 PM,1500,8,14,109,Oakland,1,True,True,C,REAR END,,Monday,NotApplicable,False,M,,False,True,False,Oakland Superior,C,OTHER MOTOR VEHICLE,,0,0,CLEAR,,NO UNUSUAL CONDITIONS,,A,DAYLIGHT,37.501245,-122.174633,,,,,A,NO PEDESTRIANS INVOLVED,7/16/2018 12:00:00 AM,A,22350,False,1,I-80 W/B,,,7/19/2018 5:03:02 AM,A,W,430.0,Powell St,F,,D,7/19/2018 5:04:45 AM,7/19/2018 5:04:45 AM,,True,2,,,,,,,
772230,9370-2018-02583,1,False,9370,7/13/2018 4:30:00 PM,1630,98,14,109,Oakland,1,True,True,E,HIT OBJECT,,Friday,NotApplicable,False,,,False,True,True,Oakland Superior,I,FIXED OBJECT,GUARD RAIL,0,0,CLEAR,,NO UNUSUAL CONDITIONS,,A,DAYLIGHT,37.48143,-122.16453,,,,,A,NO PEDESTRIANS INVOLVED,7/13/2018 12:00:00 AM,A,22107 VC,False,1,I-980 E/B,,,7/18/2018 6:03:29 PM,A,W,277.0,11th St,F,,D,7/18/2018 6:03:59 PM,7/18/2018 6:03:59 PM,,True,2,,,,,,,
772010,9370-2018-02570,1,False,9370,7/13/2018 1:20:00 PM,1320,176,14,109,Oakland,1,True,True,B,SIDE SWIPE,,Friday,NotApplicable,False,,,False,True,True,Oakland Superior,C,OTHER MOTOR VEHICLE,,0,0,CLEAR,,NO UNUSUAL CONDITIONS,,A,DAYLIGHT,37.45454,-122.12562,,,,,A,NO PEDESTRIANS INVOLVED,7/13/2018 12:00:00 AM,A,21658(a),False,1,I-880 N/B,,,7/18/2018 2:02:08 PM,A,S,2440.0,High St,F,,D,7/18/2018 2:02:43 PM,7/18/2018 2:02:43 PM,,True,2,,,,,,,
771800,9370-2018-02521,1,False,9370,7/7/2018 6:45:00 AM,645,177,14,109,Oakland,1,True,True,C,REAR END,,Saturday,Yes,False,,,False,True,False,Oakland Superior,C,OTHER MOTOR VEHICLE,,0,0,CLEAR,,NO UNUSUAL CONDITIONS,,A,DAYLIGHT,37.788283,-122.250718,,,,,A,NO PEDESTRIANS INVOLVED,7/7/2018 12:00:00 AM,A,23152(a),True,1,I-880 S/B,,,7/18/2018 11:18:00 AM,A,N,1700.0,16th Ave,F,,D,7/18/2018 11:18:56 AM,7/18/2018 11:18:56 AM,,True,2,,,,,,,
771729,9370-2018-02565,1,False,9370,7/7/2018 12:30:00 PM,1230,176,14,109,Oakland,1,True,True,C,REAR END,,Saturday,NotApplicable,False,,,False,True,True,Oakland Superior,C,OTHER MOTOR VEHICLE,,2,0,CLEAR,,NO UNUSUAL CONDITIONS,,A,DAYLIGHT,37.767805,-122.219802,,,,,A,NO PEDESTRIANS INVOLVED,7/12/2018 12:00:00 AM,A,22350,False,1,I-880 N/B,,,7/18/2018 10:30:16 AM,A,S,750.0,High St,F,,D,7/18/2018 10:32:05 AM,7/18/2018 10:32:05 AM,,True,2,,,,,,,