collision-id,report-number,report-version,is-preliminary,ncic-code,crash-date-time,crash-time-description,beat,city-id,city-code,city-name,county-code,city-is-active,city-is-incorporated,collision-type-code,collision-type-description,collision-type-other-desc,day-of-week,dispatch-notified,has-photographs,hit-run,is-attachments-mailed,is-deleted,is-highway-related,is-tow-away,judicial-district,motor-vehicle-involved-with-code,motor-vehicle-involved-with-desc,motor-vehicle-involved-with-other-desc,number-injured,number-killed,weather-1,weather-2,road-condition-1,road-condition-2,special-condition-lighting-code,lighting-description,latitude,longitude,milepost-direction,milepost-distance,milepost-marker,milepost-unit-of-measure,pedestrian-action-code,pedestrian-action-desc,prepared-date,primary-collision-factor-code,primary-collision-factor-violation,primary-collision-factor-is-cited,primary-collision-party-number,primary-road,reporting-district,reporting-district-code,reviewed-date,roadway-surface-code,secondary-direction,secondary-distance,secondary-road,secondary-unit-of-measure,sketch-desc,traffic-control-device-code,created-date,modified-date,is-county-road,is-freeway,chp-555-version,is-additonal-object-struck,notification-date,notification-time-description,has-digital-media-files,evidence-number,is-location-refer-to-narrative,is-aoi-one-same-as-location
835400,9370-2018-03744,1,False,9370,10/12/2018 8:50:00 AM,850,52,14,109,Oakland,1,True,True,B,SIDE SWIPE,,Friday,NotApplicable,False,,,False,True,False,Oakland Superior,C,OTHER MOTOR VEHICLE,,0,0,CLEAR,,NO UNUSUAL CONDITIONS,,A,DAYLIGHT,37.75833,-122.147958,,,,,A,NO PEDESTRIANS INVOLVED,10/12/2018 12:00:00 AM,A,21658(a),False,1,I-580 E/B,,,10/14/2018 1:40:35 PM,A,W,1350.0,Golf Links Rd,F,,D,10/14/2018 1:41:40 PM,10/14/2018 1:41:40 PM,,True,2,,,,,,,
835399,9370-2018-03610,1,False,9370,10/3/2018 7:00:00 AM,700,98,14,109,Oakland,1,True,True,E,HIT OBJECT,,Wednesday,NotApplicable,False,,,False,True,True,Oakland Superior,I,FIXED OBJECT,Metal guard rail,0,0,CLEAR,,NO UNUSUAL CONDITIONS,,A,DAYLIGHT,37.80452,-122.27902,,,,,A,NO PEDESTRIANS INVOLVED,10/3/2018 12:00:00 AM,A,22107,False,1,I-980 E/B,,,10/14/2018 1:18:32 PM,A,W,750.0,11th St,F,,D,10/14/2018 1:19:02 PM,10/14/2018 1:19:02 PM,,True,2,,,,,,,
835398,9370-2018-03673,1,False,9370,10/7/2018 12:45:00 PM,1245,176,14,109,Oakland,1,True,True,E,HIT OBJECT,,Sunday,NotApplicable,False,,,False,True,True,Oakland Superior,I,FIXED OBJECT,CONCRETE BARRIER WALL,0,0,CLEAR,,NO UNUSUAL CONDITIONS,,A,DAYLIGHT,37.757743,-122.211265,,,,,A,NO PEDESTRIANS INVOLVED,10/7/2018 12:00:00 AM,A,22107,False,1,I-880 N/B,,,10/14/2018 1:14:47 PM,A,N,1630.0,66th Ave,F,,D,10/14/2018 1:15:29 PM,10/14/2018 1:15:29 PM,,True,2,,,,,,,
835397,9370-2018-03671,1,False,9370,10/7/2018 9:10:00 AM,910,176,14,109,Oakland,1,True,True,E,HIT OBJECT,,Sunday,Yes,False,,,False,True,True,Oakland Superior,I,FIXED OBJECT,CONCRETE WALL,1,0,CLEAR,,NO UNUSUAL CONDITIONS,,A,DAYLIGHT,37.73078,-122.187764,,,,,A,NO PEDESTRIANS INVOLVED,10/7/2018 12:00:00 AM,A,22107,False,1,I-880 S/B,,,10/14/2018 1:07:59 PM,A,S,360.0,98th Ave,F,,D,10/14/2018 1:08:58 PM,10/14/2018 1:08:58 PM,,True,2,,,,,,,
835390,9370-2018-03764,1,False,9370,10/12/2018 5:10:00 PM,1710,24,14,109,Oakland,1,True,True,C,REAR END,,Friday,NotApplicable,False,,,False,True,True,Oakland Superior,C,OTHER MOTOR VEHICLE,,0,0,CLEAR,,NO UNUSUAL CONDITIONS,,A,DAYLIGHT,37.849643,-122.229183,,,,,A,NO PEDESTRIANS INVOLVED,10/12/2018 12:00:00 AM,A,22350,False,1,SR-24 W/B,,,10/14/2018 12:15:42 PM,A,W,200.0,SR-13 S/B,F,,D,10/14/2018 12:16:47 PM,10/14/2018 12:16:47 PM,,True,2,,,,,,,
835387,9370-2018-03747,1,False,9370,10/11/2018 12:20:00 PM,1220,55,14,109,Oakland,1,True,True,E,HIT OBJECT,,Thursday,NotApplicable,False,,,False,True,False,Oakland Superior,I,FIXED OBJECT,METAL GUARD RAIL,1,0,CLEAR,,NO UNUSUAL CONDITIONS,,A,DAYLIGHT,37.826374,-122.276188,,,,,A,NO PEDESTRIANS INVOLVED,10/11/2018 12:00:00 AM,A,22107,False,1,I-580 W/B,,,10/14/2018 12:01:19 PM,A,W,295.0,Market St,F,,D,10/14/2018 12:02:08 PM,10/14/2018 12:02:08 PM,,True,2,,,,,,,
835377,9370-2018-03763,1,False,9370,10/12/2018 9:45:00 PM,2145,178,14,109,Oakland,1,True,True,B,SIDE SWIPE,,Friday,NotApplicable,False,M,,False,True,False,Oakland Superior,C,OTHER MOTOR VEHICLE,,0,0,CLEAR,,NO UNUSUAL CONDITIONS,,C,DARK-STREET LIGHTS,37.4889,-122.17295,,,,,A,NO PEDESTRIANS INVOLVED,10/12/2018 12:00:00 AM,A,21658(a) VC,False,1,I-880 S/B,,,10/14/2018 11:23:11 AM,A,N,800.0,Adeline St,F,,D,10/14/2018 11:23:49 AM,10/14/2018 11:23:49 AM,,True,2,,,,,,,
835370,9370-2018-03674,1,False,9370,10/6/2018 3:50:00 PM,1550,748,14,109,Oakland,1,True,True,B,SIDE SWIPE,,Saturday,NotApplicable,False,,,False,False,False,Oakland Superior,C,OTHER MOTOR VEHICLE,,0,0,CLEAR,,NO UNUSUAL CONDITIONS,,A,DAYLIGHT,37.50236,-122.153491,,,,,A,NO PEDESTRIANS INVOLVED,10/6/2018 12:00:00 AM,B,UNSAFE TURN,,1,5300 CLAREMONT AVE (DMV PARKING LOT),,,10/14/2018 11:01:17 AM,A,E,50.0,Claremont Ave,F,,D,10/14/2018 11:02:00 AM,10/14/2018 11:02:00 AM,True,,2,,,,,,,
835251,9370-2018-03749,1,False,9370,10/12/2018 4:18:00 PM,1618,176,14,109,Oakland,1,True,True,E,HIT OBJECT,,Friday,NotApplicable,False,,,False,True,True,Oakland Superior,I,FIXED OBJECT,CENTER MEDIAN WALL,0,0,CLEAR,,NO UNUSUAL CONDITIONS,,A,DAYLIGHT,37.43423,-122.11868,,,,,A,NO PEDESTRIANS INVOLVED,10/12/2018 12:00:00 AM,A,22350,False,1,I-880 S/B,,,10/13/2018 3:01:33 PM,A,S,1405.0,98th Ave,F,,D,10/13/2018 3:02:10 PM,10/13/2018 3:02:10 PM,,True,2,,,,,,,
835227,9370-2018-03672,3,False,9370,10/4/2018 6:50:00 AM,650,177,14,109,Oakland,1,True,True,B,SIDE SWIPE,,Thursday,Yes,False,,,False,True,True,Oakland Superior,C,OTHER MOTOR VEHICLE,,2,0,CLEAR,,NO UNUSUAL CONDITIONS,,A,DAYLIGHT,37.790754,-122.260707,,,,,A,NO PEDESTRIANS INVOLVED,10/4/2018 12:00:00 AM,A,21658(a),False,1,I-880 S/B,,,10/27/2018 12:30:11 PM,A,N,200.0,5th Ave,F,,D,10/13/2018 1:33:56 PM,10/27/2018 12:31:16 PM,,True,2,,,,,,,
835218,9335-2018-02202,1,False,9335,8/29/2018 11:31:00 AM,1131,82,14,109,Oakland,1,True,True,B,SIDE SWIPE,,Wednesday,NotApplicable,False,M,,False,True,False,Oakland Superior,C,OTHER MOTOR VEHICLE,,0,0,CLEAR,,NO UNUSUAL CONDITIONS,,Counter ReportA,DAYLIGHT,37.823434,-122.31924,,,,,A,NO PEDESTRIANS INVOLVED,8/29/2018 12:00:00 AM,A,21658(a),False,1,I-80 W/B,,,10/13/2018 12:43:35 PM,A,W,480.0,METERING LIGHTS,F,,D,10/13/2018 12:44:18 PM,10/13/2018 12:44:18 PM,,True,2,,,,,,,
835215,9370-2018-03349,1,False,9370,9/11/2018 5:30:00 PM,1730,53,14,109,Oakland,1,True,True,C,REAR END,,Tuesday,NotApplicable,False,,,False,True,False,Oakland Superior,C,OTHER MOTOR VEHICLE,,0,0,CLEAR,,NO UNUSUAL CONDITIONS,,A,DAYLIGHT,37.473955,-122.122171,,,,,A,NO PEDESTRIANS INVOLVED,9/11/2018 12:00:00 AM,A,22350,False,2,I-580 E/B,,,10/13/2018 12:42:48 PM,A,W,1050.0,35th Ave,F,,D,10/13/2018 12:43:18 PM,10/13/2018 12:43:18 PM,,True,2,,,,,,,
835214,9335-2018-02134,1,False,9335,8/29/2018 11:30:00 AM,1130,82,14,109,Oakland,1,True,True,B,SIDE SWIPE,,Wednesday,NotApplicable,False,M,,False,True,False,Oakland Superior,C,OTHER MOTOR VEHICLE,,0,0,CLEAR,,NO UNUSUAL CONDITIONS,,Counter ReportA,DAYLIGHT,37.823583,-122.318729,,,,,A,NO PEDESTRIANS INVOLVED,8/29/2018 12:00:00 AM,A,21750(a),False,1,I-80 W/B,,,10/13/2018 12:41:48 PM,A,W,400.0,SFOBB METERING LIGHTS,F,,D,10/13/2018 12:42:31 PM,10/13/2018 12:42:31 PM,,True,2,,,,,,,
835173,9370-2018-03694,1,False,9370,10/9/2018 9:27:00 AM,927,52,14,109,Oakland,1,True,True,C,REAR END,,Tuesday,NotApplicable,False,,,False,True,False,Oakland Superior,C,OTHER MOTOR VEHICLE,,0,0,CLEAR,,NO UNUSUAL CONDITIONS,,A,DAYLIGHT,37.7843,-122.1811,,,,,A,NO PEDESTRIANS INVOLVED,10/9/2018 12:00:00 AM,A,22350,False,1,I-580 W/B,,,10/12/2018 10:03:17 PM,A,W,220.0,Davenport Ave,F,,D,10/12/2018 10:03:46 PM,10/12/2018 10:03:46 PM,,True,2,,,,,,,
834757,9370-2018-03693,1,False,9370,10/9/2018 9:25:00 AM,925,55,14,109,Oakland,1,True,True,C,REAR END,,Tuesday,NotApplicable,False,,,False,True,False,Oakland Superior,C,OTHER MOTOR VEHICLE,,0,0,CLEAR,,NO UNUSUAL CONDITIONS,,A,DAYLIGHT,37.82236,-122.26356,,,,,A,NO PEDESTRIANS INVOLVED,10/9/2018 12:00:00 AM,A,22350,False,1,I-580 W/B,,,10/12/2018 11:00:48 AM,A,E,700.0,Telegraph Ave,F,,D,10/12/2018 11:01:31 AM,10/12/2018 11:01:31 AM,,True,2,,,,,,,
834746,9370-2018-03728,1,False,9370,10/9/2018 11:05:00 AM,1105,24,14,109,Oakland,1,True,True,B,SIDE SWIPE,,Tuesday,NotApplicable,False,M,,False,True,True,Oakland Superior,C,OTHER MOTOR VEHICLE,,0,0,CLEAR,,NO UNUSUAL CONDITIONS,,A,DAYLIGHT,37.854295,-122.219476,,,,,A,NO PEDESTRIANS INVOLVED,10/9/2018 12:00:00 AM,A,22107,False,1,SR-24 E/B,,,10/12/2018 10:53:54 AM,A,W,790.0,Caldecott Tunnel,F,,C,10/12/2018 10:54:26 AM,10/12/2018 10:54:26 AM,,True,2,,,,,,,
834411,9370-2018-03608,1,False,9370,10/3/2018 6:55:00 AM,655,55,14,109,Oakland,1,True,True,H,OTHER,Backing,Wednesday,NotApplicable,False,M,,False,True,False,Oakland Superior,C,OTHER MOTOR VEHICLE,,0,0,CLEAR,,NO UNUSUAL CONDITIONS,,A,DAYLIGHT,37.827662,-122.282738,,,,,A,NO PEDESTRIANS INVOLVED,10/3/2018 12:00:00 AM,A,22106,False,2,I-580 E/B TO WEST MACARTHUR BOULEVARD,,,10/12/2018 6:20:15 AM,A,W,635.0,Peralta St,F,,D,10/12/2018 6:23:01 AM,10/12/2018 6:23:01 AM,,True,2,,,,,,,
834383,9370-2018-03727,1,False,9370,10/9/2018 8:30:00 AM,830,54,14,109,Oakland,1,True,True,C,REAR END,,Tuesday,NotApplicable,False,,,False,True,False,Oakland Superior,C,OTHER MOTOR VEHICLE,,0,0,CLEAR,,NO UNUSUAL CONDITIONS,,A,DAYLIGHT,37.818627,-122.253168,,,,,A,NO PEDESTRIANS INVOLVED,10/11/2018 12:00:00 AM,A,22350,False,2,I-580 W/B,,,10/12/2018 5:40:22 AM,A,E,170.0,Oakland Ave,F,,D,10/12/2018 5:40:56 AM,10/12/2018 5:40:56 AM,,True,2,,,,,,,
834376,9370-2018-03738,1,False,9370,10/11/2018 5:29:00 PM,1729,176,14,109,Oakland,1,True,True,C,REAR END,,Thursday,NotApplicable,False,,,False,True,False,Oakland Superior,C,OTHER MOTOR VEHICLE,,0,0,CLEAR,,NO UNUSUAL CONDITIONS,,A,DAYLIGHT,37.46307,-122.14214,,,,,A,NO PEDESTRIANS INVOLVED,10/11/2018 12:00:00 AM,A,22350,False,1,I-880 S/B,,,10/12/2018 5:22:24 AM,A,N,200.0,29th Ave,F,,D,10/12/2018 5:23:06 AM,10/12/2018 5:23:06 AM,,True,2,,,,,,,
834368,9370-2018-03706,1,False,9370,7/24/2018 2:00:00 PM,1400,24,14,109,Oakland,1,True,True,B,SIDE SWIPE,,Tuesday,NotApplicable,False,M,,False,True,False,Oakland Superior,C,OTHER MOTOR VEHICLE,,0,0,CLEAR,,NO UNUSUAL CONDITIONS,,Counter ReportA,DAYLIGHT,37.511764,-122.125877,,,,,A,NO PEDESTRIANS INVOLVED,7/24/2018 12:00:00 AM,A,21658(a),False,1,SR-24 E/B,,,10/12/2018 4:30:22 AM,A,E,340.0,CALDECOTT TUNNEL,F,,D,10/12/2018 4:30:53 AM,10/12/2018 4:30:53 AM,,True,2,,,,,,,
834355,9370-2018-03723,1,False,9370,10/10/2018 7:20:00 PM,1920,25,14,109,Oakland,1,True,True,B,SIDE SWIPE,,Wednesday,NotApplicable,False,,,False,True,True,Oakland Superior,C,OTHER MOTOR VEHICLE,,0,0,CLEAR,,NO UNUSUAL CONDITIONS,,C,DARK-STREET LIGHTS,37.826088,-122.268737,,,,,A,NO PEDESTRIANS INVOLVED,10/10/2018 12:00:00 AM,A,21658(a),False,1,SR-24 W/B,,,10/11/2018 9:31:18 PM,A,W,300.0,W. MACARTHUR BLVD,F,,D,10/11/2018 9:32:05 PM,10/11/2018 9:32:05 PM,,True,2,,,,,,,
834350,9370-2018-03714,1,False,9370,10/10/2018 3:00:00 AM,300,83,14,109,Oakland,1,True,True,H,OTHER,Deer,Wednesday,NotApplicable,False,,,False,True,True,Oakland Superior,H,ANIMAL,Deer,0,0,CLEAR,,NO UNUSUAL CONDITIONS,,D,DARK-NO STREET LIGHTS,37.962086,-122.329185,,,,,A,NO PEDESTRIANS INVOLVED,10/10/2018 12:00:00 AM,C,,,,I-80 E/B,,,10/11/2018 8:43:18 PM,A,E,2190.0,San Pablo Dam Road,F,,D,10/11/2018 8:43:48 PM,10/11/2018 8:43:48 PM,,True,2,,,,,,,
834339,9370-2018-03707,1,False,9370,10/9/2018 2:37:00 PM,1437,52,14,109,Oakland,1,True,True,B,SIDE SWIPE,,Tuesday,NotApplicable,False,,,False,True,False,Oakland Superior,C,OTHER MOTOR VEHICLE,,0,0,CLEAR,,NO UNUSUAL CONDITIONS,,A,DAYLIGHT,37.785241,-122.192647,,,,,A,NO PEDESTRIANS INVOLVED,10/9/2018 12:00:00 AM,A,21658(a),False,1,I-580 E/B,,,10/11/2018 6:34:16 PM,A,E,1055.0,High St,F,,D,10/11/2018 6:35:09 PM,10/11/2018 6:35:09 PM,,True,2,,,,,,,
834321,9370-2018-03708,1,False,9370,10/9/2018 7:29:00 PM,1929,52,14,109,Oakland,1,True,True,C,REAR END,,Tuesday,NotApplicable,False,M,,False,True,False,Oakland Superior,C,OTHER MOTOR VEHICLE,,1,0,CLEAR,,NO UNUSUAL CONDITIONS,,C,DARK-STREET LIGHTS,37.778057,-122.168016,,,,,A,NO PEDESTRIANS INVOLVED,10/9/2018 12:00:00 AM,A,22350,False,1,I-580 E/B,,,10/11/2018 5:21:17 PM,A,W,1250.0,Edwards Ave,F,,D,10/11/2018 5:21:52 PM,10/11/2018 5:21:52 PM,,True,2,,,,,,,
834114,9335-2018-02184,1,False,9335,10/2/2018 8:35:00 AM,835,82,14,109,Oakland,1,True,True,B,SIDE SWIPE,,Tuesday,NotApplicable,True,,,False,True,True,Oakland Superior,C,OTHER MOTOR VEHICLE,,1,0,RAINING,,NO UNUSUAL CONDITIONS,,A,DAYLIGHT,37.819493,-122.347304,,,,,A,NO PEDESTRIANS INVOLVED,10/2/2018 12:00:00 AM,A,22350,False,1,I-80 W/B,,,10/11/2018 2:02:56 PM,B,E,309.0,SAN FRANCISCO COUNTY LINE,F,,D,10/11/2018 2:03:33 PM,10/11/2018 2:03:33 PM,,True,2,,,,,,,
833922,9370-2018-03729,1,False,9370,10/5/2018 10:59:00 AM,1059,177,14,109,Oakland,1,True,True,C,REAR END,,Friday,NotApplicable,False,M,,False,True,True,Oakland Superior,C,OTHER MOTOR VEHICLE,,0,0,CLEAR,,NO UNUSUAL CONDITIONS,,A,DAYLIGHT,37.7886,-122.25174,,,,,A,NO PEDESTRIANS INVOLVED,10/5/2018 12:00:00 AM,A,22350,False,1,I-880 S/B,,,10/11/2018 11:49:08 AM,A,S,600.0,5th Ave,F,,D,10/11/2018 11:49:38 AM,10/11/2018 11:49:38 AM,,True,2,,,,,,,
833757,9370-2018-03625,1,False,9370,10/4/2018 10:10:00 AM,1010,177,14,109,Oakland,1,True,True,B,SIDE SWIPE,,Thursday,NotApplicable,False,,,False,True,False,Oakland Superior,C,OTHER MOTOR VEHICLE,,1,0,CLOUDY,,NO UNUSUAL CONDITIONS,,A,DAYLIGHT,37.848992,-122.236233,,,,,A,NO PEDESTRIANS INVOLVED,10/4/2018 12:00:00 AM,A,21658(a),False,1,SR-24 E/B,,,10/11/2018 10:00:40 AM,A,W,2200.0,SR-13,F,,D,10/11/2018 10:01:15 AM,10/11/2018 10:01:15 AM,,True,2,,,,,,,
833732,9370-2018-03641,1,False,9370,10/5/2018 7:40:00 AM,740,25,14,109,Oakland,1,True,True,B,SIDE SWIPE,,Friday,NotApplicable,False,,,False,True,False,Oakland Superior,C,OTHER MOTOR VEHICLE,,0,0,CLEAR,,NO UNUSUAL CONDITIONS,,A,DAYLIGHT,37.838777,-122.264755,,,,,A,NO PEDESTRIANS INVOLVED,10/5/2018 12:00:00 AM,A,21658(a),False,2,SR-24 E/B,,,10/11/2018 9:43:05 AM,A,W,100.0,Shattuck Ave,F,,D,10/11/2018 9:43:37 AM,10/11/2018 9:43:37 AM,,True,2,,,,,,,
833561,9370-2018-03607,1,False,9370,10/3/2018 10:10:00 AM,1010,54,14,109,Oakland,1,True,True,C,REAR END,,Wednesday,NotApplicable,False,,,False,True,False,Oakland Superior,C,OTHER MOTOR VEHICLE,,0,0,CLOUDY,,NO UNUSUAL CONDITIONS,,A,DAYLIGHT,37.807338,-122.239,,,,,A,NO PEDESTRIANS INVOLVED,10/3/2018 12:00:00 AM,A,22350,False,2,I-580 W/B,,,10/11/2018 7:56:10 AM,A,E,900.0,Lake Park Ave,F,,D,10/11/2018 7:56:41 AM,10/11/2018 7:56:41 AM,,True,2,,,,,,,
833500,9370-2018-03700,1,False,9370,10/9/2018 3:10:00 PM,1510,177,14,109,Oakland,1,True,True,B,SIDE SWIPE,,Tuesday,NotApplicable,False,,,False,True,False,Oakland Superior,C,OTHER MOTOR VEHICLE,,0,0,CLEAR,,NO UNUSUAL CONDITIONS,,A,DAYLIGHT,37.4821,-122.16476,,,,,A,NO PEDESTRIANS INVOLVED,10/9/2018 12:00:00 AM,A,21658(a),False,1,I-880 N/B,,,10/11/2018 7:20:52 AM,A,N,70.0,Martin Luther King Jr Way,F,,D,10/11/2018 7:21:23 AM,10/11/2018 7:21:23 AM,,True,2,,,,,,,
833495,9370-2018-03575,1,False,9370,9/29/2018 11:00:00 AM,1100,80,14,109,Oakland,1,True,True,B,SIDE SWIPE,,Saturday,Yes,False,F,,False,True,True,Oakland Superior,C,OTHER MOTOR VEHICLE,,1,0,CLEAR,,NO UNUSUAL CONDITIONS,,A,DAYLIGHT,37.84089,-122.21795,,,,,A,NO PEDESTRIANS INVOLVED,9/29/2018 12:00:00 AM,A,21658(a),False,1,I-80 W/B,,,10/11/2018 7:17:08 AM,A,E,1000.0,Powell St,F,,D,10/11/2018 7:18:04 AM,10/11/2018 7:18:04 AM,,True,2,,,,,,,
833474,9370-2018-03630,1,False,9370,10/4/2018 11:45:00 AM,1145,176,14,109,Oakland,1,True,True,C,REAR END,,Thursday,NotApplicable,False,,,False,True,False,Oakland Superior,C,OTHER MOTOR VEHICLE,,0,0,CLEAR,,NO UNUSUAL CONDITIONS,,A,DAYLIGHT,37.461993,-122.133049,,,,,A,NO PEDESTRIANS INVOLVED,10/4/2018 12:00:00 AM,A,22350,False,1,I-880 S/B,,,10/11/2018 6:53:56 AM,A,N,1995.0,High St,F,,D,10/11/2018 6:54:38 AM,10/11/2018 6:54:38 AM,,True,2,,,,,,,
833470,9370-2018-03640,1,False,9370,10/4/2018 10:14:00 AM,1014,176,14,109,Oakland,1,True,True,C,REAR END,,Thursday,NotApplicable,False,,,False,True,False,Oakland Superior,C,OTHER MOTOR VEHICLE,,0,0,CLEAR,,NO UNUSUAL CONDITIONS,,A,DAYLIGHT,37.45069,-122.121812,,,,,A,NO PEDESTRIANS INVOLVED,10/4/2018 12:00:00 AM,A,22350,False,1,I-880 S/B,,,10/11/2018 6:46:11 AM,A,S,1610.0,66th Ave,F,,D,10/11/2018 6:46:41 AM,10/11/2018 6:46:41 AM,,True,2,,,,,,,
833463,9370-2018-03654,1,False,9370,10/5/2018 4:05:00 PM,1605,98,14,109,Oakland,1,True,True,C,REAR END,,Friday,NotApplicable,False,,,False,True,False,Oakland Superior,C,OTHER MOTOR VEHICLE,,0,0,CLEAR,,NO UNUSUAL CONDITIONS,,A,DAYLIGHT,37.48288,-122.16397,,,,,A,NO PEDESTRIANS INVOLVED,10/5/2018 12:00:00 AM,A,22350,False,1,I-980 W/B FROM 17TH STREET,,,10/11/2018 6:32:31 AM,A,E,245.0,14th St,F,,D,10/11/2018 6:33:06 AM,10/11/2018 6:33:06 AM,,True,2,,,,,,,
833456,9370-2018-03639,1,False,9370,10/4/2018 10:20:00 PM,2220,176,14,109,Oakland,1,True,True,B,SIDE SWIPE,,Thursday,NotApplicable,False,,,False,True,False,Oakland Superior,C,OTHER MOTOR VEHICLE,,0,0,CLEAR,,NO UNUSUAL CONDITIONS,,D,DARK-NO STREET LIGHTS,37.77257,-122.22642,,,,,A,NO PEDESTRIANS INVOLVED,10/4/2018 12:00:00 AM,A,21658(a),False,,I-880 S/B,,,10/11/2018 6:08:01 AM,A,N,2300.0,High St,F,,D,10/11/2018 6:09:31 AM,10/11/2018 6:09:31 AM,,True,2,,,,,,,
833412,9370-2018-03555,1,False,9370,9/28/2018 1:45:00 PM,1345,176,14,109,Oakland,1,True,True,C,REAR END,,Friday,NotApplicable,False,M,,False,True,True,Oakland Superior,C,OTHER MOTOR VEHICLE,,1,0,CLEAR,,NO UNUSUAL CONDITIONS,,A,DAYLIGHT,37.768371,-122.220526,,,,,A,NO PEDESTRIANS INVOLVED,9/28/2018 12:00:00 AM,A,22350,False,1,I-880 S/B,,,10/10/2018 8:43:34 PM,A,N,150.0,High St,F,,D,10/10/2018 8:44:10 PM,10/10/2018 8:44:10 PM,,True,2,,,,,,,
833411,9370-2018-03583,2,False,9370,9/30/2018 10:35:00 PM,2235,177,14,109,Oakland,1,True,True,B,SIDE SWIPE,,Sunday,NotApplicable,False,M,,False,True,False,Oakland Superior,C,OTHER MOTOR VEHICLE,,0,0,CLEAR,,NO UNUSUAL CONDITIONS,,D,DARK-NO STREET LIGHTS,37.782481,-122.239509,,,,,A,NO PEDESTRIANS INVOLVED,9/30/2018 12:00:00 AM,A,21658(a),False,1,I-880 S/B,,,11/6/2018 11:00:48 AM,A,N,2060.0,23rd Ave,F,,D,10/10/2018 8:41:38 PM,11/6/2018 11:01:21 AM,,True,2,,,,,,,
833410,9370-2018-03601,1,False,9370,10/2/2018 5:34:00 PM,1734,55,14,109,Oakland,1,True,True,C,REAR END,,Tuesday,NotApplicable,False,,,False,True,False,Oakland Superior,C,OTHER MOTOR VEHICLE,,1,0,CLOUDY,,NO UNUSUAL CONDITIONS,,B,DUSK-DAWN,37.823411,-122.264673,,,,,A,NO PEDESTRIANS INVOLVED,10/2/2018 12:00:00 AM,A,22350,False,1,I-580 E/B,,,10/10/2018 8:11:48 PM,A,W,785.0,Webster St,F,,D,10/10/2018 8:12:27 PM,10/10/2018 8:12:27 PM,,True,2,,,,,,,
833409,9370-2018-03663,1,False,9370,10/6/2018 6:30:00 PM,1830,55,14,109,Oakland,1,True,True,C,REAR END,,Saturday,NotApplicable,False,,,False,True,True,Oakland Superior,C,OTHER MOTOR VEHICLE,,0,0,CLEAR,,NO UNUSUAL CONDITIONS,,B,DUSK-DAWN,37.827104,-122.286299,,,,,A,NO PEDESTRIANS INVOLVED,10/6/2018 12:00:00 AM,A,22350,False,1,I-580 W/B,,,10/10/2018 7:06:18 PM,A,W,400.0,HOLLIS STREET,F,,D,10/10/2018 7:07:13 PM,10/10/2018 7:07:13 PM,,True,2,,,,,,,
832930,9370-2018-03604,1,False,9370,10/3/2018 7:00:00 AM,700,8,14,109,Oakland,1,True,True,C,REAR END,,Wednesday,NotApplicable,False,M,,False,True,False,Oakland Superior,C,OTHER MOTOR VEHICLE,,0,0,CLOUDY,,NO UNUSUAL CONDITIONS,,A,DAYLIGHT,37.493005,-122.184715,,,,,A,NO PEDESTRIANS INVOLVED,10/3/2018 12:00:00 AM,A,21658(a),False,1,I-80 W/B,,,10/10/2018 11:14:19 AM,A,E,200.0,SFOBB TOLL PLAZA,F,,D,10/10/2018 11:14:52 AM,10/10/2018 11:14:52 AM,,True,2,,,,,,,
831881,9370-2018-03680,1,False,9370,10/8/2018 8:15:00 AM,815,54,14,109,Oakland,1,True,True,C,REAR END,,Monday,Yes,False,,,False,True,False,Oakland Superior,C,OTHER MOTOR VEHICLE,,1,0,CLEAR,,NO UNUSUAL CONDITIONS,,A,DAYLIGHT,37.48238,-122.14173,,,,,A,NO PEDESTRIANS INVOLVED,10/8/2018 12:00:00 AM,A,22350,False,1,I-580 E/B,,,10/9/2018 11:05:21 AM,A,W,1580.0,Park Blvd,F,,D,10/9/2018 11:06:44 AM,10/9/2018 11:06:44 AM,,True,2,,,,,,,