collision-id,report-number,report-version,is-preliminary,ncic-code,crash-date-time,crash-time-description,beat,city-id,city-code,city-name,county-code,city-is-active,city-is-incorporated,collision-type-code,collision-type-description,collision-type-other-desc,day-of-week,dispatch-notified,has-photographs,hit-run,is-attachments-mailed,is-deleted,is-highway-related,is-tow-away,judicial-district,motor-vehicle-involved-with-code,motor-vehicle-involved-with-desc,motor-vehicle-involved-with-other-desc,number-injured,number-killed,weather-1,weather-2,road-condition-1,road-condition-2,special-condition-lighting-code,lighting-description,latitude,longitude,milepost-direction,milepost-distance,milepost-marker,milepost-unit-of-measure,pedestrian-action-code,pedestrian-action-desc,prepared-date,primary-collision-factor-code,primary-collision-factor-violation,primary-collision-factor-is-cited,primary-collision-party-number,primary-road,reporting-district,reporting-district-code,reviewed-date,roadway-surface-code,secondary-direction,secondary-distance,secondary-road,secondary-unit-of-measure,sketch-desc,traffic-control-device-code,created-date,modified-date,is-county-road,is-freeway,chp-555-version,is-additonal-object-struck,notification-date,notification-time-description,has-digital-media-files,evidence-number,is-location-refer-to-narrative,is-aoi-one-same-as-location
874250,9370-2018-04465,1,False,9370,11/30/2018 1:48:00 PM,1348,176,14,109,Oakland,1,True,True,C,REAR END,,Friday,Yes,False,,,False,True,True,Oakland Superior,C,OTHER MOTOR VEHICLE,,1,0,CLEAR,,NO UNUSUAL CONDITIONS,,A,DAYLIGHT,37.454647,-122.125731,,,,,A,NO PEDESTRIANS INVOLVED,11/30/2018 12:00:00 AM,A,22350,False,2,I-880 N/B,,,12/3/2018 6:05:03 PM,A,N,2209.0,66th Ave,F,,D,12/3/2018 6:05:45 PM,12/3/2018 6:05:45 PM,,True,2,,,,,,,
874222,9370-2018-04338,1,False,9370,11/20/2018 6:33:00 PM,1833,176,14,109,Oakland,1,True,True,B,SIDE SWIPE,,Tuesday,Yes,False,F,,False,True,True,Oakland Superior,C,OTHER MOTOR VEHICLE,,1,0,CLEAR,,NO UNUSUAL CONDITIONS,,D,DARK-NO STREET LIGHTS,37.432467,-122.105262,,,,,A,NO PEDESTRIANS INVOLVED,11/20/2018 12:00:00 AM,A,21658(a),False,2,I-880 S/B,,,12/3/2018 4:51:19 PM,A,N,1975.0,DAVIS STREET,F,,D,12/3/2018 4:52:43 PM,12/3/2018 4:52:43 PM,,True,2,,,,,,,
873680,9370-2018-04373,3,False,9370,11/22/2018 2:40:00 PM,1440,81,14,109,Oakland,1,True,True,C,REAR END,,Thursday,NotApplicable,False,,,False,True,False,Oakland Superior,C,OTHER MOTOR VEHICLE,,0,0,CLEAR,,NO UNUSUAL CONDITIONS,,A,DAYLIGHT,37.525501,-122.182871,,,,,A,NO PEDESTRIANS INVOLVED,11/22/2018 12:00:00 AM,A,22350,False,1,I-80 E/B,,,5/16/2019 6:05:23 PM,A,W,1400.0,Buchanan St,F,,D,12/3/2018 11:37:45 AM,5/16/2019 6:05:54 PM,,True,2,,,,,,,
873275,9370-2018-04378,1,False,9370,11/23/2018 12:15:00 PM,1215,52,14,109,Oakland,1,True,True,C,REAR END,,Friday,NotApplicable,False,F,,False,True,False,Oakland Superior,C,OTHER MOTOR VEHICLE,,1,0,RAINING,,NO UNUSUAL CONDITIONS,,A,DAYLIGHT,37.756172,-122.148811,,,,,A,NO PEDESTRIANS INVOLVED,11/23/2018 12:00:00 AM,A,22350,False,2,I-580 W/B,,,12/3/2018 8:05:58 AM,B,E,1200.0,Oak Knoll Blvd,F,,D,12/3/2018 8:06:45 AM,12/3/2018 8:06:45 AM,,True,2,,,,,,,
873218,9370-2018-04419,1,False,9370,11/27/2018 4:20:00 AM,420,55,14,109,Oakland,1,True,True,C,REAR END,,Tuesday,NotApplicable,False,M,,False,True,True,Oakland Superior,C,OTHER MOTOR VEHICLE,,0,0,CLOUDY,,NO UNUSUAL CONDITIONS,,D,DARK-NO STREET LIGHTS,37.4936,-122.171423,,,,,A,NO PEDESTRIANS INVOLVED,11/27/2018 12:00:00 AM,A,22350 VC,False,1,I-580 Westbound to I-80 Westbound,,,12/3/2018 6:57:04 AM,A,W,800.0,Hollis Street,F,,D,12/3/2018 6:57:48 AM,12/3/2018 6:57:48 AM,,True,2,,,,,,,
873201,9370-2018-04481,1,False,9370,11/28/2018 8:40:00 PM,2040,8,14,109,Oakland,1,True,True,C,REAR END,,Wednesday,NotApplicable,False,M,,False,True,False,Oakland Superior,C,OTHER MOTOR VEHICLE,,0,0,RAINING,,NO UNUSUAL CONDITIONS,,C,DARK-STREET LIGHTS,37.824212,-122.311615,,,,,A,NO PEDESTRIANS INVOLVED,12/2/2018 12:00:00 AM,A,22350,False,2,I-80 E/B,,,12/3/2018 6:38:24 AM,B,W,600.0,WEST GRAND AVENUE O/C,F,,D,12/3/2018 6:39:01 AM,12/3/2018 6:39:01 AM,,True,2,,,,,,,
873190,9370-2018-04485,1,False,9370,12/2/2018 4:00:00 PM,1600,54,14,109,Oakland,1,True,True,E,HIT OBJECT,,Sunday,NotApplicable,False,,,False,True,True,Oakland Superior,I,FIXED OBJECT,WOOD AND METAL GUARD RAIL,0,0,CLEAR,,NO UNUSUAL CONDITIONS,,A,DAYLIGHT,37.811627,-122.249712,,,,,A,NO PEDESTRIANS INVOLVED,12/2/2018 12:00:00 AM,A,22107,False,1,I-580 W/B,,,12/3/2018 6:24:07 AM,A,W,420.0,Grand Ave,F,,D,12/3/2018 6:24:37 AM,12/3/2018 6:24:37 AM,,True,2,,,,,,,
873177,9370-2018-04381,1,False,9370,11/21/2018 8:20:00 AM,820,176,14,109,Oakland,1,True,True,C,REAR END,,Wednesday,NotApplicable,False,,,False,True,False,Oakland Superior,C,OTHER MOTOR VEHICLE,,0,0,RAINING,,NO UNUSUAL CONDITIONS,,A,DAYLIGHT,37.77447,-122.23212,,,,,A,NO PEDESTRIANS INVOLVED,11/21/2018 12:00:00 AM,A,22350,False,1,I-880 S/B,,,12/3/2018 5:56:40 AM,B,S,370.0,29th Ave,F,,D,12/3/2018 5:57:10 AM,12/3/2018 5:57:10 AM,,True,2,,,,,,,
873121,9370-2018-04413,1,False,9370,11/26/2018 2:45:00 PM,1445,53,14,109,Oakland,1,True,True,B,SIDE SWIPE,,Monday,Yes,False,M,,False,True,True,Oakland Superior,C,OTHER MOTOR VEHICLE,,1,0,CLEAR,,NO UNUSUAL CONDITIONS,,A,DAYLIGHT,37.475459,-122.13637,,,,,A,NO PEDESTRIANS INVOLVED,11/26/2018 12:00:00 AM,A,21658(a),False,1,I-580 E/B,,,12/2/2018 5:16:59 PM,A,W,400.0,Fruitvale Ave,F,,D,12/2/2018 5:17:48 PM,12/2/2018 5:17:48 PM,,True,2,,,,,,,
873114,9370-2018-04377,1,False,9370,11/24/2018 3:10:00 AM,310,8,14,109,Oakland,1,True,True,E,HIT OBJECT,,Saturday,NotApplicable,False,,,False,True,False,Oakland Superior,I,FIXED OBJECT,CONCRETE BARRIER WALL,0,0,CLOUDY,,NO UNUSUAL CONDITIONS,,C,DARK-STREET LIGHTS,37.494497,-122.173721,,,,,A,NO PEDESTRIANS INVOLVED,11/24/2018 12:00:00 AM,A,22350,False,1,I-80 E/B,,,12/2/2018 4:43:15 PM,B,W,2000.0,POWELL STREET,F,,D,12/2/2018 4:43:44 PM,12/2/2018 4:43:44 PM,,True,2,,,,,,,
873108,9370-2018-04385,1,False,9370,11/24/2018 12:55:00 PM,1255,8,14,109,Oakland,1,True,True,B,SIDE SWIPE,,Saturday,NotApplicable,False,,,False,True,False,Oakland Superior,C,OTHER MOTOR VEHICLE,,0,0,CLEAR,,NO UNUSUAL CONDITIONS,,A,DAYLIGHT,37.492906,-122.183813,,,,,A,NO PEDESTRIANS INVOLVED,11/24/2018 12:00:00 AM,A,22107,False,1,I-80 W/B,,,12/2/2018 4:18:05 PM,A,E,880.0,TOLL PLAZA,F,,D,12/2/2018 4:18:34 PM,12/2/2018 4:18:34 PM,,True,2,,,,,,,
873106,9370-2018-04329,1,False,9370,11/20/2018 8:03:00 AM,803,8,14,109,Oakland,1,True,True,B,SIDE SWIPE,,Tuesday,NotApplicable,False,M,,False,True,False,Oakland Superior,C,OTHER MOTOR VEHICLE,,0,0,CLEAR,,NO UNUSUAL CONDITIONS,,A,DAYLIGHT,37.49437,-122.17382,,,,,A,NO PEDESTRIANS INVOLVED,11/20/2018 12:00:00 AM,A,21658(a),False,1,I-80 E/B,,,12/2/2018 4:14:10 PM,A,W,3400.0,Powell St,F,,D,12/2/2018 4:14:39 PM,12/2/2018 4:14:39 PM,,True,2,,,,,,,
873105,9370-2018-04339,1,False,9370,11/20/2018 6:34:00 PM,1834,176,14,109,Oakland,1,True,True,B,SIDE SWIPE,,Tuesday,NotApplicable,False,M,,False,True,False,Oakland Superior,C,OTHER MOTOR VEHICLE,,0,0,CLEAR,,NO UNUSUAL CONDITIONS,,D,DARK-NO STREET LIGHTS,37.432436,-122.105226,,,,,A,NO PEDESTRIANS INVOLVED,11/19/2018 12:00:00 AM,A,22106,False,2,I-880 S/B,,,12/2/2018 4:10:31 PM,A,N,1940.0,DAVIS STREET,F,,D,12/2/2018 4:11:09 PM,12/2/2018 4:11:09 PM,,True,2,,,,,,,
873079,9370-2018-04360,1,False,9370,11/22/2018 9:51:00 AM,951,55,14,109,Oakland,1,True,True,C,REAR END,,Thursday,NotApplicable,False,,,False,True,False,Oakland Superior,C,OTHER MOTOR VEHICLE,,0,0,CLOUDY,,NO UNUSUAL CONDITIONS,,A,DAYLIGHT,37.49205,-122.15347,,,,,A,NO PEDESTRIANS INVOLVED,11/22/2018 12:00:00 AM,A,21658(a),False,1,I-580 W/B,,,12/2/2018 2:42:37 PM,B,E,30.0,Broadway,F,,D,12/2/2018 2:43:06 PM,12/2/2018 2:43:06 PM,,True,2,,,,,,,
873076,9370-2018-04459,1,False,9370,11/30/2018 1:40:00 PM,1340,52,14,109,Oakland,1,True,True,E,HIT OBJECT,,Friday,Yes,False,,,False,True,True,Oakland Superior,I,FIXED OBJECT,METAL GUARDRAIL,0,0,CLEAR,,NO UNUSUAL CONDITIONS,,A,DAYLIGHT,37.444031,-122.85473,,,,,A,NO PEDESTRIANS INVOLVED,11/30/2018 12:00:00 AM,A,23152(a),True,1,I-580 E/B,,,12/2/2018 2:37:28 PM,A,E,173.0,106th Ave,F,,D,12/2/2018 2:38:17 PM,12/2/2018 2:38:17 PM,,True,2,,,,,,,
873073,9370-2018-04347,1,False,9370,11/21/2018 1:15:00 PM,1315,177,14,109,Oakland,1,True,True,E,HIT OBJECT,,Wednesday,NotApplicable,False,,,False,True,False,Oakland Superior,I,FIXED OBJECT,attenuator,0,0,RAINING,,NO UNUSUAL CONDITIONS,,A,DAYLIGHT,37.799985,-122.278239,,,,,A,NO PEDESTRIANS INVOLVED,11/21/2018 12:00:00 AM,A,22107,False,1,I-880 N/B,,,12/2/2018 2:30:21 PM,B,N,680.0,Washington St,F,,D,12/2/2018 2:30:53 PM,12/2/2018 2:30:53 PM,,True,2,,,,,,,
873071,9370-2018-04330,2,False,9370,11/20/2018 1:00:00 PM,1300,177,14,109,Oakland,1,True,True,B,SIDE SWIPE,,Tuesday,NotApplicable,False,,,False,True,True,Oakland Superior,C,OTHER MOTOR VEHICLE,,0,0,CLEAR,,NO UNUSUAL CONDITIONS,,A,DAYLIGHT,37.791341,-122.261447,,,,,A,NO PEDESTRIANS INVOLVED,11/20/2018 12:00:00 AM,A,21658(a),False,1,I-880 S/B,,,3/28/2019 3:15:14 PM,A,N,480.0,5th Ave,F,,D,12/2/2018 2:25:37 PM,3/28/2019 3:15:29 PM,,True,2,,,,,,,
873003,9370-2018-04472,1,False,9370,11/30/2018 5:15:00 PM,1715,24,14,109,Oakland,1,True,True,C,REAR END,,Friday,NotApplicable,False,,,False,True,False,Oakland Superior,C,OTHER MOTOR VEHICLE,,0,0,CLEAR,,NO UNUSUAL CONDITIONS,,D,DARK-NO STREET LIGHTS,37.854604,-122.218207,,,,,A,NO PEDESTRIANS INVOLVED,11/30/2018 12:00:00 AM,A,22350,False,2,SR-24 E/B,,,12/2/2018 9:32:45 AM,A,W,300.0,Cadelcott Tunnel Bore #2 west edge,F,,D,12/2/2018 9:34:09 AM,12/2/2018 9:34:09 AM,,True,2,,,,,,,
872989,9370-2018-04363,1,False,9370,11/22/2018 7:38:00 PM,1938,24,14,109,Oakland,1,True,True,E,HIT OBJECT,,Thursday,Yes,False,,,False,True,True,Oakland Superior,I,FIXED OBJECT,CONCRETE BARRIER,2,0,RAINING,,NO UNUSUAL CONDITIONS,,D,DARK-NO STREET LIGHTS,37.504257,-122.145951,,,,,A,NO PEDESTRIANS INVOLVED,11/22/2018 12:00:00 AM,A,22350,False,1,SR-24 E/B,,,12/2/2018 8:55:41 AM,B,E,600.0,College Avenue,F,,D,12/2/2018 8:56:30 AM,12/2/2018 8:56:30 AM,,True,2,,,,,,,
872984,9370-2018-04340,1,False,9370,11/21/2018 4:40:00 AM,440,8,14,109,Oakland,1,True,True,C,REAR END,,Wednesday,Yes,False,,,False,True,True,Oakland Superior,C,OTHER MOTOR VEHICLE,,1,0,CLOUDY,,NO UNUSUAL CONDITIONS,,D,DARK-NO STREET LIGHTS,37.827603,-122.294953,,,,,A,NO PEDESTRIANS INVOLVED,11/21/2018 12:00:00 AM,A,22350,False,1,I-80 E/B,,,12/2/2018 8:45:35 AM,B,W,3820.0,Powell St,F,,D,12/2/2018 8:46:23 AM,12/2/2018 8:46:23 AM,,True,2,,,,,,,
872982,9370-2018-04359,2,False,9370,11/19/2018 5:45:00 PM,1745,53,14,109,Oakland,1,True,True,B,SIDE SWIPE,,Monday,NotApplicable,False,,,False,True,False,Oakland Superior,C,OTHER MOTOR VEHICLE,,0,0,CLEAR,,NO UNUSUAL CONDITIONS,,D,DARK-NO STREET LIGHTS,37.47287,-122.12834,,,,,A,NO PEDESTRIANS INVOLVED,11/19/2018 12:00:00 AM,A,22107,False,2,I-580 W/B,,,12/21/2018 9:28:35 AM,A,W,874.0,38th Ave,F,,D,12/2/2018 8:42:20 AM,12/21/2018 9:28:47 AM,,True,2,,,,,,,
872277,9370-2018-04451,1,False,9370,11/29/2018 1:10:00 PM,1310,8,14,109,Oakland,1,True,True,C,REAR END,,Thursday,NotApplicable,False,M,,False,True,True,Oakland Superior,C,OTHER MOTOR VEHICLE,,0,0,CLOUDY,RAINING,NO UNUSUAL CONDITIONS,,A,DAYLIGHT,37.82769,-122.29576,,,,,A,NO PEDESTRIANS INVOLVED,11/29/2018 12:00:00 AM,A,22350,False,1,I-80 E/B,,,11/30/2018 11:14:01 AM,B,W,100.0,I-580 W/B TO I-80 W/B TRANS,F,,D,11/30/2018 11:16:00 AM,11/30/2018 11:16:00 AM,,True,2,,,,,,,
872233,9370-2018-04434,1,False,9370,11/28/2018 6:22:00 AM,622,55,14,109,Oakland,1,True,True,B,SIDE SWIPE,,Wednesday,NotApplicable,False,,,False,True,False,Oakland Superior,C,OTHER MOTOR VEHICLE,,0,0,CLOUDY,,NO UNUSUAL CONDITIONS,,B,DUSK-DAWN,37.49385,-122.17462,,,,,A,NO PEDESTRIANS INVOLVED,11/28/2018 12:00:00 AM,A,21658(a),False,1,I-580 W/B TO I-80 W/B,,,11/30/2018 10:56:44 AM,B,W,1850.0,MANDELA PARKWAY,F,,D,11/30/2018 10:57:14 AM,11/30/2018 10:57:14 AM,,True,2,,,,,,,
872140,9370-2018-04446,1,False,9370,11/29/2018 9:15:00 AM,915,52,14,109,Oakland,1,True,True,B,SIDE SWIPE,,Thursday,NotApplicable,False,,,False,True,False,Oakland Superior,C,OTHER MOTOR VEHICLE,,0,0,CLOUDY,,NO UNUSUAL CONDITIONS,,A,DAYLIGHT,37.78656,-122.19473,,,,,A,NO PEDESTRIANS INVOLVED,11/29/2018 12:00:00 AM,A,21658(a),False,1,I-580 W/B,,,11/30/2018 10:06:42 AM,B,E,200.0,High St,F,,D,11/30/2018 10:07:19 AM,11/30/2018 10:07:19 AM,,True,2,,,,,,,
872110,9370-2018-04421,1,False,9370,11/27/2018 6:05:00 AM,605,8,14,109,Oakland,1,True,True,B,SIDE SWIPE,,Tuesday,NotApplicable,False,,,False,True,False,Oakland Superior,C,OTHER MOTOR VEHICLE,,0,0,CLOUDY,,NO UNUSUAL CONDITIONS,,A,DAYLIGHT,37.82487,-122.3134,,,,,A,NO PEDESTRIANS INVOLVED,11/27/2018 12:00:00 AM,A,21658(a),False,1,I-80 W/B,,,11/30/2018 9:21:27 AM,A,E,250.0,SFOBB TOLL PLAZA,F,,D,11/30/2018 9:47:08 AM,11/30/2018 9:47:08 AM,,True,2,,,,,,,
872058,9370-2018-04420,1,False,9370,11/27/2018 6:40:00 AM,640,8,14,109,Oakland,1,True,True,E,HIT OBJECT,,Tuesday,NotApplicable,False,,,False,True,False,Oakland Superior,J,OTHER OBJECT,UNKNOWN OBJECT,0,0,CLOUDY,,NO UNUSUAL CONDITIONS,,A,DAYLIGHT,37.82638,-122.30106,,,,,A,NO PEDESTRIANS INVOLVED,11/27/2018 12:00:00 AM,C,,,,I-80 E/B,,,11/30/2018 9:10:46 AM,A,E,1150.0,I-880 N/B TO I-80 W/B,F,,D,11/30/2018 9:13:04 AM,11/30/2018 9:13:04 AM,,True,2,,,,,,,
872016,9335-2018-02554,1,False,9335,11/20/2018 1:45:00 PM,1345,82,14,109,Oakland,1,True,True,A,HEAD-ON,,Tuesday,Yes,True,,,False,True,True,Oakland Superior,C,OTHER MOTOR VEHICLE,,1,0,CLEAR,,NO UNUSUAL CONDITIONS,,A,DAYLIGHT,37.823876,-122.317547,,,,,A,NO PEDESTRIANS INVOLVED,11/21/2018 12:00:00 AM,A,21658(a),False,1,I 80 W/B JWO THE TOLL PLAZA,,,11/30/2018 8:40:28 AM,A,W,0.2,SFOBB Toll Plaza,M,,D,11/30/2018 8:43:37 AM,11/30/2018 8:43:37 AM,,True,2,,,,,,,
872015,9370-2018-04290,1,False,9370,11/17/2018 12:25:00 AM,25,177,14,109,Oakland,1,True,True,B,SIDE SWIPE,,Saturday,NotApplicable,False,,,False,True,True,Oakland Superior,C,OTHER MOTOR VEHICLE,,0,0,CLEAR,,NO UNUSUAL CONDITIONS,,D,DARK-NO STREET LIGHTS,37.47772,-122.143808,,,,,A,NO PEDESTRIANS INVOLVED,11/17/2018 12:00:00 AM,A,23152(a),True,1,I-880 S/B,,,11/30/2018 8:38:16 AM,A,N,190.0,16th Ave,F,,D,11/30/2018 8:42:23 AM,11/30/2018 8:42:23 AM,,True,2,,,,,,,
871867,9370-2018-04365,1,False,9370,11/22/2018 11:15:00 PM,2315,177,14,109,Oakland,1,True,True,A,HEAD-ON,,Thursday,NotApplicable,False,,,False,True,True,Oakland Superior,C,OTHER MOTOR VEHICLE,,1,0,CLOUDY,RAINING,NO UNUSUAL CONDITIONS,,D,DARK-NO STREET LIGHTS,37.789588,-122.255611,,,,,A,NO PEDESTRIANS INVOLVED,11/22/2018 12:00:00 AM,A,22107,False,1,I-880 N/B,,,11/30/2018 6:02:54 AM,B,S,1604.0,5th Ave,F,,D,11/30/2018 6:03:37 AM,11/30/2018 6:03:37 AM,,True,2,,,,,,,
871842,9370-2018-04274,1,False,9370,11/16/2018 4:47:00 AM,447,55,14,109,Oakland,1,True,True,E,HIT OBJECT,,Friday,NotApplicable,False,,,False,True,True,Oakland Superior,I,FIXED OBJECT,Concrete Curb,0,0,CLOUDY,,NO UNUSUAL CONDITIONS,,D,DARK-NO STREET LIGHTS,37.825442,-122.274353,,,,,A,NO PEDESTRIANS INVOLVED,11/16/2018 12:00:00 AM,A,22107,False,1,I-580 E/B,,,11/30/2018 5:24:29 AM,A,E,200.0,Market St,F,,D,11/30/2018 5:25:04 AM,11/30/2018 5:25:04 AM,,True,2,,,,,,,
871837,9370-2018-04302,1,False,9370,11/17/2018 3:37:00 PM,1537,24,14,109,Oakland,1,True,True,E,HIT OBJECT,,Saturday,Yes,False,,,False,True,True,Oakland Superior,I,FIXED OBJECT,TREE,1,0,CLEAR,,NO UNUSUAL CONDITIONS,,A,DAYLIGHT,37.848397,-122.234016,,,,,A,NO PEDESTRIANS INVOLVED,11/17/2018 12:00:00 AM,A,22107,True,1,SR-24 E/B,,,11/30/2018 4:59:39 AM,A,W,1636.0,SR-13 S/B,F,,D,11/30/2018 5:00:33 AM,11/30/2018 5:00:33 AM,,True,2,,,,,,,
870788,9370-2018-04345,1,False,9370,11/21/2018 12:45:00 PM,1245,8,14,109,Oakland,1,True,True,D,BROADSIDE,,Wednesday,NotApplicable,False,,,False,True,False,Oakland Superior,C,OTHER MOTOR VEHICLE,,0,0,RAINING,,NO UNUSUAL CONDITIONS,,A,DAYLIGHT,37.827857,-122.294596,,,,,A,NO PEDESTRIANS INVOLVED,11/21/2018 12:00:00 AM,A,22350,False,1,I-80 E/B,,,11/29/2018 4:51:03 PM,B,W,1000.0,Powell St,F,,D,11/29/2018 4:51:34 PM,11/29/2018 4:51:34 PM,,True,2,,,,,,,
870782,9370-2018-04343,1,False,9370,11/21/2018 10:50:00 AM,1050,8,14,109,Oakland,1,True,True,B,SIDE SWIPE,,Wednesday,NotApplicable,False,,,False,True,True,Oakland Superior,C,OTHER MOTOR VEHICLE,,0,0,RAINING,,NO UNUSUAL CONDITIONS,,A,DAYLIGHT,37.827181,-122.294576,,,,,A,NO PEDESTRIANS INVOLVED,11/21/2018 12:00:00 AM,A,22350,False,1,I-80 E/B,,,11/29/2018 4:45:51 PM,B,W,3750.0,Powell St,F,,D,11/29/2018 4:47:12 PM,11/29/2018 4:47:12 PM,,True,2,,,,,,,
870677,9370-2018-04425,1,False,9370,11/27/2018 8:45:00 AM,845,178,14,109,Oakland,1,True,True,B,SIDE SWIPE,,Tuesday,NotApplicable,False,,,False,True,True,Oakland Superior,C,OTHER MOTOR VEHICLE,,0,0,CLOUDY,,NO UNUSUAL CONDITIONS,,A,DAYLIGHT,37.492537,-122.18896,,,,,A,NO PEDESTRIANS INVOLVED,11/27/2018 12:00:00 AM,A,21658(a),False,1,I-880 N/B TO I-80 W/B,,,11/29/2018 3:20:53 PM,A,N,665.0,Maritime St,F,,D,11/29/2018 3:21:29 PM,11/29/2018 3:21:29 PM,,True,2,,,,,,,
870669,9370-2018-04342,1,False,9370,11/21/2018 10:15:00 AM,1015,8,14,109,Oakland,1,True,True,E,HIT OBJECT,,Wednesday,NotApplicable,False,,,False,True,True,Oakland Superior,I,FIXED OBJECT,CONCRETE WALL,0,0,RAINING,,NO UNUSUAL CONDITIONS,,A,DAYLIGHT,37.827781,-122.294676,,,,,A,NO PEDESTRIANS INVOLVED,11/21/2018 12:00:00 AM,A,22350,False,1,I-80 E/B,,,11/29/2018 3:15:24 PM,B,W,3750.0,Powell St,F,,D,11/29/2018 3:16:00 PM,11/29/2018 3:16:00 PM,,True,2,,,,,,,
870601,9370-2018-04440,1,False,9370,11/28/2018 5:44:00 PM,1744,177,14,109,Oakland,1,True,True,C,REAR END,,Wednesday,NotApplicable,False,,,False,True,False,Oakland Superior,C,OTHER MOTOR VEHICLE,,0,0,CLOUDY,,NO UNUSUAL CONDITIONS,,C,DARK-STREET LIGHTS,37.788511,-122.251189,,,,,A,NO PEDESTRIANS INVOLVED,11/28/2018 12:00:00 AM,A,22350,False,2,I-880 S/B,,,11/29/2018 2:32:56 PM,A,N,2300.0,16th Avenue,F,,D,11/29/2018 2:34:02 PM,11/29/2018 2:34:02 PM,,True,2,,,,,,,
870523,9370-2018-04312,1,False,9370,11/16/2018 11:15:00 AM,1115,177,14,109,Oakland,1,True,True,C,REAR END,,Friday,NotApplicable,False,M,,False,True,False,Oakland Superior,C,OTHER MOTOR VEHICLE,,1,0,CLEAR,,NO UNUSUAL CONDITIONS,,A,DAYLIGHT,37.792736,-122.263062,,,,,A,NO PEDESTRIANS INVOLVED,11/16/2018 12:00:00 AM,A,22350,False,1,I-880 S/B,,,11/29/2018 1:55:43 PM,A,S,600.0,Oak St,F,,D,11/29/2018 1:56:43 PM,11/29/2018 1:56:43 PM,,True,2,,,,,,,
870397,9370-2018-04424,1,False,9370,11/27/2018 8:40:00 AM,840,176,14,109,Oakland,1,True,True,C,REAR END,,Tuesday,NotApplicable,False,,,False,True,False,Oakland Superior,C,OTHER MOTOR VEHICLE,,0,0,CLOUDY,,NO UNUSUAL CONDITIONS,,A,DAYLIGHT,37.435055,-122.111525,,,,,A,NO PEDESTRIANS INVOLVED,11/27/2018 12:00:00 AM,A,22350,False,1,I-880 N/B,,,11/29/2018 12:44:27 PM,A,S,415.0,98TH AVENUE,F,,D,11/29/2018 12:45:02 PM,11/29/2018 12:45:02 PM,,True,2,,,,,,,
870390,9370-2018-04375,1,False,9370,11/23/2018 3:48:00 AM,348,176,14,109,Oakland,1,True,True,E,HIT OBJECT,,Friday,Yes,False,,,False,True,True,Oakland Superior,I,FIXED OBJECT,CONCRETE WALL,2,0,CLEAR,,NO UNUSUAL CONDITIONS,,D,DARK-NO STREET LIGHTS,37.44272,-122.11474,,,,,A,NO PEDESTRIANS INVOLVED,11/23/2018 12:00:00 AM,A,23152(a),True,1,I-880 N/B,,,11/29/2018 12:41:18 PM,B,N,305.0,Hegenberger Rd,F,,D,11/29/2018 12:42:03 PM,11/29/2018 12:42:03 PM,,True,2,,,,,,,
870365,9370-2018-04313,1,False,9370,11/15/2018 8:10:00 AM,810,98,14,109,Oakland,1,True,True,C,REAR END,,Thursday,NotApplicable,False,,,False,True,True,Oakland Superior,C,OTHER MOTOR VEHICLE,,3,0,CLEAR,,NO UNUSUAL CONDITIONS,,A,DAYLIGHT,37.824205,-122.268437,,,,,A,NO PEDESTRIANS INVOLVED,11/15/2018 12:00:00 AM,A,22350,False,1,I-980 W/B,,,11/29/2018 12:27:09 PM,A,W,50.0,I-580 W/B,F,,D,11/29/2018 12:28:55 PM,11/29/2018 12:28:55 PM,,True,2,,,,,,,
869845,9370-2018-04306,1,False,9370,11/18/2018 5:30:00 AM,530,177,14,109,Oakland,1,True,True,C,REAR END,,Sunday,NotApplicable,True,M,,False,True,False,Oakland Superior,C,OTHER MOTOR VEHICLE,,0,0,CLEAR,,NO UNUSUAL CONDITIONS,,A,DAYLIGHT,37.793264,-122.263408,,,,,A,NO PEDESTRIANS INVOLVED,11/18/2018 12:00:00 AM,A,22350,False,1,I-880 N/B,,,11/29/2018 7:11:56 AM,A,S,100.0,OAK ST.,F,,D,11/29/2018 7:12:40 AM,11/29/2018 7:12:40 AM,,True,2,,,,,,,