collision-id,report-number,report-version,is-preliminary,ncic-code,crash-date-time,crash-time-description,beat,city-id,city-code,city-name,county-code,city-is-active,city-is-incorporated,collision-type-code,collision-type-description,collision-type-other-desc,day-of-week,dispatch-notified,has-photographs,hit-run,is-attachments-mailed,is-deleted,is-highway-related,is-tow-away,judicial-district,motor-vehicle-involved-with-code,motor-vehicle-involved-with-desc,motor-vehicle-involved-with-other-desc,number-injured,number-killed,weather-1,weather-2,road-condition-1,road-condition-2,special-condition-lighting-code,lighting-description,latitude,longitude,milepost-direction,milepost-distance,milepost-marker,milepost-unit-of-measure,pedestrian-action-code,pedestrian-action-desc,prepared-date,primary-collision-factor-code,primary-collision-factor-violation,primary-collision-factor-is-cited,primary-collision-party-number,primary-road,reporting-district,reporting-district-code,reviewed-date,roadway-surface-code,secondary-direction,secondary-distance,secondary-road,secondary-unit-of-measure,sketch-desc,traffic-control-device-code,created-date,modified-date,is-county-road,is-freeway,chp-555-version,is-additonal-object-struck,notification-date,notification-time-description,has-digital-media-files,evidence-number,is-location-refer-to-narrative,is-aoi-one-same-as-location
3314953,18-010503,2,False,0109,2/27/2018 7:40:00 PM,1940,27Y,14,109,Oakland,1,True,True,B,SIDE SWIPE,,Tuesday,,,M,,False,False,False,,E,PARKED MOTOR VEHICLE,,0,0,CLEAR,,NO UNUSUAL CONDITIONS - NO UNUSUAL CONDITIONS,,C,DARK-STREET LIGHTS,,,,,,,A,NO PEDESTRIANS INVOLVED,,A,20002,,1,HAYES ST,,,,A,,,HAYES ST 6229,,,D,8/2/2024 10:55:03 AM,2/3/2025 12:20:13 PM,,,2,,,,,,,
3314951,18-009070,2,False,0109,2/20/2018 7:57:00 AM,757,23X,14,109,Oakland,1,True,True,D,BROADSIDE,,Tuesday,,,,,False,False,False,,C,OTHER MOTOR VEHICLE,,0,0,CLEAR,,NO UNUSUAL CONDITIONS - NO UNUSUAL CONDITIONS,,A,DAYLIGHT,,,,,,,A,NO PEDESTRIANS INVOLVED,,A,21801A,,1,SAN LEANDRO ST,2,,,A,,,35TH AV,,,A,8/2/2024 10:55:03 AM,2/3/2025 12:20:13 PM,,,2,,,,,,,
3314945,18-009131,2,False,0109,2/20/2018 10:59:00 AM,1059,13X,14,109,Oakland,1,True,True,E,HIT OBJECT,,Tuesday,,,,,False,False,True,,I,FIXED OBJECT,,0,0,CLEAR,,NO UNUSUAL CONDITIONS - NO UNUSUAL CONDITIONS,,A,DAYLIGHT,,,,,,,A,NO PEDESTRIANS INVOLVED,,A,22106,,1,MENDOZA DR,1,,,A,E,60.0,CABRILLO PL,F,,D,8/2/2024 10:55:02 AM,2/3/2025 12:20:13 PM,,,2,,,,,,,
3314852,18-000485,2,False,0109,1/2/2018 6:15:00 PM,1815,03Y,14,109,Oakland,1,True,True,D,BROADSIDE,,Tuesday,,,,,False,False,False,,G,BICYCLE,,0,0,CLEAR,,NO UNUSUAL CONDITIONS - NO UNUSUAL CONDITIONS,,C,DARK-STREET LIGHTS,,,,,,,A,NO PEDESTRIANS INVOLVED,,A,21453A,,1,JACKSON ST,1,,,A,,,7TH ST,,,A,8/2/2024 10:54:55 AM,2/3/2025 12:20:04 PM,,,2,,,,,,,
3314848,18-004806,2,False,0109,1/27/2018 1:18:00 PM,1318,33X,14,109,Oakland,1,True,True,A,HEAD-ON,,Saturday,,,M,,False,False,True,,I,FIXED OBJECT,,0,0,CLEAR,,NO UNUSUAL CONDITIONS - NO UNUSUAL CONDITIONS,,A,DAYLIGHT,,,,,,,A,NO PEDESTRIANS INVOLVED,,A,22107,,1,INTERNATIONAL BL,2,,,A,E,20.0,94TH AV,F,,D,8/2/2024 10:54:55 AM,2/3/2025 12:20:03 PM,,,2,,,,,,,
3314844,18-000724,2,False,0109,1/4/2018 9:00:00 PM,2100,16Y,14,109,Oakland,1,True,True,A,HEAD-ON,,Thursday,,,M,,False,False,True,,E,PARKED MOTOR VEHICLE,,0,0,CLOUDY,RAINING,NO UNUSUAL CONDITIONS - NO UNUSUAL CONDITIONS,,D,DARK-NO STREET LIGHTS,,,,,,,A,NO PEDESTRIANS INVOLVED,,A,22107,,1,E 36TH ST,1,,,B,E,236.0,CHATHAM RD,F,,D,8/2/2024 10:54:54 AM,2/3/2025 12:20:03 PM,,,2,,,,,,,
3314840,18-001256,2,False,0109,1/8/2018 7:37:00 AM,737,16X,14,109,Oakland,1,True,True,G,VEHICLE/PEDESTRAIN,,Monday,,,,,False,False,False,,B,PEDESTRIAN,,0,0,RAINING,,NO UNUSUAL CONDITIONS - NO UNUSUAL CONDITIONS,,A,DAYLIGHT,,,,,,,B,CROSSING IN CROSS WALK AT INTERSECTION,,A,21950A,,1,BEAUMONT AV,1,,,B,,,EXCELSIOR AV,,,A,8/2/2024 10:54:54 AM,2/3/2025 12:20:03 PM,,,2,,,,,,,
3314836,18-001087,2,False,0109,1/6/2018 9:55:00 PM,2155,15X,14,109,Oakland,1,True,True,B,SIDE SWIPE,,Saturday,,,,,False,False,False,,C,OTHER MOTOR VEHICLE,,0,0,CLEAR,,NO UNUSUAL CONDITIONS - NO UNUSUAL CONDITIONS,,C,DARK-STREET LIGHTS,,,,,,,A,NO PEDESTRIANS INVOLVED,,A,22100A,,1,3RD AV,1,,,A,S,30.0,E 18TH ST,F,,D,8/2/2024 10:54:54 AM,2/3/2025 12:20:02 PM,,,2,,,,,,,
3314833,18-003591,2,False,0109,1/20/2018 5:24:00 PM,1724,31Z,14,109,Oakland,1,True,True,B,SIDE SWIPE,,Saturday,,,M,,False,False,False,,C,OTHER MOTOR VEHICLE,,0,0,CLEAR,,NO UNUSUAL CONDITIONS - NO UNUSUAL CONDITIONS,,A,DAYLIGHT,,,,,,,A,NO PEDESTRIANS INVOLVED,,A,21650,,1,CAPISTRANO DR,2,,,A,,,ALMANZA DR,,,A,8/2/2024 10:54:53 AM,2/3/2025 12:20:02 PM,,,2,,,,,,,
3314829,18-000561,2,False,0109,1/4/2018 3:06:00 AM,306,31X,14,109,Oakland,1,True,True,D,BROADSIDE,,Thursday,,,M,,False,False,True,,C,OTHER MOTOR VEHICLE,,0,0,CLOUDY,,NO UNUSUAL CONDITIONS - NO UNUSUAL CONDITIONS,,C,DARK-STREET LIGHTS,,,,,,,A,NO PEDESTRIANS INVOLVED,,A,22107,,1,CATRON DR,2,,,B,,,REPOSO DR,,,D,8/2/2024 10:54:53 AM,2/3/2025 12:20:02 PM,,,2,,,,,,,
3314826,18-000806,2,False,0109,1/5/2018 8:44:00 AM,844,06X,14,109,Oakland,1,True,True,B,SIDE SWIPE,,Friday,,,M,,False,False,False,,E,PARKED MOTOR VEHICLE,,1,0,RAINING,,NO UNUSUAL CONDITIONS - NO UNUSUAL CONDITIONS,,A,DAYLIGHT,,,,,,,A,NO PEDESTRIANS INVOLVED,,A,22107,,1,MARKET ST,1,,,B,N,50.0,36TH ST,F,,A,8/2/2024 10:54:53 AM,2/3/2025 12:20:01 PM,,,2,,,,,,,
3314822,18-001088,2,False,0109,1/6/2018 9:30:00 PM,2130,22X,14,109,Oakland,1,True,True,B,SIDE SWIPE,,Saturday,,,M,,False,False,False,,C,OTHER MOTOR VEHICLE,,0,0,CLEAR,,NO UNUSUAL CONDITIONS - NO UNUSUAL CONDITIONS,,C,DARK-STREET LIGHTS,,,,,,,A,NO PEDESTRIANS INVOLVED,,A,21750,,1,MACARTHUR BL,1,,,A,,,WILSON AV,,,D,8/2/2024 10:54:53 AM,2/3/2025 12:20:01 PM,,,2,,,,,,,
3314819,18-000913,2,False,0109,1/6/2018 8:17:00 PM,2017,19X,14,109,Oakland,1,True,True,E,HIT OBJECT,,Saturday,,,M,,False,False,True,,I,FIXED OBJECT,,0,0,RAINING,,OTHER* - OTHER*,,C,DARK-STREET LIGHTS,,,,,,,A,NO PEDESTRIANS INVOLVED,,A,22107,,1,1ST AV,1,,,B,S,15.0,INTERNATIONAL BL,F,,A,8/2/2024 10:54:52 AM,2/3/2025 12:20:01 PM,,,2,,,,,,,
3314537,18-003943,2,False,0109,1/22/2018 7:35:00 PM,1935,03X,14,109,Oakland,1,True,True,D,BROADSIDE,,Monday,,,,,False,False,True,,C,OTHER MOTOR VEHICLE,,1,0,CLOUDY,,,,C,DARK-STREET LIGHTS,,,,,,,A,NO PEDESTRIANS INVOLVED,,A,21453A,,1,9TH ST,1,,,A,,,MADISON ST,,,A,8/2/2024 10:54:30 AM,2/3/2025 12:19:34 PM,,,2,,,,,,,
3314536,18-009488,2,False,0109,2/22/2018 6:45:00 AM,645,05X,14,109,Oakland,1,True,True,D,BROADSIDE,,Thursday,,,,,False,False,False,,C,OTHER MOTOR VEHICLE,,3,0,CLEAR,,NO UNUSUAL CONDITIONS - NO UNUSUAL CONDITIONS,,A,DAYLIGHT,,,,,,,A,NO PEDESTRIANS INVOLVED,,A,21453A,,1,17TH ST,1,,,A,,,BRUSH ST,,,A,8/2/2024 10:54:30 AM,2/3/2025 12:19:33 PM,,,2,,,,,,,
3314534,18-009790,2,False,0109,2/23/2018 8:38:00 PM,2038,24X,14,109,Oakland,1,True,True,B,SIDE SWIPE,,Friday,,,,,False,False,True,,E,PARKED MOTOR VEHICLE,,1,0,CLEAR,,NO UNUSUAL CONDITIONS - NO UNUSUAL CONDITIONS,,C,DARK-STREET LIGHTS,,,,,,,A,NO PEDESTRIANS INVOLVED,,A,22107,,1,HIGH ST,2,,,A,N,48.0,VIRGINIA AV,F,,D,8/2/2024 10:54:30 AM,2/3/2025 12:19:33 PM,,,2,,,,,,,
3314533,18-003986,2,False,0109,1/23/2018 3:25:00 AM,325,03X,14,109,Oakland,1,True,True,C,REAR END,,Tuesday,,,,,False,False,False,,,,,1,0,CLOUDY,,NO UNUSUAL CONDITIONS - NO UNUSUAL CONDITIONS,,C,DARK-STREET LIGHTS,,,,,,,F,NOT IN ROAD,,A,22107,,1,7TH ST,1,,,A,E,70.0,HARRISON ST,F,,D,8/2/2024 10:54:30 AM,2/3/2025 12:19:33 PM,,,2,,,,,,,
3314532,18-009384,2,False,0109,2/21/2018 2:22:00 PM,1422,21X,14,109,Oakland,1,True,True,B,SIDE SWIPE,,Wednesday,,,,,False,False,False,,E,PARKED MOTOR VEHICLE,,0,0,CLEAR,,NO UNUSUAL CONDITIONS - NO UNUSUAL CONDITIONS,,A,DAYLIGHT,,,,,,,A,NO PEDESTRIANS INVOLVED,,A,22517,,1,FRUITVALE AV,1,,,A,N,10.0,E 27TH ST,F,,A,8/2/2024 10:54:30 AM,2/3/2025 12:19:33 PM,,,2,,,,,,,
3314531,18-003862,2,False,0109,1/22/2018 12:00:00 PM,1200,22X,14,109,Oakland,1,True,True,A,HEAD-ON,,Monday,,,,,False,False,False,,C,OTHER MOTOR VEHICLE,,1,0,CLOUDY,,NO UNUSUAL CONDITIONS - NO UNUSUAL CONDITIONS,,A,DAYLIGHT,,,,,,,A,NO PEDESTRIANS INVOLVED,,A,21801A,,1,COOLIDGE AV,1,,,A,,,MACARTHUR BL,,,A,8/2/2024 10:54:30 AM,2/3/2025 12:19:33 PM,,,2,,,,,,,
3314530,18-009795,2,False,0109,2/23/2018 9:11:00 PM,2111,03X,14,109,Oakland,1,True,True,D,BROADSIDE,,Friday,,,,,False,False,True,,C,OTHER MOTOR VEHICLE,,1,0,CLEAR,,NO UNUSUAL CONDITIONS - NO UNUSUAL CONDITIONS,,C,DARK-STREET LIGHTS,,,,,,,A,NO PEDESTRIANS INVOLVED,,A,21453A,,1,8TH ST,1,,,A,,,MADISON ST,,,A,8/2/2024 10:54:30 AM,2/3/2025 12:19:33 PM,,,2,,,,,,,
3314529,18-009422,2,False,0109,2/21/2018 6:44:00 PM,1844,12X,14,109,Oakland,1,True,True,A,HEAD-ON,,Wednesday,,,,,False,False,False,,I,FIXED OBJECT,,0,0,CLEAR,,NO UNUSUAL CONDITIONS - NO UNUSUAL CONDITIONS,,C,DARK-STREET LIGHTS,,,,,,,A,NO PEDESTRIANS INVOLVED,,A,22107,,1,51ST ST,1,,,A,,,LAWTON,,,D,8/2/2024 10:54:30 AM,2/3/2025 12:19:33 PM,,,2,,,,,,,
3314528,18-003548,2,False,0109,1/20/2018 12:25:00 PM,1225,17X,14,109,Oakland,1,True,True,A,HEAD-ON,,Saturday,,,,,False,False,False,,C,OTHER MOTOR VEHICLE,,1,0,CLEAR,,NO UNUSUAL CONDITIONS - NO UNUSUAL CONDITIONS,,A,DAYLIGHT,,,,,,,A,NO PEDESTRIANS INVOLVED,,A,22350,,1,PARK BL,1,,,A,N,1.0,7TH AV,F,,A,8/2/2024 10:54:30 AM,2/3/2025 12:19:33 PM,,,2,,,,,,,
3314527,18-008969,2,False,0109,2/19/2018 3:41:00 PM,1541,26X,14,109,Oakland,1,True,True,D,BROADSIDE,,Monday,,,,,False,False,False,,C,OTHER MOTOR VEHICLE,,1,0,CLEAR,,NO UNUSUAL CONDITIONS - NO UNUSUAL CONDITIONS,,A,DAYLIGHT,,,,,,,A,NO PEDESTRIANS INVOLVED,,A,21801A,,1,SAN LEANDRO ST,2,,,A,E,10.0,52ND AV,M,,D,8/2/2024 10:54:29 AM,2/3/2025 12:19:33 PM,,,2,,,,,,,
3314526,18-009029,2,False,0109,2/19/2018 10:53:00 PM,2253,30X,14,109,Oakland,1,True,True,D,BROADSIDE,,Monday,,,M,,False,False,False,,C,OTHER MOTOR VEHICLE,,0,0,CLEAR,,NO UNUSUAL CONDITIONS - NO UNUSUAL CONDITIONS,,C,DARK-STREET LIGHTS,,,,,,,A,NO PEDESTRIANS INVOLVED,,A,21800A,,1,82ND AV,2,,,A,,,OLIVE,,,A,8/2/2024 10:54:29 AM,2/3/2025 12:19:33 PM,,,2,,,,,,,
3314525,18-003765,2,False,0109,1/21/2018 9:11:00 PM,2111,06X,14,109,Oakland,1,True,True,H,OTHER,,Sunday,,,,,False,False,False,,I,FIXED OBJECT,,1,0,RAINING,,NO UNUSUAL CONDITIONS - NO UNUSUAL CONDITIONS,,D,DARK-NO STREET LIGHTS,,,,,,,A,NO PEDESTRIANS INVOLVED,,A,21453A,,1,34TH ST,1,,,B,N,50.0,MARTIN LUTHER KING JR WY,F,,A,8/2/2024 10:54:29 AM,2/3/2025 12:19:32 PM,,,2,,,,,,,
3314524,18-008974,2,False,0109,2/19/2018 3:40:00 PM,1540,22X,14,109,Oakland,1,True,True,G,VEHICLE/PEDESTRAIN,,Monday,,,,,False,False,False,,B,PEDESTRIAN,,1,0,RAINING,,NO UNUSUAL CONDITIONS - NO UNUSUAL CONDITIONS,,A,DAYLIGHT,,,,,,,C,CROSSING IN CROSS WALK - NOT AT INTERSECTION,,A,21950A,,1,MACARTHUR BL,1,,,B,,,CANON AV,,,A,8/2/2024 10:54:29 AM,2/3/2025 12:19:32 PM,,,2,,,,,,,
3314523,18-009893,2,False,0109,2/24/2018 9:36:00 AM,936,34X,14,109,Oakland,1,True,True,C,REAR END,,Saturday,,,,,False,False,False,,C,OTHER MOTOR VEHICLE,,0,0,CLEAR,,NO UNUSUAL CONDITIONS - NO UNUSUAL CONDITIONS,,A,DAYLIGHT,,,,,,,A,NO PEDESTRIANS INVOLVED,,A,22350,,1,INTERNATIONAL BL,2,,,A,E,10.0,96TH AV,F,,D,8/2/2024 10:54:29 AM,2/3/2025 12:19:32 PM,,,2,,,,,,,
3314522,18-003788,2,False,0109,1/21/2018 11:29:00 PM,2329,32X,14,109,Oakland,1,True,True,A,HEAD-ON,,Sunday,,,,,False,False,False,,B,PEDESTRIAN,,1,0,RAINING,,NO UNUSUAL CONDITIONS - NO UNUSUAL CONDITIONS,,C,DARK-STREET LIGHTS,,,,,,,B,CROSSING IN CROSS WALK AT INTERSECTION,,A,21950A,,1,INTERNATIONAL BL,2,,,B,,,100TH AV,,,D,8/2/2024 10:54:29 AM,2/3/2025 12:19:32 PM,,,2,,,,,,,
3314521,18-009216,2,False,0109,2/20/2018 5:27:00 PM,1727,15X,14,109,Oakland,1,True,True,D,BROADSIDE,,Tuesday,,,,,False,False,False,,C,OTHER MOTOR VEHICLE,,2,0,CLOUDY,,NO UNUSUAL CONDITIONS - NO UNUSUAL CONDITIONS,,B,DUSK-DAWN,,,,,,,A,NO PEDESTRIANS INVOLVED,,A,21802A,,1,PARK BL,1,,,A,,,MCKINLEY AV,,,D,8/2/2024 10:54:29 AM,2/3/2025 12:19:32 PM,,,2,,,,,,,
3314520,18-008912,2,False,0109,2/19/2018 9:30:00 AM,930,24X,14,109,Oakland,1,True,True,D,BROADSIDE,,Monday,,,,,False,False,False,,C,OTHER MOTOR VEHICLE,,0,0,CLEAR,,NO UNUSUAL CONDITIONS - NO UNUSUAL CONDITIONS,,A,DAYLIGHT,,,,,,,A,NO PEDESTRIANS INVOLVED,,A,21801A,,1,HIGH ST,2,,,A,,,FOOTHILL BL,,,A,8/2/2024 10:54:29 AM,2/3/2025 12:19:32 PM,,,2,,,,,,,
3314518,18-009414,2,False,0109,3/21/2018 4:51:00 PM,1651,20X,14,109,Oakland,1,True,True,D,BROADSIDE,,Wednesday,,,,,False,False,False,,C,OTHER MOTOR VEHICLE,,1,0,CLEAR,,NO UNUSUAL CONDITIONS - NO UNUSUAL CONDITIONS,,C,DARK-STREET LIGHTS,,,,,,,A,NO PEDESTRIANS INVOLVED,,A,22450A,,1,E 15TH ST,1,,,A,,,25TH AV,,,A,8/2/2024 10:54:29 AM,2/3/2025 12:19:32 PM,,,2,,,,,,,
3314517,18-009031,2,False,0109,2/19/2018 10:43:00 PM,2243,21X,14,109,Oakland,1,True,True,A,HEAD-ON,,Monday,,,M,,False,False,True,,E,PARKED MOTOR VEHICLE,,0,0,CLEAR,,NO UNUSUAL CONDITIONS - NO UNUSUAL CONDITIONS,,C,DARK-STREET LIGHTS,,,,,,,A,NO PEDESTRIANS INVOLVED,,A,22107,,1,SCHOOL ST,1,,,A,E,20.0,FRUITVALE AV,F,,D,8/2/2024 10:54:29 AM,2/3/2025 12:19:32 PM,,,2,,,,,,,
3314515,18-009435,2,False,0109,2/21/2018 8:11:00 PM,2011,06X,14,109,Oakland,1,True,True,H,OTHER,,Wednesday,,,,,False,False,False,,G,BICYCLE,,1,0,CLEAR,,NO UNUSUAL CONDITIONS - NO UNUSUAL CONDITIONS,,C,DARK-STREET LIGHTS,,,,,,,A,NO PEDESTRIANS INVOLVED,,A,21453A,,1,WEST ST,1,,,A,,,W MACARTHUR BL,,,A,8/2/2024 10:54:29 AM,2/3/2025 12:19:31 PM,,,2,,,,,,,
3314514,18-009886,2,False,0109,2/24/2018 9:14:00 AM,914,33X,14,109,Oakland,1,True,True,C,REAR END,,Saturday,,,M,,False,False,False,,C,OTHER MOTOR VEHICLE,,0,0,CLEAR,,NO UNUSUAL CONDITIONS - NO UNUSUAL CONDITIONS,,A,DAYLIGHT,,,,,,,A,NO PEDESTRIANS INVOLVED,,A,22350,,1,98TH AV,2,,,A,S,30.0,INTERNATIONAL BL,F,,A,8/2/2024 10:54:28 AM,2/3/2025 12:19:31 PM,,,2,,,,,,,
3314512,18-009857,2,False,0109,2/24/2018 4:33:00 AM,433,35X,14,109,Oakland,1,True,True,C,REAR END,,Saturday,,,M,,False,False,False,,E,PARKED MOTOR VEHICLE,,0,0,CLEAR,,NO UNUSUAL CONDITIONS - NO UNUSUAL CONDITIONS,,C,DARK-STREET LIGHTS,,,,,,,A,NO PEDESTRIANS INVOLVED,,A,22350,,1,MOUNTAIN BL,2,,,A,W,350.0,GOLF LINKS,F,,D,8/2/2024 10:54:28 AM,2/3/2025 12:19:31 PM,,,2,,,,,,,
3314511,18-009254,2,False,0109,2/20/2018 9:50:00 PM,2150,26Y,14,109,Oakland,1,True,True,H,OTHER,,Tuesday,,,M,,False,False,True,,,,,1,0,CLEAR,,NO UNUSUAL CONDITIONS - NO UNUSUAL CONDITIONS,,C,DARK-STREET LIGHTS,,,,,,,A,NO PEDESTRIANS INVOLVED,,A,22107,,1,66TH AV,2,,,A,,,SAN LEANDRO ST,,,A,8/2/2024 10:54:28 AM,2/3/2025 12:19:31 PM,,,2,,,,,,,
3314508,18-009492,2,False,0109,2/22/2018 7:50:00 AM,750,31Z,14,109,Oakland,1,True,True,A,HEAD-ON,,Thursday,,,M,,False,False,True,,E,PARKED MOTOR VEHICLE,,0,0,CLEAR,,NO UNUSUAL CONDITIONS - NO UNUSUAL CONDITIONS,,A,DAYLIGHT,,,,,,,A,NO PEDESTRIANS INVOLVED,,A,22107,,1,GHORMLEY AV,2,,,A,N,360.0,BERNHARDT DR,F,,D,8/2/2024 10:54:28 AM,2/3/2025 12:19:31 PM,,,2,,,,,,,
3314505,18-009841,2,False,0109,2/24/2018 3:01:00 AM,301,23X,14,109,Oakland,1,True,True,C,REAR END,,Saturday,,,M,,False,False,True,,E,PARKED MOTOR VEHICLE,,0,0,CLEAR,,NO UNUSUAL CONDITIONS - NO UNUSUAL CONDITIONS,,C,DARK-STREET LIGHTS,,,,,,,A,NO PEDESTRIANS INVOLVED,,A,22107,,1,38TH AV,2,,,A,N,500.0,INTERNATIONAL BL,F,,D,8/2/2024 10:54:28 AM,2/3/2025 12:19:31 PM,,,2,,,,,,,
3314504,18-003698,2,False,0109,1/21/2018 10:38:00 AM,1038,05X,14,109,Oakland,1,True,True,A,HEAD-ON,,Sunday,,,,,False,False,False,,G,BICYCLE,,1,0,CLEAR,,NO UNUSUAL CONDITIONS - NO UNUSUAL CONDITIONS,,A,DAYLIGHT,,,,,,,A,NO PEDESTRIANS INVOLVED,,A,21802A,,1,18TH ST,1,,,A,,,MANDELA PKWY,,,A,8/2/2024 10:54:28 AM,2/3/2025 12:19:30 PM,,,2,,,,,,,
3314481,18-011753,2,False,0109,3/6/2018 3:15:00 PM,1515,03X,14,109,Oakland,1,True,True,B,SIDE SWIPE,,Tuesday,,,M,,False,False,False,,E,PARKED MOTOR VEHICLE,,0,0,CLEAR,,NO UNUSUAL CONDITIONS - NO UNUSUAL CONDITIONS,,A,DAYLIGHT,,,,,,,A,NO PEDESTRIANS INVOLVED,,A,22107,,1,13TH ST,1,,,A,W,25.0,FALLON ST,F,,A,8/2/2024 10:54:26 AM,2/3/2025 12:19:28 PM,,,2,,,,,,,
3314449,18-009842,2,False,0109,2/24/2018 2:57:00 AM,257,34X,14,109,Oakland,1,True,True,B,SIDE SWIPE,,Saturday,,,M,,False,False,True,,C,OTHER MOTOR VEHICLE,,0,0,CLEAR,,NO UNUSUAL CONDITIONS - NO UNUSUAL CONDITIONS,,C,DARK-STREET LIGHTS,,,,,,,A,NO PEDESTRIANS INVOLVED,,A,22107,,1,82ND AV,2,,,A,N,300.0,HOLLY ST,F,,D,8/2/2024 10:54:23 AM,2/3/2025 12:19:25 PM,,,2,,,,,,,
3314439,18-009513,2,False,0109,2/22/2018 9:24:00 AM,924,13Z,14,109,Oakland,1,True,True,D,BROADSIDE,,Thursday,,,,,False,False,False,,C,OTHER MOTOR VEHICLE,,0,0,CLEAR,,NO UNUSUAL CONDITIONS - NO UNUSUAL CONDITIONS,,A,DAYLIGHT,,,,,,,A,NO PEDESTRIANS INVOLVED,,A,21453A,,1,MORAGA AV,1,,,A,,,LA SALLE AV,,,A,8/2/2024 10:54:23 AM,2/3/2025 12:19:24 PM,,,2,,,,,,,
3314432,18-008887,2,False,0109,2/19/2018 8:03:00 AM,803,27Y,14,109,Oakland,1,True,True,D,BROADSIDE,,Monday,,,,,False,False,True,,C,OTHER MOTOR VEHICLE,,0,0,CLEAR,,NO UNUSUAL CONDITIONS - NO UNUSUAL CONDITIONS,,A,DAYLIGHT,,,,,,,A,NO PEDESTRIANS INVOLVED,,A,21802A,,1,BANCROFT AV,2,,,A,,,48TH AV,,,D,8/2/2024 10:54:22 AM,2/3/2025 12:19:23 PM,,,2,,,,,,,
3314428,18-008909,2,False,0109,2/20/2018 8:13:00 AM,813,29X,14,109,Oakland,1,True,True,C,REAR END,,Tuesday,,,,,False,False,True,,C,OTHER MOTOR VEHICLE,,0,0,CLEAR,,NO UNUSUAL CONDITIONS - NO UNUSUAL CONDITIONS,,A,DAYLIGHT,,,,,,,A,NO PEDESTRIANS INVOLVED,,A,21703,,1,EDWARDS AV,2,,,A,N,90.0,SUNKIST DR,F,,D,8/2/2024 10:54:22 AM,2/3/2025 12:19:23 PM,,,2,,,,,,,
3314353,18-001378,2,False,0109,1/8/2018 5:53:00 PM,1753,12X,14,109,Oakland,1,True,True,C,REAR END,,Monday,,,M,,False,False,False,,C,OTHER MOTOR VEHICLE,,0,0,RAINING,,NO UNUSUAL CONDITIONS - NO UNUSUAL CONDITIONS,,C,DARK-STREET LIGHTS,,,,,,,A,NO PEDESTRIANS INVOLVED,,A,22350,,1,42ND ST,1,,,B,W,50.0,TELEGRAPH AV,F,,A,8/2/2024 10:54:16 AM,2/3/2025 12:19:16 PM,,,2,,,,,,,
3314272,18-002219,2,False,0109,1/13/2018 7:56:00 AM,756,27X,14,109,Oakland,1,True,True,C,REAR END,,Saturday,,,,,False,False,False,,C,OTHER MOTOR VEHICLE,,1,0,CLEAR,,NO UNUSUAL CONDITIONS - NO UNUSUAL CONDITIONS,,A,DAYLIGHT,,,,,,,,,,A,22350,,1,HIGH ST,2,,,A,S,25.0,SANTA RITA ST,F,,A,8/2/2024 10:54:10 AM,2/3/2025 12:19:08 PM,,,2,,,,,,,
3314264,18-004815,2,False,0109,1/27/2018 3:13:00 PM,1513,21X,14,109,Oakland,1,True,True,G,VEHICLE/PEDESTRAIN,,Saturday,,,M,,False,False,False,,B,PEDESTRIAN,,1,0,CLEAR,,NO UNUSUAL CONDITIONS - NO UNUSUAL CONDITIONS,,A,DAYLIGHT,,,,,,,,,,A,21950A,,1,FRUITVALE AV,1,,,A,,,LOGAN ST,,,A,8/2/2024 10:54:10 AM,2/3/2025 12:19:07 PM,,,2,,,,,,,
3314260,18-001529,2,False,0109,1/9/2018 3:26:00 PM,1526,20X,14,109,Oakland,1,True,True,D,BROADSIDE,,Tuesday,,,,,False,False,False,,C,OTHER MOTOR VEHICLE,,1,0,CLEAR,,NO UNUSUAL CONDITIONS - NO UNUSUAL CONDITIONS,,A,DAYLIGHT,,,,,,,,,,A,21802A,,1,INTERNATIONAL BL,1,,,A,,,MILLER AV,,,D,8/2/2024 10:54:09 AM,2/3/2025 12:19:07 PM,,,2,,,,,,,
3314256,18-001559,2,False,0109,1/9/2018 6:45:00 PM,1845,22X,14,109,Oakland,1,True,True,D,BROADSIDE,,Tuesday,,,,,False,False,False,,C,OTHER MOTOR VEHICLE,,0,0,CLEAR,,NO UNUSUAL CONDITIONS - NO UNUSUAL CONDITIONS,,C,DARK-STREET LIGHTS,,,,,,,,,,A,21802A,,1,LINCOLN AV,1,,,A,,,MACARTHUR,,,A,8/2/2024 10:54:09 AM,2/3/2025 12:19:06 PM,,,2,,,,,,,
3314252,18-001579,2,False,0109,1/9/2018 9:36:00 PM,2136,19X,14,109,Oakland,1,True,True,B,SIDE SWIPE,,Tuesday,,,,,False,False,False,,C,OTHER MOTOR VEHICLE,,1,0,CLEAR,,NO UNUSUAL CONDITIONS - NO UNUSUAL CONDITIONS,,D,DARK-NO STREET LIGHTS,,,,,,,,,,D,,,,INTERNATIONAL BL,1,,,A,W,100.0,18TH AV,F,,D,8/2/2024 10:54:09 AM,2/3/2025 12:19:06 PM,,,2,,,,,,,
3314248,18-003252,2,False,0109,1/18/2018 3:18:00 PM,1518,28X,14,109,Oakland,1,True,True,C,REAR END,,Thursday,,,,,False,False,False,,C,OTHER MOTOR VEHICLE,,1,0,RAINING,,NO UNUSUAL CONDITIONS - NO UNUSUAL CONDITIONS,,A,DAYLIGHT,,,,,,,,,,A,22350,,1,MACARTHUR BL,2,,,B,E,10.0,RICHARDS RD,F,,A,8/2/2024 10:54:08 AM,2/3/2025 12:19:06 PM,,,2,,,,,,,
3314245,18-002438,2,False,0109,1/14/2018 3:47:00 PM,1547,30X,14,109,Oakland,1,True,True,C,REAR END,,Sunday,,,,,False,False,False,,C,OTHER MOTOR VEHICLE,,2,0,CLOUDY,,NO UNUSUAL CONDITIONS - NO UNUSUAL CONDITIONS,,A,DAYLIGHT,,,,,,,,,,A,22350,,1,73RD AV,2,,,A,,,ORRAL ST,,,D,8/2/2024 10:54:08 AM,2/3/2025 12:19:05 PM,,,2,,,,,,,
3314242,18-002745,2,False,0109,1/16/2018 11:15:00 AM,1115,03X,14,109,Oakland,1,True,True,B,SIDE SWIPE,,Tuesday,,,,,False,False,False,,C,OTHER MOTOR VEHICLE,,1,0,CLEAR,,NO UNUSUAL CONDITIONS - NO UNUSUAL CONDITIONS,,A,DAYLIGHT,,,,,,,,,,A,22107,,1,BROADWAY,1,,,A,N,21.0,13TH ST,F,,A,8/2/2024 10:54:08 AM,2/3/2025 12:19:05 PM,,,2,,,,,,,