collision-id,report-number,report-version,is-preliminary,ncic-code,crash-date-time,crash-time-description,beat,city-id,city-code,city-name,county-code,city-is-active,city-is-incorporated,collision-type-code,collision-type-description,collision-type-other-desc,day-of-week,dispatch-notified,has-photographs,hit-run,is-attachments-mailed,is-deleted,is-highway-related,is-tow-away,judicial-district,motor-vehicle-involved-with-code,motor-vehicle-involved-with-desc,motor-vehicle-involved-with-other-desc,number-injured,number-killed,weather-1,weather-2,road-condition-1,road-condition-2,special-condition-lighting-code,lighting-description,latitude,longitude,milepost-direction,milepost-distance,milepost-marker,milepost-unit-of-measure,pedestrian-action-code,pedestrian-action-desc,prepared-date,primary-collision-factor-code,primary-collision-factor-violation,primary-collision-factor-is-cited,primary-collision-party-number,primary-road,reporting-district,reporting-district-code,reviewed-date,roadway-surface-code,secondary-direction,secondary-distance,secondary-road,secondary-unit-of-measure,sketch-desc,traffic-control-device-code,created-date,modified-date,is-county-road,is-freeway,chp-555-version,is-additonal-object-struck,notification-date,notification-time-description,has-digital-media-files,evidence-number,is-location-refer-to-narrative,is-aoi-one-same-as-location
3368621,18-016166,2,False,0109,3/31/2018 12:19:00 AM,19,20X,14,109,Oakland,1,True,True,B,SIDE SWIPE,,Saturday,,,M,,False,False,False,,E,PARKED MOTOR VEHICLE,,0,0,CLEAR,,NO UNUSUAL CONDITIONS - NO UNUSUAL CONDITIONS,,C,DARK-STREET LIGHTS,,,,,,,A,NO PEDESTRIANS INVOLVED,,A,22107,,1,23RD AV,1,,,A,N,25.0,INTERNATIONAL BL,F,,D,8/2/2024 12:41:15 PM,2/6/2025 9:08:56 AM,,,2,,,,,,,
3368617,18-013674,2,False,0109,3/17/2018 2:25:00 AM,225,20X,14,109,Oakland,1,True,True,A,HEAD-ON,,Saturday,,,,,False,False,False,,C,OTHER MOTOR VEHICLE,,0,0,CLEAR,,NO UNUSUAL CONDITIONS - NO UNUSUAL CONDITIONS,,C,DARK-STREET LIGHTS,,,,,,,A,NO PEDESTRIANS INVOLVED,,A,23152A,,1,29TH AV,1,,,A,N,50.0,16TH ST,F,,A,8/2/2024 12:41:14 PM,2/6/2025 9:08:56 AM,,,2,,,,,,,
3368613,18-008354,2,False,0109,2/16/2018 12:29:00 AM,29,27X,14,109,Oakland,1,True,True,E,HIT OBJECT,,Friday,,,M,,False,False,True,,I,FIXED OBJECT,,0,0,CLEAR,,NO UNUSUAL CONDITIONS - NO UNUSUAL CONDITIONS,,C,DARK-STREET LIGHTS,,,,,,,A,NO PEDESTRIANS INVOLVED,,A,22107,,1,HIGH ST,2,,,A,,,BOND ST,,,A,8/2/2024 12:41:14 PM,2/6/2025 9:08:56 AM,,,2,,,,,,,
3368576,180021663,2,False,0109,4/30/2018 7:04:00 PM,1904,045,14,109,Oakland,1,True,True,D,BROADSIDE,,Monday,,,,,False,False,False,,C,OTHER MOTOR VEHICLE,,1,0,CLEAR,,NO UNUSUAL CONDITIONS - NO UNUSUAL CONDITIONS,,A,DAYLIGHT,,,,,,,A,NO PEDESTRIANS INVOLVED,,A,23152A,,1,ADELLE ST,1,,,A,,,GRAND AV,,,A,8/2/2024 12:41:08 PM,2/6/2025 9:08:54 AM,,,2,,,,,,,
3368563,18-005886,2,False,0109,2/2/2018 7:14:00 AM,714,05X,14,109,Oakland,1,True,True,C,REAR END,,Friday,,,,,False,False,False,,E,PARKED MOTOR VEHICLE,,0,0,CLEAR,,NO UNUSUAL CONDITIONS - NO UNUSUAL CONDITIONS,,A,DAYLIGHT,,,,,,,A,NO PEDESTRIANS INVOLVED,,A,23152A,,1,18TH ST,1,,,A,W,20.0,BRUSH ST,F,,A,8/2/2024 12:41:06 PM,2/6/2025 9:08:53 AM,,,2,,,,,,,
3368043,18-019449,2,False,0109,4/18/2018 4:30:00 PM,1630,28X,14,109,Oakland,1,True,True,H,OTHER,,Wednesday,,,,,False,False,False,,G,BICYCLE,,2,0,CLEAR,,NO UNUSUAL CONDITIONS - NO UNUSUAL CONDITIONS,,A,DAYLIGHT,,,,,,,A,NO PEDESTRIANS INVOLVED,,A,216501,,1,MACARTHUR BL,2,,,A,S,50.0,CALAVERAS AV,F,,A,8/2/2024 12:39:41 PM,2/6/2025 9:08:24 AM,,,2,,,,,,,
3367514,18-003447,2,False,0109,1/19/2018 9:25:00 PM,2125,02Y,14,109,Oakland,1,True,True,A,HEAD-ON,,Friday,,,M,,False,False,False,,E,PARKED MOTOR VEHICLE,,0,0,CLEAR,,NO UNUSUAL CONDITIONS - NO UNUSUAL CONDITIONS,,C,DARK-STREET LIGHTS,,,,,,,A,NO PEDESTRIANS INVOLVED,,A,21651B,,1,LINDEN ST,1,,,A,S,35.0,12TH ST,F,,D,8/2/2024 12:38:15 PM,2/6/2025 9:07:54 AM,,,2,,,,,,,
3367511,18-001044,2,False,0109,1/6/2018 4:30:00 PM,1630,16X,14,109,Oakland,1,True,True,A,HEAD-ON,,Saturday,,,,,False,False,False,,I,FIXED OBJECT,,0,0,CLEAR,,NO UNUSUAL CONDITIONS - NO UNUSUAL CONDITIONS,,A,DAYLIGHT,,,,,,,A,NO PEDESTRIANS INVOLVED,,D,,,,PARK AV,1,,,A,,,BRIGHTON AV,,,A,8/2/2024 12:38:14 PM,2/6/2025 9:07:54 AM,,,2,,,,,,,
3367495,18-010683,2,False,0109,2/28/2018 4:45:00 PM,1645,27,14,109,Oakland,1,True,True,C,REAR END,,Wednesday,,,M,,False,False,False,,C,OTHER MOTOR VEHICLE,,0,0,CLEAR,,NO UNUSUAL CONDITIONS - NO UNUSUAL CONDITIONS,,A,DAYLIGHT,,,,,,,A,NO PEDESTRIANS INVOLVED,,A,22350,,1,57TH AV,2,,,A,N,0.25,SCOVILLE ST,M,,D,8/2/2024 12:38:12 PM,2/6/2025 9:07:53 AM,,,2,,,,,,,
3367457,18-000171,2,False,0109,1/2/2018 8:03:00 AM,803,33X,14,109,Oakland,1,True,True,D,BROADSIDE,,Tuesday,,,M,,False,False,False,,C,OTHER MOTOR VEHICLE,,0,0,CLEAR,,NO UNUSUAL CONDITIONS - NO UNUSUAL CONDITIONS,,A,DAYLIGHT,,,,,,,A,NO PEDESTRIANS INVOLVED,,A,22450A,,1,INTERNATIONAL BL,2,,,A,,,84TH AV,,,A,8/2/2024 12:38:06 PM,2/6/2025 9:07:51 AM,,,2,,,,,,,
3367454,18-004667,2,False,0109,1/26/2018 4:00:00 PM,1600,30X,14,109,Oakland,1,True,True,C,REAR END,,Friday,,,M,,False,False,False,,C,OTHER MOTOR VEHICLE,,0,0,CLEAR,,NO UNUSUAL CONDITIONS - NO UNUSUAL CONDITIONS,,A,DAYLIGHT,,,,,,,A,NO PEDESTRIANS INVOLVED,,A,22350,,1,BANCROFT,2,,,A,W,300.0,CHURCH ST,F,,A,8/2/2024 12:38:06 PM,2/6/2025 9:07:51 AM,,,2,,,,,,,
3367452,18-019103,2,False,0109,4/16/2018 9:23:00 PM,2123,26X,14,109,Oakland,1,True,True,D,BROADSIDE,,Monday,,,,,False,False,False,,C,OTHER MOTOR VEHICLE,,1,0,CLEAR,,NO UNUSUAL CONDITIONS - NO UNUSUAL CONDITIONS,,C,DARK-STREET LIGHTS,,,,,,,A,NO PEDESTRIANS INVOLVED,,A,21453A,,,66TH AV,2,,,A,W,10.0,JOE MORGAN WY,F,,A,8/2/2024 12:38:05 PM,2/6/2025 9:07:51 AM,,,2,,,,,,,
3366832,18-021140,2,False,0109,4/27/2018 4:00:00 PM,1600,30X,14,109,Oakland,1,True,True,G,VEHICLE/PEDESTRAIN,,Friday,,,M,,False,False,False,,B,PEDESTRIAN,,1,0,CLEAR,,NO UNUSUAL CONDITIONS - NO UNUSUAL CONDITIONS,,A,DAYLIGHT,,,,,,,E,IN ROAD - INCLUDES SHOULDER,,A,21751,,1,76TH AV,2,,,A,N,50.0,INTERNATIONAL BL,F,,D,8/2/2024 12:36:28 PM,2/6/2025 9:07:15 AM,,,2,,,,,,,
3366824,18-020813,2,False,0109,4/25/2018 8:25:00 PM,2025,33X,14,109,Oakland,1,True,True,B,SIDE SWIPE,,Wednesday,,,M,,False,False,False,,C,OTHER MOTOR VEHICLE,,4,0,CLEAR,,NO UNUSUAL CONDITIONS - NO UNUSUAL CONDITIONS,,B,DUSK-DAWN,,,,,,,A,NO PEDESTRIANS INVOLVED,,A,22350,,1,98TH AV,2,,,A,S,300.0,INTERNATIONAL BL,F,,A,8/2/2024 12:36:26 PM,2/6/2025 9:07:15 AM,,,2,,,,,,,
3366823,18-020568,2,False,0109,4/24/2018 6:16:00 PM,1816,10X,14,109,Oakland,1,True,True,B,SIDE SWIPE,,Tuesday,,,M,,False,False,False,,G,BICYCLE,,1,0,CLEAR,,NO UNUSUAL CONDITIONS - NO UNUSUAL CONDITIONS,,A,DAYLIGHT,,,,,,,A,NO PEDESTRIANS INVOLVED,,A,21950A,,1,66TH ST,1,,,A,,,SAN PABLO AV,,,A,8/2/2024 12:36:26 PM,2/6/2025 9:07:15 AM,,,2,,,,,,,
3366817,18-021174,2,False,0109,4/27/2018 10:46:00 PM,2246,32X,14,109,Oakland,1,True,True,D,BROADSIDE,,Friday,,,M,,False,False,True,,C,OTHER MOTOR VEHICLE,,2,0,CLEAR,,NO UNUSUAL CONDITIONS - NO UNUSUAL CONDITIONS,,C,DARK-STREET LIGHTS,,,,,,,A,NO PEDESTRIANS INVOLVED,,A,22450A,,1,98TH AV,2,,,A,,,C ST,,,D,8/2/2024 12:36:25 PM,2/6/2025 9:07:15 AM,,,2,,,,,,,
3366812,18-021267,2,False,0109,4/28/2018 11:54:00 AM,1154,20X,14,109,Oakland,1,True,True,D,BROADSIDE,,Saturday,,,M,,False,False,False,,C,OTHER MOTOR VEHICLE,,1,0,CLEAR,,NO UNUSUAL CONDITIONS - NO UNUSUAL CONDITIONS,,A,DAYLIGHT,,,,,,,A,NO PEDESTRIANS INVOLVED,,A,21453,,1,23RD AV,1,,,A,,,E 11TH ST,,,A,8/2/2024 12:36:24 PM,2/6/2025 9:07:14 AM,,,2,,,,,,,
3366808,18-021336,2,False,0109,4/28/2018 8:05:00 PM,2005,34X,14,109,Oakland,1,True,True,B,SIDE SWIPE,,Saturday,,,M,,False,False,False,,C,OTHER MOTOR VEHICLE,,2,0,CLEAR,,NO UNUSUAL CONDITIONS - NO UNUSUAL CONDITIONS,,B,DUSK-DAWN,,,,,,,A,NO PEDESTRIANS INVOLVED,,A,22350,,1,BANCROFT AV,2,,,A,E,20.0,83RD AV,F,,A,8/2/2024 12:36:23 PM,2/6/2025 9:07:14 AM,,,2,,,,,,,
3366806,18-021208,2,False,0109,4/28/2018 1:58:00 AM,158,33X,14,109,Oakland,1,True,True,B,SIDE SWIPE,,Saturday,,,M,,False,False,False,,E,PARKED MOTOR VEHICLE,,0,0,CLEAR,,NO UNUSUAL CONDITIONS - NO UNUSUAL CONDITIONS,,C,DARK-STREET LIGHTS,,,,,,,A,NO PEDESTRIANS INVOLVED,,A,23152A,,1,88TH AV,2,,,A,S,30.0,E ST,F,,D,8/2/2024 12:36:23 PM,2/6/2025 9:07:14 AM,,,2,,,,,,,
3366805,18-021364,2,False,0109,4/29/2018 2:13:00 AM,213,04X,14,109,Oakland,1,True,True,D,BROADSIDE,,Sunday,,,M,,False,False,False,,C,OTHER MOTOR VEHICLE,,5,0,CLEAR,,NO UNUSUAL CONDITIONS - NO UNUSUAL CONDITIONS,,C,DARK-STREET LIGHTS,,,,,,,A,NO PEDESTRIANS INVOLVED,,A,21453A,,1,BROADWAY,1,,,A,,,19TH ST,,,A,8/2/2024 12:36:23 PM,2/6/2025 9:07:14 AM,,,2,,,,,,,
3366802,18-021470,2,False,0109,4/29/2018 8:10:00 PM,2010,30X,14,109,Oakland,1,True,True,C,REAR END,,Sunday,,,M,,False,False,False,,C,OTHER MOTOR VEHICLE,,1,0,CLEAR,,NO UNUSUAL CONDITIONS - NO UNUSUAL CONDITIONS,,C,DARK-STREET LIGHTS,,,,,,,A,NO PEDESTRIANS INVOLVED,,A,22350,,1,INTERNATIONAL BL,2,,,A,,,82ND AV,,,A,8/2/2024 12:36:23 PM,2/6/2025 9:07:14 AM,,,2,,,,,,,
3366796,18-019874,2,False,0109,4/21/2018 2:52:00 AM,252,32X,14,109,Oakland,1,True,True,D,BROADSIDE,,Saturday,,,M,,False,False,False,,C,OTHER MOTOR VEHICLE,,1,0,CLEAR,,NO UNUSUAL CONDITIONS - NO UNUSUAL CONDITIONS,,C,DARK-STREET LIGHTS,,,,,,,A,NO PEDESTRIANS INVOLVED,,A,22350,,1,ROYAL ANN ST,2,,,A,,,105TH AV,,,A,8/2/2024 12:36:22 PM,2/6/2025 9:07:14 AM,,,2,,,,,,,
3366792,18-020055,2,False,0109,4/22/2018 2:15:00 AM,215,26Y,14,109,Oakland,1,True,True,C,REAR END,,Sunday,,,M,,False,False,False,,C,OTHER MOTOR VEHICLE,,1,0,CLEAR,,NO UNUSUAL CONDITIONS - NO UNUSUAL CONDITIONS,,C,DARK-STREET LIGHTS,,,,,,,A,NO PEDESTRIANS INVOLVED,,A,22107,,1,SEMINARY AV,2,,,A,,,TEVIS ST,,,A,8/2/2024 12:36:21 PM,2/6/2025 9:07:13 AM,,,2,,,,,,,
3366789,18-020614,2,False,0109,4/24/2018 10:00:00 PM,2200,27X,14,109,Oakland,1,True,True,D,BROADSIDE,,Tuesday,,,M,,False,False,False,,C,OTHER MOTOR VEHICLE,,1,0,CLEAR,,NO UNUSUAL CONDITIONS - NO UNUSUAL CONDITIONS,,C,DARK-STREET LIGHTS,,,,,,,A,NO PEDESTRIANS INVOLVED,,A,22350,,1,BANCROFT AV,2,,,A,,,COLE ST,,,D,8/2/2024 12:36:21 PM,2/6/2025 9:07:13 AM,,,2,,,,,,,
3366784,18-020573,2,False,0109,4/24/2018 5:59:00 PM,1759,27Y,14,109,Oakland,1,True,True,D,BROADSIDE,,Tuesday,,,,,False,False,True,,C,OTHER MOTOR VEHICLE,,3,0,CLEAR,,NO UNUSUAL CONDITIONS - NO UNUSUAL CONDITIONS,,A,DAYLIGHT,,,,,,,A,NO PEDESTRIANS INVOLVED,,A,21802A,,1,66TH AV,2,,,A,,,AVENAL AV,,,A,8/2/2024 12:36:20 PM,2/6/2025 9:07:13 AM,,,2,,,,,,,
3366781,18-021277,2,False,0109,4/28/2018 9:10:00 PM,2110,24X,14,109,Oakland,1,True,True,D,BROADSIDE,,Saturday,,,,,False,False,False,,C,OTHER MOTOR VEHICLE,,1,0,CLEAR,,NO UNUSUAL CONDITIONS - NO UNUSUAL CONDITIONS,,C,DARK-STREET LIGHTS,,,,,,,A,NO PEDESTRIANS INVOLVED,,A,21801A,,1,35TH AV,2,,,A,,,LYON AV,,,D,8/2/2024 12:36:19 PM,2/6/2025 9:07:13 AM,,,2,,,,,,,
3366777,18-021500,2,False,0109,4/29/2018 11:20:00 PM,2320,23X,14,109,Oakland,1,True,True,C,REAR END,,Sunday,,,,,False,False,False,,G,BICYCLE,,1,0,CLEAR,,NO UNUSUAL CONDITIONS - NO UNUSUAL CONDITIONS,,C,DARK-STREET LIGHTS,,,,,,,A,NO PEDESTRIANS INVOLVED,,A,22350,,1,HIGH ST,2,,,A,S,300.0,WATTLING ST,F,,D,8/2/2024 12:36:18 PM,2/6/2025 9:07:12 AM,,,2,,,,,,,
3366773,18-020665,2,False,0109,4/25/2018 8:48:00 AM,848,04X,14,109,Oakland,1,True,True,H,OTHER,,Wednesday,,,,,False,False,False,,G,BICYCLE,,1,0,CLEAR,,NO UNUSUAL CONDITIONS - NO UNUSUAL CONDITIONS,,A,DAYLIGHT,,,,,,,A,NO PEDESTRIANS INVOLVED,,A,22107,,1,FRANKLIN ST,1,,,A,N,106.0,19TH,F,,D,8/2/2024 12:36:17 PM,2/6/2025 9:07:12 AM,,,2,,,,,,,
3366769,18-021149,2,False,0109,4/27/2018 4:55:00 PM,1655,30X,14,109,Oakland,1,True,True,D,BROADSIDE,,Friday,,,,,False,False,False,,C,OTHER MOTOR VEHICLE,,1,0,CLEAR,,NO UNUSUAL CONDITIONS - NO UNUSUAL CONDITIONS,,A,DAYLIGHT,,,,,,,A,NO PEDESTRIANS INVOLVED,,A,22350,,1,BANCROFT AV,2,,,A,,,68TH AV,,,A,8/2/2024 12:36:17 PM,2/6/2025 9:07:12 AM,,,2,,,,,,,
3366765,18-018649,2,False,0109,4/14/2018 1:32:00 AM,132,34X,14,109,Oakland,1,True,True,D,BROADSIDE,,Saturday,,,,,False,False,False,,C,OTHER MOTOR VEHICLE,,2,0,CLEAR,,NO UNUSUAL CONDITIONS - NO UNUSUAL CONDITIONS,,C,DARK-STREET LIGHTS,,,,,,,A,NO PEDESTRIANS INVOLVED,,A,21802A,,1,HOLLY ST,2,,,A,,,AUSEON AV,,,A,8/2/2024 12:36:16 PM,2/6/2025 9:07:12 AM,,,2,,,,,,,
3366761,18-018668,2,False,0109,4/14/2018 4:46:00 PM,1646,26X,14,109,Oakland,1,True,True,B,SIDE SWIPE,,Saturday,,,,,False,False,False,,C,OTHER MOTOR VEHICLE,,1,0,CLEAR,,NO UNUSUAL CONDITIONS - NO UNUSUAL CONDITIONS,,A,DAYLIGHT,,,,,,,A,NO PEDESTRIANS INVOLVED,,A,21804A,,1,69TH AV,2,,,A,N,10.0,LION WY,F,,A,8/2/2024 12:36:16 PM,2/6/2025 9:07:12 AM,,,2,,,,,,,
3366758,18-018870,2,False,0109,4/16/2018 6:05:00 PM,1805,27X,14,109,Oakland,1,True,True,A,HEAD-ON,,Monday,,,,,False,False,False,,C,OTHER MOTOR VEHICLE,,2,0,CLEAR,,NO UNUSUAL CONDITIONS - NO UNUSUAL CONDITIONS,,A,DAYLIGHT,,,,,,,A,NO PEDESTRIANS INVOLVED,,A,21651B,,1,48TH AV,2,,,A,,,YGNACIO AV,,,D,8/2/2024 12:36:15 PM,2/6/2025 9:07:11 AM,,,2,,,,,,,
3366755,18-019667,2,False,0109,4/19/2018 9:57:00 PM,2157,08X,14,109,Oakland,1,True,True,G,VEHICLE/PEDESTRAIN,,Thursday,,,F,,False,False,False,,G,BICYCLE,,1,0,CLEAR,,NO UNUSUAL CONDITIONS - NO UNUSUAL CONDITIONS,,C,DARK-STREET LIGHTS,,,,,,,E,IN ROAD - INCLUDES SHOULDER,,A,22350,,1,TELEGRAPH AV,1,,,A,N,25.0,34TH ST,F,,D,8/2/2024 12:36:15 PM,2/6/2025 9:07:11 AM,,,2,,,,,,,
3366754,18-018415,2,False,0109,4/12/2018 7:15:00 PM,1915,03X,14,109,Oakland,1,True,True,D,BROADSIDE,,Thursday,,,,,False,False,False,,C,OTHER MOTOR VEHICLE,,2,0,CLEAR,,NO UNUSUAL CONDITIONS - NO UNUSUAL CONDITIONS,,A,DAYLIGHT,,,,,,,A,NO PEDESTRIANS INVOLVED,,A,21453A,,1,OAK ST,1,,,A,,,8TH ST,,,A,8/2/2024 12:36:14 PM,2/6/2025 9:07:11 AM,,,2,,,,,,,
3366753,18-021348,2,False,0109,4/28/2018 9:20:00 PM,2120,31Y,14,109,Oakland,1,True,True,A,HEAD-ON,,Saturday,,,,,False,False,True,,C,OTHER MOTOR VEHICLE,,2,0,CLEAR,,NO UNUSUAL CONDITIONS - NO UNUSUAL CONDITIONS,,C,DARK-STREET LIGHTS,,,,,,,A,NO PEDESTRIANS INVOLVED,,A,21751,,1,EDES AV,2,,,A,W,36.0,HALE AV,F,,D,8/2/2024 12:36:14 PM,2/6/2025 9:07:11 AM,,,2,,,,,,,
3366750,18-021446,2,False,0109,4/28/2018 1:00:00 PM,1300,14X,14,109,Oakland,1,True,True,B,SIDE SWIPE,,Saturday,,,M,,False,False,False,,E,PARKED MOTOR VEHICLE,,0,0,CLEAR,,NO UNUSUAL CONDITIONS - NO UNUSUAL CONDITIONS,,A,DAYLIGHT,,,,,,,A,NO PEDESTRIANS INVOLVED,,A,22350,,1,HARRISON ST,1,,,A,,,HAMILTON PL,,,D,8/2/2024 12:36:14 PM,2/6/2025 9:07:11 AM,,,2,,,,,,,
3366749,18-021376,2,False,0109,4/29/2018 3:40:00 AM,340,19X,14,109,Oakland,1,True,True,B,SIDE SWIPE,,Sunday,,,,,False,False,False,,,,,1,0,CLEAR,,NO UNUSUAL CONDITIONS - NO UNUSUAL CONDITIONS,,C,DARK-STREET LIGHTS,,,,,,,A,NO PEDESTRIANS INVOLVED,,A,22107,,1,16TH AV,1,,,A,N,100.0,EMBARCADERO,F,,D,8/2/2024 12:36:13 PM,2/6/2025 9:07:11 AM,,,2,,,,,,,
3366747,18-018576,2,False,0109,4/13/2018 3:39:00 PM,1539,09X,14,109,Oakland,1,True,True,D,BROADSIDE,,Friday,,,,,False,False,False,,C,OTHER MOTOR VEHICLE,,1,0,CLEAR,,NO UNUSUAL CONDITIONS - NO UNUSUAL CONDITIONS,,A,DAYLIGHT,,,,,,,A,NO PEDESTRIANS INVOLVED,,A,21801A,,1,41ST ST,1,,,A,,,BROADWAY,,,A,8/2/2024 12:36:13 PM,2/6/2025 9:07:11 AM,,,2,,,,,,,
3366745,18-019800,2,False,0109,4/20/2018 2:06:00 PM,1406,30X,14,109,Oakland,1,True,True,B,SIDE SWIPE,,Friday,,,M,,False,False,False,,C,OTHER MOTOR VEHICLE,,0,0,CLEAR,,NO UNUSUAL CONDITIONS - NO UNUSUAL CONDITIONS,,A,DAYLIGHT,,,,,,,A,NO PEDESTRIANS INVOLVED,,A,22106,,1,HOLLY ST,2,,,A,E,90.0,90TH AV,F,,D,8/2/2024 12:36:13 PM,2/6/2025 9:07:11 AM,,,2,,,,,,,
3366742,18-020144,2,False,0109,4/22/2018 4:11:00 PM,1611,26X,14,109,Oakland,1,True,True,D,BROADSIDE,,Sunday,,,M,,False,False,False,,C,OTHER MOTOR VEHICLE,,0,0,CLEAR,,CONSTRUCTION-REPAIR ZONE - CONSTRUCTION-REPAIR ZONE,,A,DAYLIGHT,,,,,,,A,NO PEDESTRIANS INVOLVED,,A,22350,,1,INTERNATIONAL BL,2,,,A,,,81ST AV,,,A,8/2/2024 12:36:12 PM,2/6/2025 9:07:10 AM,,,2,,,,,,,
3366741,18-018606,2,False,0109,4/13/2018 7:12:00 PM,1912,12X,14,109,Oakland,1,True,True,D,BROADSIDE,,Friday,,,,,False,False,False,,C,OTHER MOTOR VEHICLE,,1,0,CLEAR,,NO UNUSUAL CONDITIONS - NO UNUSUAL CONDITIONS,,A,DAYLIGHT,,,,,,,A,NO PEDESTRIANS INVOLVED,,D,,,,45TH ST,1,,,A,,,SHAFTER AV,,,A,8/2/2024 12:36:12 PM,2/6/2025 9:07:10 AM,,,2,,,,,,,
3366739,18-019748,2,False,0109,4/20/2018 11:23:00 AM,1123,27Y,14,109,Oakland,1,True,True,B,SIDE SWIPE,,Friday,,,,,False,False,False,,E,PARKED MOTOR VEHICLE,,1,0,CLEAR,,NO UNUSUAL CONDITIONS - NO UNUSUAL CONDITIONS,,A,DAYLIGHT,,,,,,,A,NO PEDESTRIANS INVOLVED,,A,22107,,1,51ST AV,2,,,A,S,112.0,BANCROFT AV,F,,A,8/2/2024 12:36:12 PM,2/6/2025 9:07:10 AM,,,2,,,,,,,
3366737,18-020085,2,False,0109,4/22/2018 9:34:00 AM,934,04X,14,109,Oakland,1,True,True,D,BROADSIDE,,Sunday,,,,,False,False,False,,C,OTHER MOTOR VEHICLE,,0,0,CLEAR,,NO UNUSUAL CONDITIONS - NO UNUSUAL CONDITIONS,,A,DAYLIGHT,,,,,,,A,NO PEDESTRIANS INVOLVED,,A,21453A,,,BROADWAY,1,,,A,,,22ND ST,,,A,8/2/2024 12:36:11 PM,2/6/2025 9:07:10 AM,,,2,,,,,,,
3366735,18-020848,2,False,0109,4/26/2018 1:30:00 AM,130,27X,14,109,Oakland,1,True,True,D,BROADSIDE,,Thursday,,,,,False,False,True,,C,OTHER MOTOR VEHICLE,,0,0,CLEAR,,NO UNUSUAL CONDITIONS - NO UNUSUAL CONDITIONS,,C,DARK-STREET LIGHTS,,,,,,,A,NO PEDESTRIANS INVOLVED,,A,21801A,,1,FOOTHILL BL,2,,,A,,,COLE ST,,,D,8/2/2024 12:36:11 PM,2/6/2025 9:07:10 AM,,,2,,,,,,,
3366734,18-020073,2,False,0109,4/22/2018 7:53:00 AM,753,23X,14,109,Oakland,1,True,True,D,BROADSIDE,,Sunday,,,,,False,False,False,,C,OTHER MOTOR VEHICLE,,1,0,CLEAR,,NO UNUSUAL CONDITIONS - NO UNUSUAL CONDITIONS,,A,DAYLIGHT,,,,,,,A,NO PEDESTRIANS INVOLVED,,A,21453A,,1,42ND AV,2,,,A,,,INTERNATIONAL BL,,,A,8/2/2024 12:36:11 PM,2/6/2025 9:07:10 AM,,,2,,,,,,,
3366731,18-021155,2,False,0109,4/27/2018 5:52:00 PM,1752,35X,14,109,Oakland,1,True,True,D,BROADSIDE,,Friday,,,,,False,False,False,,C,OTHER MOTOR VEHICLE,,0,0,CLEAR,,NO UNUSUAL CONDITIONS - NO UNUSUAL CONDITIONS,,A,DAYLIGHT,,,,,,,A,NO PEDESTRIANS INVOLVED,,A,21802A,,1,BANCROFT AV,2,,,A,,,96TH AV,,,A,8/2/2024 12:36:10 PM,2/6/2025 9:07:10 AM,,,2,,,,,,,
3366726,18-021083,2,False,0109,4/27/2018 7:33:00 AM,733,31Z,14,109,Oakland,1,True,True,C,REAR END,,Friday,,,,,False,False,False,,E,PARKED MOTOR VEHICLE,,0,0,CLEAR,,NO UNUSUAL CONDITIONS - NO UNUSUAL CONDITIONS,,C,DARK-STREET LIGHTS,,,,,,,A,NO PEDESTRIANS INVOLVED,,A,22107,,1,EDES AV,2,,,A,W,25.0,105TH AV,F,,D,8/2/2024 12:36:09 PM,2/6/2025 9:07:10 AM,,,2,,,,,,,
3366724,18-021182,2,False,0109,4/27/2018 11:13:00 PM,2313,33X,14,109,Oakland,1,True,True,B,SIDE SWIPE,,Friday,,,,,False,False,False,,E,PARKED MOTOR VEHICLE,,0,0,CLEAR,,NO UNUSUAL CONDITIONS - NO UNUSUAL CONDITIONS,,C,DARK-STREET LIGHTS,,,,,,,A,NO PEDESTRIANS INVOLVED,,C,,,,81ST AV,2,,,A,S,200.0,B ST,F,,D,8/2/2024 12:36:09 PM,2/6/2025 9:07:10 AM,,,2,,,,,,,
3366722,18-021000,2,False,0109,4/26/2018 8:15:00 PM,2015,31Y,14,109,Oakland,1,True,True,B,SIDE SWIPE,,Thursday,,,M,,False,False,False,,C,OTHER MOTOR VEHICLE,,0,0,CLEAR,,NO UNUSUAL CONDITIONS - NO UNUSUAL CONDITIONS,,C,DARK-STREET LIGHTS,,,,,,,A,NO PEDESTRIANS INVOLVED,,A,22107,,1,98TH AV,2,,,A,S,40.0,RAILROAD AV,F,,D,8/2/2024 12:36:09 PM,2/6/2025 9:07:09 AM,,,2,,,,,,,
3366721,18-018738,2,False,0109,4/14/2018 3:53:00 PM,1553,03X,14,109,Oakland,1,True,True,D,BROADSIDE,,Saturday,,,,,False,False,False,,C,OTHER MOTOR VEHICLE,,0,0,CLEAR,,NO UNUSUAL CONDITIONS - NO UNUSUAL CONDITIONS,,A,DAYLIGHT,,,,,,,A,NO PEDESTRIANS INVOLVED,,A,21453A,,1,MARTIN LUTHER KING JR WY,1,,,A,,,11TH ST,,,A,8/2/2024 12:36:08 PM,2/6/2025 9:07:09 AM,,,2,,,,,,,
3366719,18-018439,2,False,0109,4/13/2018 10:15:00 PM,2215,05X,14,109,Oakland,1,True,True,B,SIDE SWIPE,,Friday,,,M,,False,False,False,,C,OTHER MOTOR VEHICLE,,0,0,CLEAR,,NO UNUSUAL CONDITIONS - NO UNUSUAL CONDITIONS,,C,DARK-STREET LIGHTS,,,,,,,A,NO PEDESTRIANS INVOLVED,,A,21453A,,1,BRUSH ST,1,,,A,,,18TH ST,,,A,8/2/2024 12:36:08 PM,2/6/2025 9:07:09 AM,,,2,,,,,,,
3366718,18-018639,2,False,0109,4/13/2018 11:50:00 PM,2350,30X,14,109,Oakland,1,True,True,D,BROADSIDE,,Friday,,,,,False,False,False,,C,OTHER MOTOR VEHICLE,,0,0,CLEAR,,NO UNUSUAL CONDITIONS - NO UNUSUAL CONDITIONS,,C,DARK-STREET LIGHTS,,,,,,,A,NO PEDESTRIANS INVOLVED,,A,22450A,,1,82ND AV,2,,,A,,,IRIS ST,,,A,8/2/2024 12:36:08 PM,2/6/2025 9:07:09 AM,,,2,,,,,,,