collision-id,report-number,report-version,is-preliminary,ncic-code,crash-date-time,crash-time-description,beat,city-id,city-code,city-name,county-code,city-is-active,city-is-incorporated,collision-type-code,collision-type-description,collision-type-other-desc,day-of-week,dispatch-notified,has-photographs,hit-run,is-attachments-mailed,is-deleted,is-highway-related,is-tow-away,judicial-district,motor-vehicle-involved-with-code,motor-vehicle-involved-with-desc,motor-vehicle-involved-with-other-desc,number-injured,number-killed,weather-1,weather-2,road-condition-1,road-condition-2,special-condition-lighting-code,lighting-description,latitude,longitude,milepost-direction,milepost-distance,milepost-marker,milepost-unit-of-measure,pedestrian-action-code,pedestrian-action-desc,prepared-date,primary-collision-factor-code,primary-collision-factor-violation,primary-collision-factor-is-cited,primary-collision-party-number,primary-road,reporting-district,reporting-district-code,reviewed-date,roadway-surface-code,secondary-direction,secondary-distance,secondary-road,secondary-unit-of-measure,sketch-desc,traffic-control-device-code,created-date,modified-date,is-county-road,is-freeway,chp-555-version,is-additonal-object-struck,notification-date,notification-time-description,has-digital-media-files,evidence-number,is-location-refer-to-narrative,is-aoi-one-same-as-location
3363806,18-007558,2,False,0109,2/11/2018 4:09:00 AM,409,26Y,14,109,Oakland,1,True,True,B,SIDE SWIPE,,Sunday,,,M,,False,False,False,,C,OTHER MOTOR VEHICLE,,1,0,CLEAR,,NO UNUSUAL CONDITIONS - NO UNUSUAL CONDITIONS,,C,DARK-STREET LIGHTS,,,,,,,A,NO PEDESTRIANS INVOLVED,,A,21750,,1,66TH AV,2,,,A,N,150.0,LEONA CREEK DR,F,,D,8/2/2024 12:28:29 PM,2/6/2025 9:04:24 AM,,,2,,,,,,,
3363801,18-008598,2,False,0109,2/17/2018 12:50:00 PM,1250,31X,14,109,Oakland,1,True,True,B,SIDE SWIPE,,Saturday,,,,,False,False,False,,C,OTHER MOTOR VEHICLE,,1,0,CLEAR,,NO UNUSUAL CONDITIONS - NO UNUSUAL CONDITIONS,,A,DAYLIGHT,,,,,,,A,NO PEDESTRIANS INVOLVED,,A,22107,,1,HEGENBERGER RD,2,,,A,N,300.0,BALDWIN ST,F,,A,8/2/2024 12:28:28 PM,2/6/2025 9:04:24 AM,,,2,,,,,,,
3363797,18-007562,2,False,0109,2/11/2018 6:19:00 AM,619,27X,14,109,Oakland,1,True,True,F,OVERTURNED,,Sunday,,,,,False,False,True,,C,OTHER MOTOR VEHICLE,,1,0,CLOUDY,,NO UNUSUAL CONDITIONS - NO UNUSUAL CONDITIONS,,A,DAYLIGHT,,,,,,,A,NO PEDESTRIANS INVOLVED,,A,22107,,1,FOOTHILL BL,2,,,A,E,42.0,CONGRESS,F,,D,8/2/2024 12:28:27 PM,2/6/2025 9:04:24 AM,,,2,,,,,,,
3363793,18-008075,2,False,0109,2/14/2018 1:34:00 PM,1334,03Y,14,109,Oakland,1,True,True,D,BROADSIDE,,Wednesday,,,,,False,False,True,,C,OTHER MOTOR VEHICLE,,1,0,CLEAR,,NO UNUSUAL CONDITIONS - NO UNUSUAL CONDITIONS,,A,DAYLIGHT,,,,,,,A,NO PEDESTRIANS INVOLVED,,A,21453A,,1,11TH ST,1,,,A,,,MARTIN LUTHER KING JR WY,,,A,8/2/2024 12:28:27 PM,2/6/2025 9:04:24 AM,,,2,,,,,,,
3363786,18-008796,2,False,0109,2/18/2018 3:24:00 PM,1524,13X,14,109,Oakland,1,True,True,E,HIT OBJECT,,Sunday,,,,,False,False,True,,I,FIXED OBJECT,,1,0,CLEAR,,NO UNUSUAL CONDITIONS - NO UNUSUAL CONDITIONS,,A,DAYLIGHT,,,,,,,A,NO PEDESTRIANS INVOLVED,,A,22107,,1,SHEPHERD CANYON RD,1,,,A,N,45.0,SHELTERWOOD DR,F,,D,8/2/2024 12:28:25 PM,2/6/2025 9:04:23 AM,,,2,,,,,,,
3363783,18-008105,2,False,0109,2/14/2018 4:35:00 PM,1635,09X,14,109,Oakland,1,True,True,G,VEHICLE/PEDESTRAIN,,Wednesday,,,,,False,False,False,,B,PEDESTRIAN,,1,0,CLEAR,,NO UNUSUAL CONDITIONS - NO UNUSUAL CONDITIONS,,A,DAYLIGHT,,,,,,,B,CROSSING IN CROSS WALK AT INTERSECTION,,A,21950A,,1,PIEDMONT AV,1,,,A,N,4.0,GLENWOOD AV,F,,A,8/2/2024 12:28:25 PM,2/6/2025 9:04:23 AM,,,2,,,,,,,
3363779,18-009401,2,False,0109,2/21/2018 4:42:00 PM,1642,30X,14,109,Oakland,1,True,True,C,REAR END,,Wednesday,,,,,False,False,False,,C,OTHER MOTOR VEHICLE,,2,0,CLEAR,,NO UNUSUAL CONDITIONS - NO UNUSUAL CONDITIONS,,A,DAYLIGHT,,,,,,,A,NO PEDESTRIANS INVOLVED,,A,22107,,,BANCROFT AV,2,,,A,E,20.0,68TH AV,F,,D,8/2/2024 12:28:25 PM,2/6/2025 9:04:23 AM,,,2,,,,,,,
3363776,18-009999,2,False,0109,2/25/2018 1:10:00 AM,110,03X,14,109,Oakland,1,True,True,B,SIDE SWIPE,,Sunday,,,F,,False,False,False,,G,BICYCLE,,1,0,CLEAR,,NO UNUSUAL CONDITIONS - NO UNUSUAL CONDITIONS,,D,DARK-NO STREET LIGHTS,,,,,,,A,NO PEDESTRIANS INVOLVED,,A,22107,,1,14TH ST,1,,,A,,,HARRISON ST,,,A,8/2/2024 12:28:24 PM,2/6/2025 9:04:23 AM,,,2,,,,,,,
3363773,18-013770,2,False,0109,3/17/2018 9:37:00 PM,2137,,14,109,Oakland,1,True,True,D,BROADSIDE,,Saturday,,,,,False,False,False,,,,,1,0,CLEAR,,NO UNUSUAL CONDITIONS - NO UNUSUAL CONDITIONS,,C,DARK-STREET LIGHTS,,,,,,,A,NO PEDESTRIANS INVOLVED,,A,21801A,,2,GRAND AV,1,,,A,,,PERKINS ST,,,A,8/2/2024 12:28:24 PM,2/6/2025 9:04:23 AM,,,2,,,,,,,
3363772,18-008547,2,False,0109,2/17/2018 12:38:00 AM,38,01X,14,109,Oakland,1,True,True,D,BROADSIDE,,Saturday,,,,,False,False,False,,C,OTHER MOTOR VEHICLE,,1,0,CLEAR,,NO UNUSUAL CONDITIONS - NO UNUSUAL CONDITIONS,,C,DARK-STREET LIGHTS,,,,,,,A,NO PEDESTRIANS INVOLVED,,A,21453A,,1,5TH ST,1,,,A,,,WASHINGTON,,,A,8/2/2024 12:28:23 PM,2/6/2025 9:04:23 AM,,,2,,,,,,,
3363769,18-011348,2,False,0109,3/4/2018 3:46:00 PM,1546,01X,14,109,Oakland,1,True,True,D,BROADSIDE,,Sunday,,,,,False,False,False,,C,OTHER MOTOR VEHICLE,,4,0,CLEAR,,NO UNUSUAL CONDITIONS - NO UNUSUAL CONDITIONS,,A,DAYLIGHT,,,,,,,A,NO PEDESTRIANS INVOLVED,,A,21453A,,1,13TH ST,1,,,A,,,MADISON ST,,,A,8/2/2024 12:28:23 PM,2/6/2025 9:04:22 AM,,,2,,,,,,,
3363765,18-011077,2,False,0109,3/2/2018 9:43:00 PM,2143,03X,14,109,Oakland,1,True,True,D,BROADSIDE,,Friday,,,M,,False,False,False,,C,OTHER MOTOR VEHICLE,,1,0,RAINING,,NO UNUSUAL CONDITIONS - NO UNUSUAL CONDITIONS,,C,DARK-STREET LIGHTS,,,,,,,A,NO PEDESTRIANS INVOLVED,,A,21453A,,1,12TH ST,1,,,B,,,MADISON ST,,,A,8/2/2024 12:28:22 PM,2/6/2025 9:04:22 AM,,,2,,,,,,,
3363764,18-006306,2,False,0109,2/4/2018 5:16:00 PM,1716,28X,14,109,Oakland,1,True,True,B,SIDE SWIPE,,Sunday,,,M,,False,False,False,,G,BICYCLE,,1,0,CLEAR,,NO UNUSUAL CONDITIONS - NO UNUSUAL CONDITIONS,,A,DAYLIGHT,,,,,,,A,NO PEDESTRIANS INVOLVED,,D,,,,SAN LEANDRO ST,2,,,A,,,39TH AV,,,A,8/2/2024 12:28:22 PM,2/6/2025 9:04:22 AM,,,2,,,,,,,
3363761,18-013053,2,False,0109,3/13/2018 3:32:00 PM,1532,09X,14,109,Oakland,1,True,True,D,BROADSIDE,,Tuesday,,,,,False,False,False,,C,OTHER MOTOR VEHICLE,,1,0,CLOUDY,,NO UNUSUAL CONDITIONS - NO UNUSUAL CONDITIONS,,A,DAYLIGHT,,,,,,,A,NO PEDESTRIANS INVOLVED,,A,21801A,,1,MACARTHUR BL,1,,,A,,,OAKLAND AV,,,A,8/2/2024 12:28:22 PM,2/6/2025 9:04:22 AM,,,2,,,,,,,
3363754,18-013130,2,False,0109,3/14/2018 8:35:00 AM,835,30Y,14,109,Oakland,1,True,True,D,BROADSIDE,,Wednesday,,,,,False,False,False,,C,OTHER MOTOR VEHICLE,,1,0,RAINING,,NO UNUSUAL CONDITIONS - NO UNUSUAL CONDITIONS,,A,DAYLIGHT,,,,,,,A,NO PEDESTRIANS INVOLVED,,A,21801A,,1,MACARTHUR BL,2,,,B,,,75TH AV,,,A,8/2/2024 12:28:21 PM,2/6/2025 9:04:22 AM,,,2,,,,,,,
3363752,18-009183,2,False,0109,2/20/2018 2:53:00 PM,1453,20X,14,109,Oakland,1,True,True,D,BROADSIDE,,Tuesday,,,M,,False,False,False,,G,BICYCLE,,1,0,CLEAR,,NO UNUSUAL CONDITIONS - NO UNUSUAL CONDITIONS,,A,DAYLIGHT,,,,,,,A,NO PEDESTRIANS INVOLVED,,A,21800A,,1,EAST 12TH ST,1,,,A,E,60.0,26TH AV,F,,D,8/2/2024 12:28:20 PM,2/6/2025 9:04:22 AM,,,2,,,,,,,
3363505,18-014035,2,False,0109,3/19/2018 2:38:00 PM,1438,26X,14,109,Oakland,1,True,True,B,SIDE SWIPE,,Monday,,,,,False,False,False,,C,OTHER MOTOR VEHICLE,,1,0,CLEAR,,NO UNUSUAL CONDITIONS - NO UNUSUAL CONDITIONS,,A,DAYLIGHT,,,,,,,A,NO PEDESTRIANS INVOLVED,,A,21800A,,,HIGH ST,2,,,A,E,4.0,INTERNATIONAL BL,F,,B,8/2/2024 12:27:42 PM,2/6/2025 9:04:07 AM,,,2,,,,,,,
3363427,18-021851,2,False,0109,5/1/2018 9:02:00 PM,2102,10X,14,109,Oakland,1,True,True,B,SIDE SWIPE,,Tuesday,,,,,False,False,False,,E,PARKED MOTOR VEHICLE,,0,0,CLEAR,,NO UNUSUAL CONDITIONS - NO UNUSUAL CONDITIONS,,C,DARK-STREET LIGHTS,,,,,,,A,NO PEDESTRIANS INVOLVED,,A,23152A,,1,SAN PABLO AV,1,,,A,S,40.0,59TH ST,F,,D,8/2/2024 12:27:30 PM,2/6/2025 9:04:03 AM,,,2,,,,,,,
3363423,18-022649,2,False,0109,5/5/2018 11:44:00 PM,2344,24Y,14,109,Oakland,1,True,True,C,REAR END,,Saturday,,,,,False,False,True,,E,PARKED MOTOR VEHICLE,,0,0,CLEAR,,NO UNUSUAL CONDITIONS - NO UNUSUAL CONDITIONS,,C,DARK-STREET LIGHTS,,,,,,,A,NO PEDESTRIANS INVOLVED,,A,23152A,,1,35TH AV,2,,,A,N,30.0,LYNDE ST,F,,D,8/2/2024 12:27:29 PM,2/6/2025 9:04:03 AM,,,2,,,,,,,
3363364,18-017532,2,False,0109,4/8/2018 8:29:00 AM,829,30X,14,109,Oakland,1,True,True,B,SIDE SWIPE,,Sunday,,,,,False,False,False,,E,PARKED MOTOR VEHICLE,,0,0,CLEAR,,NO UNUSUAL CONDITIONS - NO UNUSUAL CONDITIONS,,A,DAYLIGHT,,,,,,,A,NO PEDESTRIANS INVOLVED,,A,22107,,1,HAVENSCOURT BL,2,,,A,,,HAVENSCOURT BL 2524,,,D,8/2/2024 12:27:21 PM,2/6/2025 9:03:59 AM,,,2,,,,,,,
3363360,18-017493,2,False,0109,4/8/2018 10:00:00 PM,2200,06X,14,109,Oakland,1,True,True,C,REAR END,,Sunday,,,M,,False,False,False,,,,,0,0,CLEAR,,NO UNUSUAL CONDITIONS - NO UNUSUAL CONDITIONS,,C,DARK-STREET LIGHTS,,,,,,,A,NO PEDESTRIANS INVOLVED,,A,21703,,1,SAN PABLO AV,1,,,A,,,35TH ST,,,A,8/2/2024 12:27:20 PM,2/6/2025 9:03:59 AM,,,2,,,,,,,
3363357,18-018057,2,False,0109,4/10/2018 9:00:00 PM,2100,24X,14,109,Oakland,1,True,True,B,SIDE SWIPE,,Tuesday,,,M,,False,False,False,,E,PARKED MOTOR VEHICLE,,0,0,CLOUDY,,NO UNUSUAL CONDITIONS - NO UNUSUAL CONDITIONS,,C,DARK-STREET LIGHTS,,,,,,,A,NO PEDESTRIANS INVOLVED,,A,22107,,1,36TH AV,2,,,A,S,65.0,FOOTHILL BL,F,,D,8/2/2024 12:27:20 PM,2/6/2025 9:03:59 AM,,,2,,,,,,,
3363353,18-017599,2,False,0109,4/8/2018 5:44:00 PM,1744,35X,14,109,Oakland,1,True,True,B,SIDE SWIPE,,Sunday,,,,,False,False,False,,C,OTHER MOTOR VEHICLE,,0,0,CLEAR,,NO UNUSUAL CONDITIONS - NO UNUSUAL CONDITIONS,,A,DAYLIGHT,,,,,,,A,NO PEDESTRIANS INVOLVED,,A,22450A,,1,GOLF LINKS RD,2,,,A,,,OAK HILL RD,,,D,8/2/2024 12:27:20 PM,2/6/2025 9:03:59 AM,,,2,,,,,,,
3363351,18-017405,2,False,0109,4/7/2018 3:34:00 PM,1534,19X,14,109,Oakland,1,True,True,B,SIDE SWIPE,,Saturday,,,,,False,False,False,,E,PARKED MOTOR VEHICLE,,0,0,CLEAR,,NO UNUSUAL CONDITIONS - NO UNUSUAL CONDITIONS,,A,DAYLIGHT,,,,,,,A,NO PEDESTRIANS INVOLVED,,A,22107,,1,EAST 12TH ST,1,,,A,E,50.0,1ST AV,F,,A,8/2/2024 12:27:19 PM,2/6/2025 9:03:58 AM,,,2,,,,,,,
3363346,18-021529,2,False,0109,4/30/2018 6:34:00 AM,634,24X,14,109,Oakland,1,True,True,B,SIDE SWIPE,,Monday,,,M,,False,False,True,,E,PARKED MOTOR VEHICLE,,0,0,CLEAR,,NO UNUSUAL CONDITIONS - NO UNUSUAL CONDITIONS,,B,DUSK-DAWN,,,,,,,A,NO PEDESTRIANS INVOLVED,,A,22107,,1,35TH AV,2,,,A,S,100.0,EAST 18TH ST,F,,A,8/2/2024 12:27:18 PM,2/6/2025 9:03:58 AM,,,2,,,,,,,
3363343,18-017417,2,False,0109,4/7/2018 4:26:00 PM,1626,33X,14,109,Oakland,1,True,True,A,HEAD-ON,,Saturday,,,,,False,False,True,,C,OTHER MOTOR VEHICLE,,0,0,CLEAR,,NO UNUSUAL CONDITIONS - NO UNUSUAL CONDITIONS,,A,DAYLIGHT,,,,,,,A,NO PEDESTRIANS INVOLVED,,A,21802A,,1,94TH AV,2,,,A,,,A ST,,,A,8/2/2024 12:27:18 PM,2/6/2025 9:03:58 AM,,,2,,,,,,,
3363336,18-017815,2,False,0109,4/9/2018 8:09:00 PM,2009,34X,14,109,Oakland,1,True,True,A,HEAD-ON,,Monday,,,M,,False,False,False,,C,OTHER MOTOR VEHICLE,,0,0,CLEAR,,NO UNUSUAL CONDITIONS - NO UNUSUAL CONDITIONS,,C,DARK-STREET LIGHTS,,,,,,,A,NO PEDESTRIANS INVOLVED,,A,22107,,1,83RD AV,2,,,A,,,PLYMOUTH ST,,,A,8/2/2024 12:27:17 PM,2/6/2025 9:03:58 AM,,,2,,,,,,,
3363331,18-017964,2,False,0109,4/10/2018 1:09:00 PM,1309,32X,14,109,Oakland,1,True,True,E,HIT OBJECT,,Tuesday,,,M,,False,False,True,,I,FIXED OBJECT,,0,0,CLOUDY,,NO UNUSUAL CONDITIONS - NO UNUSUAL CONDITIONS,,A,DAYLIGHT,,,,,,,A,NO PEDESTRIANS INVOLVED,,A,22107,,1,E ST,2,,,A,W,30.0,106TH AV,F,,D,8/2/2024 12:27:16 PM,2/6/2025 9:03:57 AM,,,2,,,,,,,
3363328,18-019768,2,False,0109,4/3/2018 6:43:00 PM,1843,24X,14,109,Oakland,1,True,True,D,BROADSIDE,,Tuesday,,,,,False,False,False,,C,OTHER MOTOR VEHICLE,,0,0,CLEAR,,NO UNUSUAL CONDITIONS - NO UNUSUAL CONDITIONS,,A,DAYLIGHT,,,,,,,A,NO PEDESTRIANS INVOLVED,,B,,,1,HIGH ST,2,,,A,N,60.0,REDDING ST,F,,D,8/2/2024 12:27:16 PM,2/6/2025 9:03:57 AM,,,2,,,,,,,
3363325,18-017655,2,False,0109,4/9/2018 12:57:00 AM,57,03X,14,109,Oakland,1,True,True,A,HEAD-ON,,Monday,,,M,,False,False,False,,I,FIXED OBJECT,,0,0,CLEAR,,NO UNUSUAL CONDITIONS - NO UNUSUAL CONDITIONS,,C,DARK-STREET LIGHTS,,,,,,,A,NO PEDESTRIANS INVOLVED,,A,22107,,1,CASTRO ST,1,,,A,N,10.0,14TH ST,F,,A,8/2/2024 12:27:15 PM,2/6/2025 9:03:57 AM,,,2,,,,,,,
3363324,18-017801,2,False,0109,4/9/2018 6:43:00 PM,1843,31X,14,109,Oakland,1,True,True,B,SIDE SWIPE,,Monday,,,,,False,False,False,,C,OTHER MOTOR VEHICLE,,0,0,CLEAR,,NO UNUSUAL CONDITIONS - NO UNUSUAL CONDITIONS,,A,DAYLIGHT,,,,,,,A,NO PEDESTRIANS INVOLVED,,A,21801A,,1,HEGENBERGER RD,2,,,A,,,PARDEE DR,,,A,8/2/2024 12:27:15 PM,2/6/2025 9:03:57 AM,,,2,,,,,,,
3363320,18-019249,2,False,0109,4/17/2018 1:30:00 PM,1330,02X,14,109,Oakland,1,True,True,A,HEAD-ON,,Tuesday,,,,,False,False,True,,I,FIXED OBJECT,,0,0,CLEAR,CLOUDY,NO UNUSUAL CONDITIONS - NO UNUSUAL CONDITIONS,,A,DAYLIGHT,,,,,,,A,NO PEDESTRIANS INVOLVED,,A,22107,,1,7TH ST,1,,,A,E,10.0,ADELINE ST,F,,A,8/2/2024 12:27:15 PM,2/6/2025 9:03:57 AM,,,2,,,,,,,
3363316,18-017525,2,False,0109,4/8/2018 7:42:00 AM,742,23X,14,109,Oakland,1,True,True,B,SIDE SWIPE,,Sunday,,,,,False,False,False,,D,MOTOR VEHICLE ON OTHER ROADWAY,,0,0,CLEAR,,NO UNUSUAL CONDITIONS - NO UNUSUAL CONDITIONS,,A,DAYLIGHT,,,,,,,A,NO PEDESTRIANS INVOLVED,,A,21804A,,1,35TH AV,2,,,A,N,125.0,INTERNATIONAL BL,F,,D,8/2/2024 12:27:14 PM,2/6/2025 9:03:56 AM,,,2,,,,,,,
3363312,18-017644,2,False,0109,4/8/2018 11:01:00 PM,2301,33X,14,109,Oakland,1,True,True,A,HEAD-ON,,Sunday,,,M,,False,False,False,,E,PARKED MOTOR VEHICLE,,0,0,CLEAR,,NO UNUSUAL CONDITIONS - NO UNUSUAL CONDITIONS,,C,DARK-STREET LIGHTS,,,,,,,A,NO PEDESTRIANS INVOLVED,,A,22107,,1,84TH AV,2,,,A,S,250.0,INTERNATIONAL BL,F,,D,8/2/2024 12:27:13 PM,2/6/2025 9:03:56 AM,,,2,,,,,,,
3363307,18-017585,2,False,0109,4/8/2018 4:12:00 PM,1612,23X,14,109,Oakland,1,True,True,C,REAR END,,Sunday,,,M,,False,False,True,,,,,0,0,CLEAR,,NO UNUSUAL CONDITIONS - NO UNUSUAL CONDITIONS,,A,DAYLIGHT,,,,,,,A,NO PEDESTRIANS INVOLVED,,A,22350,,1,FRUITVALE AV,2,,,A,S,50.0,EAST 16TH ST,F,,D,8/2/2024 12:27:13 PM,2/6/2025 9:03:56 AM,,,2,,,,,,,
3363304,18-018528,2,False,0109,4/13/2018 11:20:00 AM,1120,03X,14,109,Oakland,1,True,True,B,SIDE SWIPE,,Friday,,,,,False,False,False,,C,OTHER MOTOR VEHICLE,,0,0,CLEAR,,NO UNUSUAL CONDITIONS - NO UNUSUAL CONDITIONS,,A,DAYLIGHT,,,,,,,A,NO PEDESTRIANS INVOLVED,,A,22106,,1,JACKSON ST,1,,,A,S,100.0,8TH ST,F,,D,8/2/2024 12:27:12 PM,2/6/2025 9:03:56 AM,,,2,,,,,,,
3363300,18-017603,2,False,0109,4/8/2018 5:33:00 PM,1733,19X,14,109,Oakland,1,True,True,B,SIDE SWIPE,,Sunday,,,M,,False,False,False,,E,PARKED MOTOR VEHICLE,,0,0,CLEAR,,NO UNUSUAL CONDITIONS - NO UNUSUAL CONDITIONS,,A,DAYLIGHT,,,,,,,A,NO PEDESTRIANS INVOLVED,,A,22107,,1,14TH AV,1,,,A,N,60.0,INTERNATIONAL BL,F,,D,8/2/2024 12:27:12 PM,2/6/2025 9:03:56 AM,,,2,,,,,,,
3363297,18-017689,2,False,0109,4/9/2018 8:39:00 AM,839,12X,14,109,Oakland,1,True,True,B,SIDE SWIPE,,Monday,,,M,,False,False,False,,E,PARKED MOTOR VEHICLE,,0,0,CLEAR,,NO UNUSUAL CONDITIONS - NO UNUSUAL CONDITIONS,,A,DAYLIGHT,,,,,,,A,NO PEDESTRIANS INVOLVED,,A,22107,,1,TELEGRAPH AV,1,,,A,N,100.0,45TH ST,F,,D,8/2/2024 12:27:11 PM,2/6/2025 9:03:55 AM,,,2,,,,,,,
3363293,18-018536,2,False,0109,4/13/2018 11:27:00 AM,1127,03Y,14,109,Oakland,1,True,True,B,SIDE SWIPE,,Friday,,,,,False,False,False,,C,OTHER MOTOR VEHICLE,,0,0,CLEAR,,NO UNUSUAL CONDITIONS - NO UNUSUAL CONDITIONS,,A,DAYLIGHT,,,,,,,A,NO PEDESTRIANS INVOLVED,,A,22107,,1,FRANKLIN ST,1,,,A,N,200.0,15TH ST,F,,D,8/2/2024 12:27:11 PM,2/6/2025 9:03:55 AM,,,2,,,,,,,
3363288,18-020701,2,False,0109,4/25/2018 11:22:00 AM,1122,16X,14,109,Oakland,1,True,True,H,OTHER,,Wednesday,,,,,False,False,False,,,,,0,0,CLEAR,,NO UNUSUAL CONDITIONS - NO UNUSUAL CONDITIONS,,A,DAYLIGHT,,,,,,,A,NO PEDESTRIANS INVOLVED,,A,22106,,1,LAKESHORE AV,1,,,A,N,200.0,LAKE PARK AV,F,,D,8/2/2024 12:27:10 PM,2/6/2025 9:03:55 AM,,,2,,,,,,,
3363284,18-020557,2,False,0109,4/24/2018 4:53:00 PM,1653,32X,14,109,Oakland,1,True,True,B,SIDE SWIPE,,Tuesday,,,,,False,False,False,,E,PARKED MOTOR VEHICLE,,0,0,CLEAR,,NO UNUSUAL CONDITIONS - NO UNUSUAL CONDITIONS,,A,DAYLIGHT,,,,,,,A,NO PEDESTRIANS INVOLVED,,A,22107,,1,100TH AV,2,,,A,S,20.0,VOLTAIRE AV,F,,D,8/2/2024 12:27:09 PM,2/6/2025 9:03:55 AM,,,2,,,,,,,
3363280,18-017767,2,False,0109,4/9/2018 2:06:00 PM,1406,31X,14,109,Oakland,1,True,True,A,HEAD-ON,,Monday,,,,,False,False,False,,E,PARKED MOTOR VEHICLE,,0,0,CLEAR,,HOLES- DEEPRUT* - HOLES- DEEPRUT*,,A,DAYLIGHT,,,,,,,A,NO PEDESTRIANS INVOLVED,,A,22107,,1,BALDWIN ST,2,,,A,E,50.0,MCCLARY AV,F,,D,8/2/2024 12:27:09 PM,2/6/2025 9:03:54 AM,,,2,,,,,,,
3363278,18-017641 3925,2,False,0109,4/8/2018 10:18:00 PM,2218,21X,14,109,Oakland,1,True,True,G,VEHICLE/PEDESTRAIN,,Sunday,,,,,False,False,False,,B,PEDESTRIAN,,1,0,CLEAR,,NO UNUSUAL CONDITIONS - NO UNUSUAL CONDITIONS,,C,DARK-STREET LIGHTS,,,,,,,E,IN ROAD - INCLUDES SHOULDER,,A,22107,,1,HENRIETTA ST,1,,,A,E,50.0,E 34TH AV,F,,D,8/2/2024 12:27:09 PM,2/6/2025 9:03:54 AM,,,2,,,,,,,
3363276,18-017550,2,False,0109,4/8/2018 11:34:00 AM,1134,27X,14,109,Oakland,1,True,True,D,BROADSIDE,,Sunday,,,,,False,False,False,,C,OTHER MOTOR VEHICLE,,0,0,CLEAR,,NO UNUSUAL CONDITIONS - NO UNUSUAL CONDITIONS,,A,DAYLIGHT,,,,,,,A,NO PEDESTRIANS INVOLVED,,A,22103,,1,BANCROFT AV,2,,,A,,,51ST AV,,,D,8/2/2024 12:27:08 PM,2/6/2025 9:03:54 AM,,,2,,,,,,,
3363272,18-017313,2,False,0109,4/7/2018 12:11:00 AM,11,19X,14,109,Oakland,1,True,True,D,BROADSIDE,,Saturday,,,,,False,False,False,,C,OTHER MOTOR VEHICLE,,0,0,RAINING,,NO UNUSUAL CONDITIONS - NO UNUSUAL CONDITIONS,,C,DARK-STREET LIGHTS,,,,,,,A,NO PEDESTRIANS INVOLVED,,A,21453A,,1,E 8TH ST,1,,,B,,,5TH AV,,,A,8/2/2024 12:27:08 PM,2/6/2025 9:03:54 AM,,,2,,,,,,,
3363268,18-020199,2,False,0109,4/23/2018 12:23:00 AM,23,30X,14,109,Oakland,1,True,True,B,SIDE SWIPE,,Monday,,,,,False,False,False,,E,PARKED MOTOR VEHICLE,,0,0,CLEAR,,NO UNUSUAL CONDITIONS - NO UNUSUAL CONDITIONS,,C,DARK-STREET LIGHTS,,,,,,,A,NO PEDESTRIANS INVOLVED,,A,23152A,,1,WELD ST,2,,,A,W,500.0,78TH AV,F,,D,8/2/2024 12:27:07 PM,2/6/2025 9:03:53 AM,,,2,,,,,,,
3363265,18-018376,2,False,0109,4/12/2018 3:01:00 PM,1501,19X,14,109,Oakland,1,True,True,B,SIDE SWIPE,,Thursday,,,,,False,False,False,,G,BICYCLE,,1,0,CLEAR,,NO UNUSUAL CONDITIONS - NO UNUSUAL CONDITIONS,,A,DAYLIGHT,,,,,,,A,NO PEDESTRIANS INVOLVED,,A,22517,,1,5TH AV,1,,,A,N,220.0,E 11TH ST,F,,D,8/2/2024 12:27:07 PM,2/6/2025 9:03:53 AM,,,2,,,,,,,
3363264,18-018346,2,False,0109,4/12/2018 11:36:00 AM,1136,32Y,14,109,Oakland,1,True,True,D,BROADSIDE,,Thursday,,,,,False,False,False,,,,,0,0,CLOUDY,,NO UNUSUAL CONDITIONS - NO UNUSUAL CONDITIONS,,A,DAYLIGHT,,,,,,,A,NO PEDESTRIANS INVOLVED,,A,21801A,,1,106TH AV,2,,,A,N,150.0,MACARTHUR BL,F,,A,8/2/2024 12:27:07 PM,2/6/2025 9:03:53 AM,,,2,,,,,,,
3363262,18-020821,2,False,0109,4/25/2018 9:27:00 PM,2127,33X,14,109,Oakland,1,True,True,E,HIT OBJECT,,Wednesday,,,M,,False,False,False,,I,FIXED OBJECT,,0,0,CLEAR,,NO UNUSUAL CONDITIONS - NO UNUSUAL CONDITIONS,,C,DARK-STREET LIGHTS,,,,,,,A,NO PEDESTRIANS INVOLVED,,A,22107,,1,83RD AV,2,,,A,S,20.0,A ST,F,,D,8/2/2024 12:27:06 PM,2/6/2025 9:03:53 AM,,,2,,,,,,,
3363261,18-016379,2,False,0109,4/1/2018 1:08:00 PM,1308,21X,14,109,Oakland,1,True,True,D,BROADSIDE,,Sunday,,,,,False,False,False,,C,OTHER MOTOR VEHICLE,,1,0,CLEAR,,NO UNUSUAL CONDITIONS - NO UNUSUAL CONDITIONS,,A,DAYLIGHT,,,,,,,A,NO PEDESTRIANS INVOLVED,,A,21802A,,1,FOOTHILL BL,1,,,A,,,MITCHELL ST,,,A,8/2/2024 12:27:06 PM,2/6/2025 9:03:53 AM,,,2,,,,,,,
3363257,18-018674,2,False,0109,4/14/2018 5:03:00 PM,1703,19X,14,109,Oakland,1,True,True,B,SIDE SWIPE,,Saturday,,,,,False,False,False,,C,OTHER MOTOR VEHICLE,,4,0,CLEAR,,NO UNUSUAL CONDITIONS - NO UNUSUAL CONDITIONS,,A,DAYLIGHT,,,,,,,A,NO PEDESTRIANS INVOLVED,,A,22350,,1,INTERNATIONAL BL,1,,,A,W,100.0,17TH AV,F,,D,8/2/2024 12:27:06 PM,2/6/2025 9:03:53 AM,,,2,,,,,,,
3363255,18-019954,2,False,0109,4/21/2018 2:59:00 PM,1459,31X,14,109,Oakland,1,True,True,D,BROADSIDE,,Saturday,,,M,,False,False,False,,C,OTHER MOTOR VEHICLE,,0,0,CLEAR,,NO UNUSUAL CONDITIONS - NO UNUSUAL CONDITIONS,,A,DAYLIGHT,,,,,,,A,NO PEDESTRIANS INVOLVED,,A,24153A,,1,HEGENBERGER RD,2,,,A,,,EDGEWATER DR,,,A,8/2/2024 12:27:05 PM,2/6/2025 9:03:53 AM,,,2,,,,,,,