collision-id,report-number,report-version,is-preliminary,ncic-code,crash-date-time,crash-time-description,beat,city-id,city-code,city-name,county-code,city-is-active,city-is-incorporated,collision-type-code,collision-type-description,collision-type-other-desc,day-of-week,dispatch-notified,has-photographs,hit-run,is-attachments-mailed,is-deleted,is-highway-related,is-tow-away,judicial-district,motor-vehicle-involved-with-code,motor-vehicle-involved-with-desc,motor-vehicle-involved-with-other-desc,number-injured,number-killed,weather-1,weather-2,road-condition-1,road-condition-2,special-condition-lighting-code,lighting-description,latitude,longitude,milepost-direction,milepost-distance,milepost-marker,milepost-unit-of-measure,pedestrian-action-code,pedestrian-action-desc,prepared-date,primary-collision-factor-code,primary-collision-factor-violation,primary-collision-factor-is-cited,primary-collision-party-number,primary-road,reporting-district,reporting-district-code,reviewed-date,roadway-surface-code,secondary-direction,secondary-distance,secondary-road,secondary-unit-of-measure,sketch-desc,traffic-control-device-code,created-date,modified-date,is-county-road,is-freeway,chp-555-version,is-additonal-object-struck,notification-date,notification-time-description,has-digital-media-files,evidence-number,is-location-refer-to-narrative,is-aoi-one-same-as-location
3363253,18-017592,2,False,0109,4/8/2018 4:42:00 PM,1642,19X,14,109,Oakland,1,True,True,C,REAR END,,Sunday,,,,,False,False,False,,C,OTHER MOTOR VEHICLE,,1,0,CLEAR,,NO UNUSUAL CONDITIONS - NO UNUSUAL CONDITIONS,,A,DAYLIGHT,,,,,,,A,NO PEDESTRIANS INVOLVED,,A,22107,,1,E 12TH ST,1,,,A,W,40.0,7TH AV,F,,A,8/2/2024 12:27:05 PM,2/6/2025 9:03:53 AM,,,2,,,,,,,
3363250,18-017530,2,False,0109,4/8/2018 3:05:00 AM,305,31X,14,109,Oakland,1,True,True,E,HIT OBJECT,,Sunday,,,M,,False,False,False,,I,FIXED OBJECT,,0,0,CLEAR,,NO UNUSUAL CONDITIONS - NO UNUSUAL CONDITIONS,,A,DAYLIGHT,,,,,,,A,NO PEDESTRIANS INVOLVED,,A,22107,,1,SEMINARY AV,2,,,A,,,SUNNYMERE AV,,,A,8/2/2024 12:27:05 PM,2/6/2025 9:03:52 AM,,,2,,,,,,,
3363249,18-017329,2,False,0109,4/7/2018 3:24:00 AM,324,02X,14,109,Oakland,1,True,True,G,VEHICLE/PEDESTRAIN,,Saturday,,,,,False,False,False,,B,PEDESTRIAN,,1,0,RAINING,,NO UNUSUAL CONDITIONS - NO UNUSUAL CONDITIONS,,C,DARK-STREET LIGHTS,,,,,,,D,CROSSING - NOT IN CROSSWALK,,A,21950A,,1,7TH ST,1,,,B,,,FRONTAGE RD,,,A,8/2/2024 12:27:04 PM,2/6/2025 9:03:52 AM,,,2,,,,,,,
3363246,18-017515,2,False,0109,4/7/2018 8:15:00 PM,2015,34X,14,109,Oakland,1,True,True,C,REAR END,,Saturday,,,M,,False,False,True,,C,OTHER MOTOR VEHICLE,,0,0,CLEAR,,NO UNUSUAL CONDITIONS - NO UNUSUAL CONDITIONS,,B,DUSK-DAWN,,,,,,,A,NO PEDESTRIANS INVOLVED,,A,21703,,1,INTERNATIONAL BL,2,,,A,E,15.0,97TH AV,F,,D,8/2/2024 12:27:04 PM,2/6/2025 9:03:52 AM,,,2,,,,,,,
3363245,18-017568,2,False,0109,4/8/2018 3:00:00 PM,1500,25X,14,109,Oakland,1,True,True,D,BROADSIDE,,Sunday,,,,,False,False,False,,C,OTHER MOTOR VEHICLE,,1,0,CLEAR,,NO UNUSUAL CONDITIONS - NO UNUSUAL CONDITIONS,,A,DAYLIGHT,,,,,,,A,NO PEDESTRIANS INVOLVED,,A,22515A,,1,MACARTHUR BL,2,,,A,W,15.0,HIGH ST,F,,A,8/2/2024 12:27:04 PM,2/6/2025 9:03:52 AM,,,2,,,,,,,
3363243,18-017876,2,False,0109,4/10/2018 8:28:00 AM,828,19X,14,109,Oakland,1,True,True,A,HEAD-ON,,Tuesday,,,M,,False,False,False,,C,OTHER MOTOR VEHICLE,,0,0,CLEAR,,NO UNUSUAL CONDITIONS - NO UNUSUAL CONDITIONS,,A,DAYLIGHT,,,,,,,A,NO PEDESTRIANS INVOLVED,,A,21453A,,1,15TH AV,1,,,A,,,5TH AV,,,A,8/2/2024 12:27:04 PM,2/6/2025 9:03:52 AM,,,2,,,,,,,
3363241,18-018304,2,False,0109,4/12/2018 8:00:00 AM,800,27X,14,109,Oakland,1,True,True,C,REAR END,,Thursday,,,,,False,False,False,,C,OTHER MOTOR VEHICLE,,1,0,CLEAR,,NO UNUSUAL CONDITIONS - NO UNUSUAL CONDITIONS,,A,DAYLIGHT,,,,,,,A,NO PEDESTRIANS INVOLVED,,A,22350,,1,INTERNATIONAL BL,2,,,A,W,50.0,45TH AV,F,,D,8/2/2024 12:27:03 PM,2/6/2025 9:03:52 AM,,,2,,,,,,,
3363238,18-017247,2,False,0109,4/6/2018 3:31:00 PM,1531,21Y,14,109,Oakland,1,True,True,A,HEAD-ON,,Friday,,,M,,False,False,True,,E,PARKED MOTOR VEHICLE,,0,0,RAINING,,NO UNUSUAL CONDITIONS - NO UNUSUAL CONDITIONS,,A,DAYLIGHT,,,,,,,A,NO PEDESTRIANS INVOLVED,,A,22107,,1,COOLIDGE AV,1,,,B,S,100.0,LYNDE ST,F,,A,8/2/2024 12:27:03 PM,2/6/2025 9:03:52 AM,,,2,,,,,,,
3363237,18-019973,2,False,0109,4/21/2018 4:34:00 PM,1634,08X,14,109,Oakland,1,True,True,D,BROADSIDE,,Saturday,,,,,False,False,False,,G,BICYCLE,,1,0,CLEAR,,NO UNUSUAL CONDITIONS - NO UNUSUAL CONDITIONS,,A,DAYLIGHT,,,,,,,A,NO PEDESTRIANS INVOLVED,,A,216501,,1,BROADWAY,1,,,A,N,270.0,29TH ST,F,,D,8/2/2024 12:27:03 PM,2/6/2025 9:03:52 AM,,,2,,,,,,,
3363235,18-020121,2,False,0109,4/23/2018 1:55:00 PM,1355,02X,14,109,Oakland,1,True,True,C,REAR END,,Monday,,,M,,False,False,True,,E,PARKED MOTOR VEHICLE,,0,0,CLEAR,,NO UNUSUAL CONDITIONS - NO UNUSUAL CONDITIONS,,A,DAYLIGHT,,,,,,,A,NO PEDESTRIANS INVOLVED,,A,22350,,1,10TH ST,1,,,A,W,100.0,UNION ST,F,,D,8/2/2024 12:27:02 PM,2/6/2025 9:03:52 AM,,,2,,,,,,,
3363233,18-018357,2,False,0109,4/12/2018 12:55:00 PM,1255,04X,14,109,Oakland,1,True,True,C,REAR END,,Thursday,,,,,False,False,False,,C,OTHER MOTOR VEHICLE,,1,0,CLEAR,,NO UNUSUAL CONDITIONS - NO UNUSUAL CONDITIONS,,A,DAYLIGHT,,,,,,,A,NO PEDESTRIANS INVOLVED,,A,22350,,1,BROADWAY,1,,,A,,,GRAND AV,,,A,8/2/2024 12:27:02 PM,2/6/2025 9:03:51 AM,,,2,,,,,,,
3363231,18-020224,2,False,0109,4/23/2018 7:02:00 AM,702,24Y,14,109,Oakland,1,True,True,B,SIDE SWIPE,,Monday,,,,,False,False,False,,C,OTHER MOTOR VEHICLE,,0,0,CLEAR,,NO UNUSUAL CONDITIONS - NO UNUSUAL CONDITIONS,,A,DAYLIGHT,,,,,,,A,NO PEDESTRIANS INVOLVED,,A,21750,,1,HIGH ST,2,,,A,N,30.0,ALLENDALE AV,F,,D,8/2/2024 12:27:02 PM,2/6/2025 9:03:51 AM,,,2,,,,,,,
3363229,18-017510,2,False,0109,4/8/2018 2:50:00 AM,250,06X,14,109,Oakland,1,True,True,C,REAR END,,Sunday,,,M,,False,False,False,,C,OTHER MOTOR VEHICLE,,1,0,CLEAR,,NO UNUSUAL CONDITIONS - NO UNUSUAL CONDITIONS,,C,DARK-STREET LIGHTS,,,,,,,A,NO PEDESTRIANS INVOLVED,,A,21703,,1,ADELINE ST,1,,,A,N,200.0,W GRAND AV,F,,A,8/2/2024 12:27:01 PM,2/6/2025 9:03:51 AM,,,2,,,,,,,
3363227,18-017706,2,False,0109,4/9/2018 10:00:00 AM,1000,04X,14,109,Oakland,1,True,True,C,REAR END,,Monday,,,,,False,False,False,,C,OTHER MOTOR VEHICLE,,1,0,CLEAR,,NO UNUSUAL CONDITIONS - NO UNUSUAL CONDITIONS,,A,DAYLIGHT,,,,,,,A,NO PEDESTRIANS INVOLVED,,A,22350,,1,GRAND AV,1,,,A,,,HARRISON ST,,,A,8/2/2024 12:27:01 PM,2/6/2025 9:03:51 AM,,,2,,,,,,,
3363226,18-020609,2,False,0109,4/24/2018 8:45:00 PM,2045,22X,14,109,Oakland,1,True,True,D,BROADSIDE,,Tuesday,,,,,False,False,False,,C,OTHER MOTOR VEHICLE,,0,0,CLEAR,,NO UNUSUAL CONDITIONS - NO UNUSUAL CONDITIONS,,C,DARK-STREET LIGHTS,,,,,,,A,NO PEDESTRIANS INVOLVED,,A,21801A,,1,COOLIDGE AV,1,,,A,,,MONTANA ST,,,A,8/2/2024 12:27:01 PM,2/6/2025 9:03:51 AM,,,2,,,,,,,
3363225,18-021475,2,False,0109,4/29/2018 8:38:00 PM,2038,32X,14,109,Oakland,1,True,True,C,REAR END,,Sunday,,,,,False,False,False,,C,OTHER MOTOR VEHICLE,,0,0,CLEAR,,NO UNUSUAL CONDITIONS - NO UNUSUAL CONDITIONS,,D,DARK-NO STREET LIGHTS,,,,,,,A,NO PEDESTRIANS INVOLVED,,A,22450A,,1,10TH AV,2,,,A,,,PLYMOUTH ST,,,A,8/2/2024 12:27:01 PM,2/6/2025 9:03:51 AM,,,2,,,,,,,
3363223,18-016762,2,False,0109,4/3/2018 3:28:00 PM,1528,32X,14,109,Oakland,1,True,True,D,BROADSIDE,,Tuesday,,,,,False,False,False,,D,MOTOR VEHICLE ON OTHER ROADWAY,,1,0,CLEAR,,NO UNUSUAL CONDITIONS - NO UNUSUAL CONDITIONS,,A,DAYLIGHT,,,,,,,A,NO PEDESTRIANS INVOLVED,,A,21800A,,2,98TH AV,2,,,A,,,INTERNATIONAL AV,,,B,8/2/2024 12:27:00 PM,2/6/2025 9:03:51 AM,,,2,,,,,,,
3363221,18-021526,2,False,0109,4/30/2018 3:00:00 AM,300,21X,14,109,Oakland,1,True,True,C,REAR END,,Monday,,,,,False,False,False,,C,OTHER MOTOR VEHICLE,,0,0,CLEAR,,NO UNUSUAL CONDITIONS - NO UNUSUAL CONDITIONS,,C,DARK-STREET LIGHTS,,,,,,,A,NO PEDESTRIANS INVOLVED,,A,22107,,1,MITCHELL ST,1,,,A,E,25.0,23RD ST,F,,D,8/2/2024 12:27:00 PM,2/6/2025 9:03:51 AM,,,2,,,,,,,
3363219,18-017327,2,False,0109,4/7/2018 2:31:00 AM,231,05X,14,109,Oakland,1,True,True,A,HEAD-ON,,Saturday,,,,,False,False,True,,,,,1,0,RAINING,,NO UNUSUAL CONDITIONS - NO UNUSUAL CONDITIONS,,C,DARK-STREET LIGHTS,,,,,,,A,NO PEDESTRIANS INVOLVED,,A,21650,,1,14TH ST,1,,,B,,,ADELINE ST,,,A,8/2/2024 12:27:00 PM,2/6/2025 9:03:51 AM,,,2,,,,,,,
3363217,18-020307,2,False,0109,4/23/2018 2:26:00 PM,1426,23X,14,109,Oakland,1,True,True,B,SIDE SWIPE,,Monday,,,M,,False,False,False,,C,OTHER MOTOR VEHICLE,,0,0,CLEAR,,NO UNUSUAL CONDITIONS - NO UNUSUAL CONDITIONS,,A,DAYLIGHT,,,,,,,A,NO PEDESTRIANS INVOLVED,,A,21453A,,1,SAN LEANDRO ST,2,,,A,,,33RD AV,,,A,8/2/2024 12:26:59 PM,2/6/2025 9:03:50 AM,,,2,,,,,,,
3363215,18-020311,2,False,0109,4/8/2018 2:35:00 PM,1435,09X,14,109,Oakland,1,True,True,G,VEHICLE/PEDESTRAIN,,Sunday,,,,,False,False,False,,B,PEDESTRIAN,,3,0,CLEAR,,NO UNUSUAL CONDITIONS - NO UNUSUAL CONDITIONS,,A,DAYLIGHT,,,,,,,B,CROSSING IN CROSS WALK AT INTERSECTION,,A,21453A,,1,BROADWAY,1,,,A,,,WHITMORE ST,,,A,8/2/2024 12:26:59 PM,2/6/2025 9:03:50 AM,,,2,,,,,,,
3363214,18-017146,2,False,0109,4/5/2018 8:24:00 PM,2024,03X,14,109,Oakland,1,True,True,D,BROADSIDE,,Thursday,,,M,,False,False,True,,C,OTHER MOTOR VEHICLE,,0,0,RAINING,,NO UNUSUAL CONDITIONS - NO UNUSUAL CONDITIONS,,C,DARK-STREET LIGHTS,,,,,,,A,NO PEDESTRIANS INVOLVED,,A,21453A,,1,MADISON ST,1,,,B,,,7TH ST,,,A,8/2/2024 12:26:59 PM,2/6/2025 9:03:50 AM,,,2,,,,,,,
3363187,18-023106,2,False,0109,5/8/2018 3:00:00 PM,1500,17X,14,109,Oakland,1,True,True,D,BROADSIDE,,Tuesday,,,M,,False,False,False,,C,OTHER MOTOR VEHICLE,,1,0,CLEAR,,NO UNUSUAL CONDITIONS - NO UNUSUAL CONDITIONS,,A,DAYLIGHT,,,,,,,A,NO PEDESTRIANS INVOLVED,,A,21453A,,1,PARK BL,1,,,A,,,CHATHAM RD,,,A,8/2/2024 12:26:55 PM,2/6/2025 9:03:49 AM,,,2,,,,,,,
3363128,18-018450,2,False,0109,4/13/2018 12:11:00 AM,11,23X,14,109,Oakland,1,True,True,C,REAR END,,Friday,,,M,,False,False,False,,C,OTHER MOTOR VEHICLE,,1,0,CLOUDY,,NO UNUSUAL CONDITIONS - NO UNUSUAL CONDITIONS,,C,DARK-STREET LIGHTS,,,,,,,A,NO PEDESTRIANS INVOLVED,,A,22350,,1,FOOTHILL BL,2,,,A,E,12.0,34TH AV,F,,A,8/2/2024 12:26:44 PM,2/6/2025 9:03:45 AM,,,2,,,,,,,
3363123,18-018279,2,False,0109,4/12/2018 1:04:00 AM,104,26X,14,109,Oakland,1,True,True,D,BROADSIDE,,Thursday,,,,,False,False,False,,C,OTHER MOTOR VEHICLE,,3,0,CLOUDY,,NO UNUSUAL CONDITIONS - NO UNUSUAL CONDITIONS,,C,DARK-STREET LIGHTS,,,,,,,A,NO PEDESTRIANS INVOLVED,,A,23152A,,1,HIGH ST,2,,,A,,,SAN LEANDRO ST,,,A,8/2/2024 12:26:44 PM,2/6/2025 9:03:45 AM,,,2,,,,,,,
3363120,18-017682,2,False,0109,4/9/2018 8:33:00 AM,833,16Y,14,109,Oakland,1,True,True,C,REAR END,,Monday,,,,,False,False,False,,C,OTHER MOTOR VEHICLE,,1,0,CLEAR,,NO UNUSUAL CONDITIONS - NO UNUSUAL CONDITIONS,,A,DAYLIGHT,,,,,,,A,NO PEDESTRIANS INVOLVED,,A,22106,,1,E 22ND AV,1,,,A,,,24TH AV,,,D,8/2/2024 12:26:43 PM,2/6/2025 9:03:45 AM,,,2,,,,,,,
3363116,18-020686,2,False,0109,4/25/2018 9:59:00 AM,959,02X,14,109,Oakland,1,True,True,D,BROADSIDE,,Wednesday,,,,,False,False,True,,C,OTHER MOTOR VEHICLE,,1,0,CLEAR,CLOUDY,NO UNUSUAL CONDITIONS - NO UNUSUAL CONDITIONS,,A,DAYLIGHT,,,,,,,A,NO PEDESTRIANS INVOLVED,,A,21801A,,1,7TH ST,1,,,A,,,ADELINE ST,,,A,8/2/2024 12:26:42 PM,2/6/2025 9:03:44 AM,,,2,,,,,,,
3363112,18-017675,2,False,0109,4/9/2018 8:34:00 AM,834,03X,14,109,Oakland,1,True,True,D,BROADSIDE,,Monday,,,,,False,False,False,,C,OTHER MOTOR VEHICLE,,2,0,CLEAR,,NO UNUSUAL CONDITIONS - NO UNUSUAL CONDITIONS,,A,DAYLIGHT,,,,,,,F,NOT IN ROAD,,A,21453A,,1,13TH ST,1,,,A,,,WEBSTER ST,,,B,8/2/2024 12:26:42 PM,2/6/2025 9:03:44 AM,,,2,,,,,,,
3363104,18-020315,2,False,0109,4/23/2018 2:51:00 PM,1451,18X,14,109,Oakland,1,True,True,D,BROADSIDE,,Monday,,,,,False,False,False,,C,OTHER MOTOR VEHICLE,,2,0,CLEAR,,NO UNUSUAL CONDITIONS - NO UNUSUAL CONDITIONS,,A,DAYLIGHT,,,,,,,A,NO PEDESTRIANS INVOLVED,,A,22450A,,1,23RD AV,1,,,A,,,20TH ST,,,A,8/2/2024 12:26:40 PM,2/6/2025 9:03:44 AM,,,2,,,,,,,
3362874,18-006039,2,False,0109,2/3/2018 12:32:00 AM,32,19X,14,109,Oakland,1,True,True,D,BROADSIDE,,Saturday,,,,,False,False,False,,C,OTHER MOTOR VEHICLE,,1,0,CLEAR,,NO UNUSUAL CONDITIONS - NO UNUSUAL CONDITIONS,,D,DARK-NO STREET LIGHTS,,,,,,,A,NO PEDESTRIANS INVOLVED,,A,21802A,,1,E 15TH ST,1,,,A,,,13TH AV,,,D,8/2/2024 12:26:02 PM,2/6/2025 9:03:31 AM,,,2,,,,,,,
3362245,18-024759,2,False,0109,5/17/2018 9:48:00 AM,948,26Y,14,109,Oakland,1,True,True,,,,Thursday,,,,,False,False,False,,C,OTHER MOTOR VEHICLE,,0,0,CLEAR,,NO UNUSUAL CONDITIONS - NO UNUSUAL CONDITIONS,,A,DAYLIGHT,,,,,,,A,NO PEDESTRIANS INVOLVED,,A,22106,,,62ND AV,,,,A,N,75.0,FENHAM ST,F,,D,8/2/2024 12:24:28 PM,2/6/2025 9:02:51 AM,,,2,,,,,,,
3362123,18-004317,2,False,0109,1/24/2018 7:21:00 PM,1921,26X,14,109,Oakland,1,True,True,B,SIDE SWIPE,,Wednesday,,,M,,False,False,False,,E,PARKED MOTOR VEHICLE,,0,0,CLEAR,,NO UNUSUAL CONDITIONS - NO UNUSUAL CONDITIONS,,C,DARK-STREET LIGHTS,,,,,,,A,NO PEDESTRIANS INVOLVED,,A,22350,,1,LION WY,2,,,A,E,50.0,66TH AV,F,,D,8/2/2024 12:24:02 PM,2/6/2025 9:02:44 AM,,,2,,,,,,,
3362060,18-004101,2,False,0109,1/23/2018 3:20:00 PM,1520,13X,14,109,Oakland,1,True,True,D,BROADSIDE,,Tuesday,,,,,False,False,False,,C,OTHER MOTOR VEHICLE,,0,0,CLEAR,,NO UNUSUAL CONDITIONS - NO UNUSUAL CONDITIONS,,A,DAYLIGHT,,,,,,,A,NO PEDESTRIANS INVOLVED,,A,22107,,1,AMY DR,1,,,A,,,HARBORD DR,,,D,8/2/2024 12:23:53 PM,2/6/2025 9:02:41 AM,,,2,,,,,,,
3362056,18-000098,2,False,0109,1/1/2018 3:25:00 PM,1525,21X,14,109,Oakland,1,True,True,B,SIDE SWIPE,,Monday,,,,,False,False,False,,E,PARKED MOTOR VEHICLE,,0,0,CLEAR,,NO UNUSUAL CONDITIONS - NO UNUSUAL CONDITIONS,,A,DAYLIGHT,,,,,,,A,NO PEDESTRIANS INVOLVED,,A,22107,,1,E 27TH ST,1,,,A,E,15.0,BARRY,F,,D,8/2/2024 12:23:52 PM,2/6/2025 9:02:41 AM,,,2,,,,,,,
3362053,18-000393,2,False,0109,1/3/2018 5:59:00 AM,559,30X,14,109,Oakland,1,True,True,B,SIDE SWIPE,,Wednesday,,,M,,False,False,True,,E,PARKED MOTOR VEHICLE,,0,0,CLEAR,,NO UNUSUAL CONDITIONS - NO UNUSUAL CONDITIONS,,C,DARK-STREET LIGHTS,,,,,,,A,NO PEDESTRIANS INVOLVED,,A,22107,,1,CHURCH ST,1,,,A,,,AVENAL ST,,,D,8/2/2024 12:23:51 PM,2/6/2025 9:02:41 AM,,,2,,,,,,,
3362049,18-005150,2,False,0109,1/29/2018 2:32:00 PM,1432,03X,14,109,Oakland,1,True,True,B,SIDE SWIPE,,Monday,,,M,,False,False,False,,C,OTHER MOTOR VEHICLE,,0,0,CLEAR,,NO UNUSUAL CONDITIONS - NO UNUSUAL CONDITIONS,,A,DAYLIGHT,,,,,,,A,NO PEDESTRIANS INVOLVED,,A,22107,,1,11TH ST,1,,,A,,,CLAY ST,,,A,8/2/2024 12:23:51 PM,2/6/2025 9:02:41 AM,,,2,,,,,,,
3361967,18-008365,2,False,0109,2/16/2018 4:09:00 AM,409,21X,14,109,Oakland,1,True,True,C,REAR END,,Friday,,,,,False,False,False,,E,PARKED MOTOR VEHICLE,,0,0,CLEAR,,NO UNUSUAL CONDITIONS - NO UNUSUAL CONDITIONS,,C,DARK-STREET LIGHTS,,,,,,,,,,A,22107,,1,25TH AV,1,,,A,,,26TH ST,,,A,8/2/2024 12:23:41 PM,2/6/2025 9:02:36 AM,,,2,,,,,,,
3361964,18-008484,2,False,0109,2/16/2018 4:25:00 PM,1625,28X,14,109,Oakland,1,True,True,C,REAR END,,Friday,,,,,False,False,False,,D,MOTOR VEHICLE ON OTHER ROADWAY,,0,0,CLEAR,,NO UNUSUAL CONDITIONS - NO UNUSUAL CONDITIONS,,A,DAYLIGHT,,,,,,,,,,A,21703,,1,HIGH ST,2,,,A,,,PORTER ST,,,A,8/2/2024 12:23:40 PM,2/6/2025 9:02:36 AM,,,2,,,,,,,
3361961,18-009411,2,False,0109,2/21/2018 5:43:00 PM,1743,,14,109,Oakland,1,True,True,B,SIDE SWIPE,,Wednesday,,,,,False,False,False,,C,OTHER MOTOR VEHICLE,,0,0,CLEAR,,NO UNUSUAL CONDITIONS - NO UNUSUAL CONDITIONS,,A,DAYLIGHT,,,,,,,,,,D,,,,MACARTHUR BL,2,,,A,,,88TH AV,,,D,8/2/2024 12:23:40 PM,2/6/2025 9:02:35 AM,,,2,,,,,,,
3361958,18-008115,2,False,0109,2/14/2018 5:30:00 PM,1730,17X,14,109,Oakland,1,True,True,B,SIDE SWIPE,,Wednesday,,,,,False,False,False,,C,OTHER MOTOR VEHICLE,,0,0,CLEAR,,NO UNUSUAL CONDITIONS - NO UNUSUAL CONDITIONS,,A,DAYLIGHT,,,,,,,,,,A,21461A,,1,FOOTHILL BL,1,,,A,,,4TH AV,,,A,8/2/2024 12:23:39 PM,2/6/2025 9:02:35 AM,,,2,,,,,,,
3361953,18-007169,2,False,0109,2/8/2018 5:20:00 PM,1720,23X,14,109,Oakland,1,True,True,D,BROADSIDE,,Thursday,,,,,False,False,False,,C,OTHER MOTOR VEHICLE,,0,0,CLEAR,,NO UNUSUAL CONDITIONS - NO UNUSUAL CONDITIONS,,A,DAYLIGHT,,,,,,,,,,A,21802A,,1,35TH AV,2,,,A,,,18TH ST,,,A,8/2/2024 12:23:38 PM,2/6/2025 9:02:35 AM,,,2,,,,,,,
3361950,18-007465,2,False,0109,2/10/2018 3:01:00 PM,1501,10X,14,109,Oakland,1,True,True,C,REAR END,,Saturday,,,,,False,False,False,,C,OTHER MOTOR VEHICLE,,0,0,CLEAR,,NO UNUSUAL CONDITIONS - NO UNUSUAL CONDITIONS,,A,DAYLIGHT,,,,,,,,,,A,22350,,1,SAN PABLO AV,1,,,A,,,57TH ST,,,D,8/2/2024 12:23:38 PM,2/6/2025 9:02:35 AM,,,2,,,,,,,
3361947,18-019731,2,False,0109,4/20/2018 9:37:00 AM,937,28X,14,109,Oakland,1,True,True,B,SIDE SWIPE,,Friday,,,M,,False,False,False,,,,,0,0,CLEAR,,NO UNUSUAL CONDITIONS - NO UNUSUAL CONDITIONS,,A,DAYLIGHT,,,,,,,A,NO PEDESTRIANS INVOLVED,,A,22350,,1,SEMINARY AV,2,,,A,S,125.0,CALAVERAS AV,F,,D,8/2/2024 12:23:38 PM,2/6/2025 9:02:35 AM,,,2,,,,,,,
3361946,18-007391,2,False,0109,2/10/2018 3:11:00 AM,311,26X,14,109,Oakland,1,True,True,E,HIT OBJECT,,Saturday,,,,,False,False,False,,I,FIXED OBJECT,,0,0,CLEAR,,NO UNUSUAL CONDITIONS - NO UNUSUAL CONDITIONS,,C,DARK-STREET LIGHTS,,,,,,,,,,A,22350,,1,HIGH ST,2,,,A,W,5.0,COLISEUM WY,F,,A,8/2/2024 12:23:37 PM,2/6/2025 9:02:35 AM,,,2,,,,,,,
3361943,18-019474,2,False,0109,4/18/2018 7:50:00 PM,1950,22X,14,109,Oakland,1,True,True,D,BROADSIDE,,Wednesday,,,M,,False,False,False,,E,PARKED MOTOR VEHICLE,,0,0,CLEAR,,NO UNUSUAL CONDITIONS - NO UNUSUAL CONDITIONS,,C,DARK-STREET LIGHTS,,,,,,,A,NO PEDESTRIANS INVOLVED,,B,,,1,FLAGG AV,1,,,A,S,15.0,MONTANA ST,F,,D,8/2/2024 12:23:37 PM,2/6/2025 9:02:35 AM,,,2,,,,,,,
3361941,18-006220,2,False,0109,2/4/2018 1:01:00 AM,101,03Y,14,109,Oakland,1,True,True,C,REAR END,,Sunday,,,M,,False,False,False,,E,PARKED MOTOR VEHICLE,,0,0,CLEAR,,NO UNUSUAL CONDITIONS - NO UNUSUAL CONDITIONS,,C,DARK-STREET LIGHTS,,,,,,,,,,D,,,,9TH ST,1,,,A,,,CASTRO ST,,,D,8/2/2024 12:23:36 PM,2/6/2025 9:02:34 AM,,,2,,,,,,,
3361939,18-019423,2,False,0109,4/18/2018 2:01:00 PM,1401,10Y,14,109,Oakland,1,True,True,B,SIDE SWIPE,,Wednesday,,,,,False,False,False,,C,OTHER MOTOR VEHICLE,,0,0,CLOUDY,,NO UNUSUAL CONDITIONS - NO UNUSUAL CONDITIONS,,A,DAYLIGHT,,,,,,,A,NO PEDESTRIANS INVOLVED,,A,22107,,1,ADELLE ST,1,,,A,,,MARKET ST,,,A,8/2/2024 12:23:36 PM,2/6/2025 9:02:34 AM,,,2,,,,,,,
3361938,18-010718,2,False,0109,2/28/2018 8:17:00 PM,2017,08X,14,109,Oakland,1,True,True,D,BROADSIDE,,Wednesday,,,F,,False,False,False,,C,OTHER MOTOR VEHICLE,,0,0,CLOUDY,,NO UNUSUAL CONDITIONS - NO UNUSUAL CONDITIONS,,C,DARK-STREET LIGHTS,,,,,,,,,,A,22350,,1,24TH ST,1,,,A,,,TELEGRAPH AV,,,A,8/2/2024 12:23:36 PM,2/6/2025 9:02:34 AM,,,2,,,,,,,
3361935,18-019299,2,False,0109,4/18/2018 8:12:00 PM,2012,03X,14,109,Oakland,1,True,True,D,BROADSIDE,,Wednesday,,,,,False,False,False,,C,OTHER MOTOR VEHICLE,,0,0,CLEAR,,NO UNUSUAL CONDITIONS - NO UNUSUAL CONDITIONS,,A,DAYLIGHT,,,,,,,A,NO PEDESTRIANS INVOLVED,,A,21453A,,1,FRANKLIN ST,1,,,A,,,13TH ST,,,A,8/2/2024 12:23:36 PM,2/6/2025 9:02:34 AM,,,2,,,,,,,
3361934,18-008632,2,False,0109,2/17/2018 3:00:00 PM,1500,17Y,14,109,Oakland,1,True,True,B,SIDE SWIPE,,Saturday,,,M,,False,False,False,,E,PARKED MOTOR VEHICLE,,0,0,CLEAR,,NO UNUSUAL CONDITIONS - NO UNUSUAL CONDITIONS,,A,DAYLIGHT,,,,,,,,,,A,22107,,1,6TH AV,1,,,A,N,40.0,FOOTHILL BL,F,,D,8/2/2024 12:23:36 PM,2/6/2025 9:02:34 AM,,,2,,,,,,,
3361931,18-019631,2,False,0109,4/19/2018 4:25:00 PM,1625,12X,14,109,Oakland,1,True,True,C,REAR END,,Thursday,,,,,False,False,False,,C,OTHER MOTOR VEHICLE,,0,0,CLEAR,,NO UNUSUAL CONDITIONS - NO UNUSUAL CONDITIONS,,A,DAYLIGHT,,,,,,,A,NO PEDESTRIANS INVOLVED,,A,22107,,1,51ST ST,1,,,A,W,25.0,TELEGRAPH AV,F,,A,8/2/2024 12:23:35 PM,2/6/2025 9:02:34 AM,,,2,,,,,,,
3361930,18-008858,2,False,0109,2/19/2018 11:29:00 PM,2329,31X,14,109,Oakland,1,True,True,B,SIDE SWIPE,,Monday,,,M,,False,False,False,,E,PARKED MOTOR VEHICLE,,0,0,CLEAR,,NO UNUSUAL CONDITIONS - NO UNUSUAL CONDITIONS,,C,DARK-STREET LIGHTS,,,,,,,,,,A,22107,,1,ACALANES DR,2,,,A,E,100.0,BERGEDO DR,F,,D,8/2/2024 12:23:35 PM,2/6/2025 9:02:34 AM,,,2,,,,,,,
3361926,18-007743,2,False,0109,2/12/2018 3:00:00 PM,1500,03X,14,109,Oakland,1,True,True,C,REAR END,,Monday,,,M,,False,False,False,,E,PARKED MOTOR VEHICLE,,0,0,CLEAR,,NO UNUSUAL CONDITIONS - NO UNUSUAL CONDITIONS,,A,DAYLIGHT,,,,,,,,,,A,22107,,1,CLAY ST,1,,,A,N,50.0,12TH ST,F,,D,8/2/2024 12:23:34 PM,2/6/2025 9:02:34 AM,,,2,,,,,,,
3361922,18-007785,2,False,0109,2/12/2018 11:51:00 AM,1151,21X,14,109,Oakland,1,True,True,C,REAR END,,Monday,,,M,,False,False,False,,E,PARKED MOTOR VEHICLE,,0,0,CLEAR,,NO UNUSUAL CONDITIONS - NO UNUSUAL CONDITIONS,,A,DAYLIGHT,,,,,,,,,,A,22107,,1,24TH AV,1,,,A,N,10.0,23RD ST,F,,A,8/2/2024 12:23:34 PM,2/6/2025 9:02:33 AM,,,2,,,,,,,