collision-id,report-number,report-version,is-preliminary,ncic-code,crash-date-time,crash-time-description,beat,city-id,city-code,city-name,county-code,city-is-active,city-is-incorporated,collision-type-code,collision-type-description,collision-type-other-desc,day-of-week,dispatch-notified,has-photographs,hit-run,is-attachments-mailed,is-deleted,is-highway-related,is-tow-away,judicial-district,motor-vehicle-involved-with-code,motor-vehicle-involved-with-desc,motor-vehicle-involved-with-other-desc,number-injured,number-killed,weather-1,weather-2,road-condition-1,road-condition-2,special-condition-lighting-code,lighting-description,latitude,longitude,milepost-direction,milepost-distance,milepost-marker,milepost-unit-of-measure,pedestrian-action-code,pedestrian-action-desc,prepared-date,primary-collision-factor-code,primary-collision-factor-violation,primary-collision-factor-is-cited,primary-collision-party-number,primary-road,reporting-district,reporting-district-code,reviewed-date,roadway-surface-code,secondary-direction,secondary-distance,secondary-road,secondary-unit-of-measure,sketch-desc,traffic-control-device-code,created-date,modified-date,is-county-road,is-freeway,chp-555-version,is-additonal-object-struck,notification-date,notification-time-description,has-digital-media-files,evidence-number,is-location-refer-to-narrative,is-aoi-one-same-as-location
3361918,18-008021,2,False,0109,2/14/2018 11:42:00 PM,2342,34X,14,109,Oakland,1,True,True,H,OTHER,,Wednesday,,,M,,False,False,True,,,,,0,0,CLEAR,,NO UNUSUAL CONDITIONS - NO UNUSUAL CONDITIONS,,C,DARK-STREET LIGHTS,,,,,,,,,,A,22107,,1,94TH AV,2,,,A,N,15.0,CHERRY AV,F,,D,8/2/2024 12:23:33 PM,2/6/2025 9:02:33 AM,,,2,,,,,,,
3361914,18-008024,2,False,0109,2/14/2018 12:30:00 AM,30,31X,14,109,Oakland,1,True,True,C,REAR END,,Wednesday,,,M,,False,False,False,,C,OTHER MOTOR VEHICLE,,0,0,,,,,C,DARK-STREET LIGHTS,,,,,,,,,,A,22107,,1,BERNHARDT DR,2,,,A,E,10.0,ISLETON AV,F,,D,8/2/2024 12:23:33 PM,2/6/2025 9:02:33 AM,,,2,,,,,,,
3361910,18-006236,2,False,0109,2/4/2018 6:00:00 AM,600,21X,14,109,Oakland,1,True,True,B,SIDE SWIPE,,Sunday,,,M,,False,False,False,,E,PARKED MOTOR VEHICLE,,0,0,CLEAR,,NO UNUSUAL CONDITIONS - NO UNUSUAL CONDITIONS,,A,DAYLIGHT,,,,,,,,,,A,22107,,1,23RD AV,1,,,A,,,20TH ST,,,A,8/2/2024 12:23:32 PM,2/6/2025 9:02:33 AM,,,2,,,,,,,
3361908,18-000502,2,False,0109,1/3/2018 5:57:00 PM,1757,29X,14,109,Oakland,1,True,True,D,BROADSIDE,,Wednesday,,,,,False,False,False,,G,BICYCLE,,1,0,CLOUDY,RAINING,NO UNUSUAL CONDITIONS - NO UNUSUAL CONDITIONS,,C,DARK-STREET LIGHTS,,,,,,,A,NO PEDESTRIANS INVOLVED,,A,21453A,,1,SEMINARY AV,2,,,B,,,BANCROFT AV,,,A,8/2/2024 12:23:32 PM,2/6/2025 9:02:33 AM,,,2,,,,,,,
3361906,18-006521,2,False,0109,2/5/2018 4:24:00 PM,1624,24X,14,109,Oakland,1,True,True,B,SIDE SWIPE,,Monday,,,M,,False,False,False,,E,PARKED MOTOR VEHICLE,,0,0,CLEAR,,NO UNUSUAL CONDITIONS - NO UNUSUAL CONDITIONS,,A,DAYLIGHT,,,,,,,,,,A,22107,,1,BROOKDALE AV,2,,,A,E,20.0,MINNA AV,F,,D,8/2/2024 12:23:32 PM,2/6/2025 9:02:33 AM,,,2,,,,,,,
3361904,18-003730,2,False,0109,1/21/2018 4:30:00 PM,1630,28X,14,109,Oakland,1,True,True,A,HEAD-ON,,Sunday,,,,,False,False,False,,B,PEDESTRIAN,,1,0,CLOUDY,,NO UNUSUAL CONDITIONS - NO UNUSUAL CONDITIONS,,A,DAYLIGHT,,,,,,,D,CROSSING - NOT IN CROSSWALK,,A,22350,,1,PIERSON ST,2,,,A,S,50.0,MORCOM AV,F,,D,8/2/2024 12:23:31 PM,2/6/2025 9:02:32 AM,,,2,,,,,,,
3361902,18-007397,2,False,0109,2/10/2018 3:48:00 AM,348,22X,14,109,Oakland,1,True,True,C,REAR END,,Saturday,,,M,,False,False,True,,E,PARKED MOTOR VEHICLE,,0,0,CLEAR,,NO UNUSUAL CONDITIONS - NO UNUSUAL CONDITIONS,,C,DARK-STREET LIGHTS,,,,,,,,,,A,22107,,1,MACARTHUR BL,1,,,A,W,200.0,LINCOLN AV,F,,D,8/2/2024 12:23:31 PM,2/6/2025 9:02:32 AM,,,2,,,,,,,
3361900,18-004498,2,False,0109,1/25/2018 3:42:00 PM,1542,25Y,14,109,Oakland,1,True,True,G,VEHICLE/PEDESTRAIN,,Thursday,,,M,,False,False,False,,,,,1,0,RAINING,,NO UNUSUAL CONDITIONS - NO UNUSUAL CONDITIONS,,A,DAYLIGHT,,,,,,,D,CROSSING - NOT IN CROSSWALK,,D,,,,SKYLINE BL,2,,,B,W,60.0,BALMORAL DR,F,,A,8/2/2024 12:23:31 PM,2/6/2025 9:02:32 AM,,,2,,,,,,,
3361899,18-007889,2,False,0109,2/13/2018 11:30:00 AM,1130,27Y,14,109,Oakland,1,True,True,D,BROADSIDE,,Tuesday,,,,,False,False,False,,C,OTHER MOTOR VEHICLE,,0,0,CLEAR,,NO UNUSUAL CONDITIONS - NO UNUSUAL CONDITIONS,,A,DAYLIGHT,,,,,,,,,,A,21802A,,1,INTERNATIONAL BL,2,,,A,,,52ND AV,,,B,8/2/2024 12:23:31 PM,2/6/2025 9:02:32 AM,,,2,,,,,,,
3361898,18-006435,2,False,0109,2/5/2018 10:27:00 AM,1027,15X,14,109,Oakland,1,True,True,A,HEAD-ON,,Monday,,,M,,False,False,False,,C,OTHER MOTOR VEHICLE,,0,0,CLEAR,,NO UNUSUAL CONDITIONS - NO UNUSUAL CONDITIONS,,A,DAYLIGHT,,,,,,,A,NO PEDESTRIANS INVOLVED,,A,22350,,1,WESLEY AV,1,,,A,S,50.0,CAPITAL ST,F,,D,8/2/2024 12:23:30 PM,2/6/2025 9:02:32 AM,,,2,,,,,,,
3361896,18-000313,2,False,0109,1/2/2018 6:15:00 PM,1815,30X,14,109,Oakland,1,True,True,G,VEHICLE/PEDESTRAIN,,Tuesday,,,F,,False,False,False,,B,PEDESTRIAN,,1,0,CLEAR,,NO UNUSUAL CONDITIONS - NO UNUSUAL CONDITIONS,,C,DARK-STREET LIGHTS,,,,,,,B,CROSSING IN CROSS WALK AT INTERSECTION,,A,21950A,,1,82ND AV,2,,,A,,,INTERNATIONAL BL,,,A,8/2/2024 12:23:30 PM,2/6/2025 9:02:32 AM,,,2,,,,,,,
3361895,18-008163,2,False,0109,2/14/2018 10:43:00 PM,2243,31X,14,109,Oakland,1,True,True,C,REAR END,,Wednesday,,,,,False,False,False,,C,OTHER MOTOR VEHICLE,,0,0,OTHER,,NO UNUSUAL CONDITIONS - NO UNUSUAL CONDITIONS,,D,DARK-NO STREET LIGHTS,,,,,,,,,,A,22350,,1,HEGENBERGER RD,2,,,A,N,50.0,PARDEE DR,F,,A,8/2/2024 12:23:30 PM,2/6/2025 9:02:32 AM,,,2,,,,,,,
3361894,18-008345,2,False,0109,2/15/2018 10:58:00 PM,2258,21Y,14,109,Oakland,1,True,True,E,HIT OBJECT,,Thursday,,,F,,False,False,False,,,,,0,0,CLEAR,,NO UNUSUAL CONDITIONS - NO UNUSUAL CONDITIONS,,C,DARK-STREET LIGHTS,,,,,,,,,,A,22107,,1,FRUITVALE AV,1,,,A,N,80.0,DAVIS AV,F,,D,8/2/2024 12:23:30 PM,2/6/2025 9:02:32 AM,,,2,,,,,,,
3361815,18-006905,2,False,0109,2/7/2018 3:50:00 PM,1550,23X,14,109,Oakland,1,True,True,D,BROADSIDE,,Wednesday,,,M,,False,False,True,,E,PARKED MOTOR VEHICLE,,0,0,CLEAR,,NO UNUSUAL CONDITIONS - NO UNUSUAL CONDITIONS,,A,DAYLIGHT,,,,,,,,,,A,22350,,1,34TH AV,2,,,A,,,16TH ST,,,D,8/2/2024 12:23:17 PM,2/6/2025 9:02:28 AM,,,2,,,,,,,
3361743,18-019827,2,False,0109,4/20/2018 6:33:00 PM,1833,30X,14,109,Oakland,1,True,True,D,BROADSIDE,,Friday,,,M,,False,False,False,,C,OTHER MOTOR VEHICLE,,1,0,CLEAR,,NO UNUSUAL CONDITIONS - NO UNUSUAL CONDITIONS,,A,DAYLIGHT,,,,,,,A,NO PEDESTRIANS INVOLVED,,A,21801A,,1,BANCROFT AV,2,,,A,,,HAVENSCOURT BL,,,A,8/2/2024 12:23:07 PM,2/6/2025 9:02:24 AM,,,2,,,,,,,
3361637,18-019701,2,False,0109,4/20/2018 4:03:00 AM,403,30X,14,109,Oakland,1,True,True,B,SIDE SWIPE,,Friday,,,M,,False,False,False,,C,OTHER MOTOR VEHICLE,,0,0,CLEAR,,NO UNUSUAL CONDITIONS - NO UNUSUAL CONDITIONS,,C,DARK-STREET LIGHTS,,,,,,,,,,A,22107,,1,BANCROFT AV,2,,,A,W,20.0,76TH AV,F,,D,8/2/2024 12:22:51 PM,2/6/2025 9:02:18 AM,,,2,,,,,,,
3361210,18-018899,2,False,0109,4/15/2018 6:58:00 PM,1858,35X,14,109,Oakland,1,True,True,C,REAR END,,Sunday,,,M,,False,False,False,,C,OTHER MOTOR VEHICLE,,0,0,CLEAR,,NO UNUSUAL CONDITIONS - NO UNUSUAL CONDITIONS,,B,DUSK-DAWN,,,,,,,A,NO PEDESTRIANS INVOLVED,,A,22450A,,1,GOLF LINKS RD,2,,,B,,,EL MONTE AV,,,A,8/2/2024 12:21:42 PM,2/6/2025 9:01:55 AM,,,2,,,,,,,
3361194,18-017309,2,False,0109,4/7/2018 12:29:00 AM,29,27Y,14,109,Oakland,1,True,True,A,HEAD-ON,,Saturday,,,M,,False,False,False,,E,PARKED MOTOR VEHICLE,,0,0,RAINING,,NO UNUSUAL CONDITIONS - NO UNUSUAL CONDITIONS,,D,DARK-NO STREET LIGHTS,,,,,,,A,NO PEDESTRIANS INVOLVED,,A,22107,,1,17TH ST,2,,,B,W,7.0,64TH AV,F,,A,8/2/2024 12:21:40 PM,2/6/2025 9:01:55 AM,,,2,,,,,,,
3361190,18-017478,2,False,0109,4/7/2018 10:22:00 PM,2222,35X,14,109,Oakland,1,True,True,E,HIT OBJECT,,Saturday,,,M,,False,False,True,,I,FIXED OBJECT,,0,0,CLEAR,,NO UNUSUAL CONDITIONS - NO UNUSUAL CONDITIONS,,C,DARK-STREET LIGHTS,,,,,,,A,NO PEDESTRIANS INVOLVED,,A,22107,,1,MACARTHUR BL,2,,,A,E,10.0,84TH AV,F,,D,8/2/2024 12:21:40 PM,2/6/2025 9:01:55 AM,,,2,,,,,,,
3361186,18-017479,2,False,0109,4/7/2018 10:30:00 PM,2230,20X,14,109,Oakland,1,True,True,D,BROADSIDE,,Saturday,,,M,,False,False,True,,C,OTHER MOTOR VEHICLE,,0,0,CLEAR,,NO UNUSUAL CONDITIONS - NO UNUSUAL CONDITIONS,,C,DARK-STREET LIGHTS,,,,,,,A,NO PEDESTRIANS INVOLVED,,A,22350,,1,EAST 16TH ST,1,,,A,,,29TH AV,,,A,8/2/2024 12:21:39 PM,2/6/2025 9:01:54 AM,,,2,,,,,,,
3361182,18-021139,2,False,0109,4/27/2018 4:18:00 PM,1618,02X,14,109,Oakland,1,True,True,A,HEAD-ON,,Friday,,,M,,False,False,False,,I,FIXED OBJECT,,0,0,CLEAR,,NO UNUSUAL CONDITIONS - NO UNUSUAL CONDITIONS,,A,DAYLIGHT,,,,,,,A,NO PEDESTRIANS INVOLVED,,A,22107,,1,FILBERT ST,1,,,A,,,10TH ST,,,D,8/2/2024 12:21:39 PM,2/6/2025 9:01:54 AM,,,2,,,,,,,
3361164,18-022523,2,False,0109,5/5/2018 10:17:00 AM,1017,20X,14,109,Oakland,1,True,True,C,REAR END,,Saturday,,,M,,False,False,False,,C,OTHER MOTOR VEHICLE,,0,0,CLOUDY,,NO UNUSUAL CONDITIONS - NO UNUSUAL CONDITIONS,,A,DAYLIGHT,,,,,,,A,NO PEDESTRIANS INVOLVED,,A,21703,,1,FRUITVALE AV,1,,,A,,,E 15TH ST,,,A,8/2/2024 12:21:36 PM,2/6/2025 9:01:53 AM,,,2,,,,,,,
3361160,18-023706,2,False,0109,5/11/2018 12:28:00 PM,1228,30X,14,109,Oakland,1,True,True,A,HEAD-ON,,Friday,,,M,,False,False,True,,E,PARKED MOTOR VEHICLE,,0,0,CLEAR,,NO UNUSUAL CONDITIONS - NO UNUSUAL CONDITIONS,,A,DAYLIGHT,,,,,,,A,NO PEDESTRIANS INVOLVED,,A,22107,,1,ARTHUR ST,2,,,A,E,200.0,73RD AV,F,,D,8/2/2024 12:21:36 PM,2/6/2025 9:01:53 AM,,,2,,,,,,,
3361159,18-017671,2,False,0109,4/9/2018 5:30:00 AM,530,14X,14,109,Oakland,1,True,True,D,BROADSIDE,,Monday,,,M,,False,False,False,,D,MOTOR VEHICLE ON OTHER ROADWAY,,0,0,CLEAR,,NO UNUSUAL CONDITIONS - NO UNUSUAL CONDITIONS,,B,DUSK-DAWN,,,,,,,A,NO PEDESTRIANS INVOLVED,,A,21453A,,1,SANTA CLARA AV,1,,,A,,,OAKLAND AV,,,A,8/2/2024 12:21:36 PM,2/6/2025 9:01:53 AM,,,2,,,,,,,
3361155,18-018021,2,False,0109,4/10/2018 5:33:00 PM,1733,27X,14,109,Oakland,1,True,True,D,BROADSIDE,,Tuesday,,,M,,False,False,False,,C,OTHER MOTOR VEHICLE,,0,0,CLEAR,,NO UNUSUAL CONDITIONS - NO UNUSUAL CONDITIONS,,A,DAYLIGHT,,,,,,,A,NO PEDESTRIANS INVOLVED,,A,22350,,1,HOLWAY ST,2,,,A,W,30.0,62ND AV,F,,A,8/2/2024 12:21:35 PM,2/6/2025 9:01:53 AM,,,2,,,,,,,
3361003,18-022533,2,False,0109,5/5/2018 11:59:00 AM,1159,16X,14,109,Oakland,1,True,True,A,HEAD-ON,,Saturday,,,,,False,False,False,,B,PEDESTRIAN,,1,0,CLOUDY,,NO UNUSUAL CONDITIONS - NO UNUSUAL CONDITIONS,,A,DAYLIGHT,,,,,,,B,CROSSING IN CROSS WALK AT INTERSECTION,,A,21950A,,1,BEAUMONT AV,1,,,A,S,3.0,PARK BL,F,,D,8/2/2024 12:21:12 PM,2/6/2025 9:01:44 AM,,,2,,,,,,,
3360999,18-021833,2,False,0109,5/1/2018 7:01:00 PM,1901,06X,14,109,Oakland,1,True,True,H,OTHER,,Tuesday,,,,,False,False,False,,G,BICYCLE,,1,0,CLEAR,,NO UNUSUAL CONDITIONS - NO UNUSUAL CONDITIONS,,A,DAYLIGHT,,,,,,,A,NO PEDESTRIANS INVOLVED,,A,22517,,1,SAN PABLO AV,1,,,A,S,50.0,WEST ST,F,,D,8/2/2024 12:21:11 PM,2/6/2025 9:01:44 AM,,,2,,,,,,,
3360987,18-019451,2,False,0109,4/18/2018 4:44:00 PM,1644,26Y,14,109,Oakland,1,True,True,H,OTHER,,Wednesday,,,,,False,False,False,,B,PEDESTRIAN,,1,0,CLEAR,,NO UNUSUAL CONDITIONS - NO UNUSUAL CONDITIONS,,A,DAYLIGHT,,,,,,,D,CROSSING - NOT IN CROSSWALK,,A,21950B,,1,69TH AV,2,,,A,W,5.0,HAWLEY ST,F,,A,8/2/2024 12:21:09 PM,2/6/2025 9:01:43 AM,,,2,,,,,,,
3360986,18-008008,2,False,0109,2/13/2018 11:05:00 PM,2305,06X,14,109,Oakland,1,True,True,D,BROADSIDE,,Tuesday,,,,,False,False,True,,C,OTHER MOTOR VEHICLE,,1,0,CLEAR,,NO UNUSUAL CONDITIONS - NO UNUSUAL CONDITIONS,,C,DARK-STREET LIGHTS,,,,,,,A,NO PEDESTRIANS INVOLVED,,A,22450A,,,WEST ST,1,,,A,,,36TH ST,,,A,8/2/2024 12:21:09 PM,2/6/2025 9:01:43 AM,,,2,,,,,,,
3360984,18-008276,2,False,0109,2/15/2018 1:57:00 PM,1357,20X,14,109,Oakland,1,True,True,B,SIDE SWIPE,,Thursday,,,,,False,False,False,,C,OTHER MOTOR VEHICLE,,5,0,CLEAR,,NO UNUSUAL CONDITIONS - NO UNUSUAL CONDITIONS,,A,DAYLIGHT,,,,,,,B,CROSSING IN CROSS WALK AT INTERSECTION,,A,22350,,1,EAST 12TH ST,1,,,A,W,10.0,22ND AV,F,,A,8/2/2024 12:21:09 PM,2/6/2025 9:01:43 AM,,,2,,,,,,,
3360983,18-019333,2,False,0109,4/17/2018 9:50:00 AM,950,32X,14,109,Oakland,1,True,True,A,HEAD-ON,,Tuesday,,,,,False,False,False,,I,FIXED OBJECT,,1,0,CLEAR,,NO UNUSUAL CONDITIONS - NO UNUSUAL CONDITIONS,,A,DAYLIGHT,,,,,,,A,NO PEDESTRIANS INVOLVED,,A,22107,,1,PONTIAC ST,2,,,A,,,105TH AV,,,A,8/2/2024 12:21:09 PM,2/6/2025 9:01:43 AM,,,2,,,,,,,
3360980,18-019727,2,False,0109,4/20/2018 9:34:00 AM,934,03X,14,109,Oakland,1,True,True,D,BROADSIDE,,Friday,,,,,False,False,False,,C,OTHER MOTOR VEHICLE,,1,0,CLEAR,,NO UNUSUAL CONDITIONS - NO UNUSUAL CONDITIONS,,A,DAYLIGHT,,,,,,,A,NO PEDESTRIANS INVOLVED,,A,21453A,,,6TH ST,1,,,A,,,JACKSON ST,,,A,8/2/2024 12:21:08 PM,2/6/2025 9:01:43 AM,,,2,,,,,,,
3360979,18-007680,2,False,0109,2/12/2018 6:35:00 AM,635,03X,14,109,Oakland,1,True,True,G,VEHICLE/PEDESTRAIN,,Monday,,,,,False,False,False,,G,BICYCLE,,1,0,CLEAR,,NO UNUSUAL CONDITIONS - NO UNUSUAL CONDITIONS,,B,DUSK-DAWN,,,,,,,B,CROSSING IN CROSS WALK AT INTERSECTION,,D,,,,7TH ST,1,,,A,,,WEBSTER,,,A,8/2/2024 12:21:08 PM,2/6/2025 9:01:43 AM,,,2,,,,,,,
3360976,18-019705,2,False,0109,4/20/2018 8:04:00 AM,804,32X,14,109,Oakland,1,True,True,D,BROADSIDE,,Friday,,,,,False,False,False,,C,OTHER MOTOR VEHICLE,,1,0,CLEAR,,NO UNUSUAL CONDITIONS - NO UNUSUAL CONDITIONS,,A,DAYLIGHT,,,,,,,A,NO PEDESTRIANS INVOLVED,,A,21802A,,1,102ND AV,2,,,A,,,PLYMOUTH ST,,,A,8/2/2024 12:21:08 PM,2/6/2025 9:01:43 AM,,,2,,,,,,,
3360975,18-008262,2,False,0109,2/15/2018 1:05:00 PM,1305,02X,14,109,Oakland,1,True,True,D,BROADSIDE,,Thursday,,,,,False,False,True,,C,OTHER MOTOR VEHICLE,,1,0,CLEAR,,NO UNUSUAL CONDITIONS - NO UNUSUAL CONDITIONS,,A,DAYLIGHT,,,,,,,A,NO PEDESTRIANS INVOLVED,,A,22350,,1,MARKET ST,1,,,A,,,12TH ST,,,A,8/2/2024 12:21:07 PM,2/6/2025 9:01:43 AM,,,2,,,,,,,
3360971,18-006145,2,False,0109,2/4/2018 3:52:00 PM,1552,14X,14,109,Oakland,1,True,True,D,BROADSIDE,,Sunday,,,,,False,False,False,,G,BICYCLE,,1,0,CLEAR,,NO UNUSUAL CONDITIONS - NO UNUSUAL CONDITIONS,,A,DAYLIGHT,,,,,,,A,NO PEDESTRIANS INVOLVED,,A,22107,,1,GRAND AV,1,,,A,N,50.0,EL EMBARCADERO,F,,A,8/2/2024 12:21:07 PM,2/6/2025 9:01:43 AM,,,2,,,,,,,
3360967,18-006740,2,False,0109,2/6/2018 8:13:00 PM,2013,28X,14,109,Oakland,1,True,True,B,SIDE SWIPE,,Tuesday,,,,,False,False,False,,G,BICYCLE,,2,0,CLEAR,,NO UNUSUAL CONDITIONS - NO UNUSUAL CONDITIONS,,C,DARK-STREET LIGHTS,,,,,,,A,NO PEDESTRIANS INVOLVED,,A,22107,,1,HIGH ST,2,,,A,,,REDDING ST,,,A,8/2/2024 12:21:06 PM,2/6/2025 9:01:41 AM,,,2,,,,,,,
3360964,18-006923,2,False,0109,2/7/2018 4:46:00 PM,1646,02X,14,109,Oakland,1,True,True,D,BROADSIDE,,Wednesday,,,,,False,False,False,,C,OTHER MOTOR VEHICLE,,1,0,CLEAR,,NO UNUSUAL CONDITIONS - NO UNUSUAL CONDITIONS,,A,DAYLIGHT,,,,,,,A,NO PEDESTRIANS INVOLVED,,A,21453A,,,5TH ST,1,,,A,,,ADELINE ST,,,A,8/2/2024 12:21:06 PM,2/6/2025 9:01:41 AM,,,2,,,,,,,
3360960,18-007074,2,False,0109,2/8/2018 10:53:00 AM,1053,25X,14,109,Oakland,1,True,True,B,SIDE SWIPE,,Thursday,,,,,False,False,False,,C,OTHER MOTOR VEHICLE,,1,0,CLEAR,,NO UNUSUAL CONDITIONS - NO UNUSUAL CONDITIONS,,A,DAYLIGHT,,,,,,,A,NO PEDESTRIANS INVOLVED,,A,21802A,,1,HIGH ST,2,,,A,,,HYACINTH AV,,,A,8/2/2024 12:21:05 PM,2/6/2025 9:01:41 AM,,,2,,,,,,,
3360957,18-007363,2,False,0109,2/9/2018 9:55:00 PM,2155,08X,14,109,Oakland,1,True,True,D,BROADSIDE,,Friday,,,,,False,False,True,,C,OTHER MOTOR VEHICLE,,1,0,CLEAR,,NO UNUSUAL CONDITIONS - NO UNUSUAL CONDITIONS,,C,DARK-STREET LIGHTS,,,,,,,A,NO PEDESTRIANS INVOLVED,,A,21801A,,1,NORTHGATE,1,,,A,,,23RD ST,,,A,8/2/2024 12:21:05 PM,2/6/2025 9:01:40 AM,,,2,,,,,,,
3360955,18-012508,2,False,0109,3/10/2018 1:31:00 PM,1331,02Y,14,109,Oakland,1,True,True,E,HIT OBJECT,,Saturday,,,M,,False,False,False,,I,FIXED OBJECT,,0,0,CLEAR,,NO UNUSUAL CONDITIONS - NO UNUSUAL CONDITIONS,,A,DAYLIGHT,,,,,,,A,NO PEDESTRIANS INVOLVED,,A,22107,,1,PINE ST,1,,,A,N,2.0,8TH ST,F,,A,8/2/2024 12:21:04 PM,2/6/2025 9:01:40 AM,,,2,,,,,,,
3360953,18-005881,2,False,0109,2/2/2018 5:45:00 AM,545,19X,14,109,Oakland,1,True,True,A,HEAD-ON,,Friday,,,M,,False,True,False,,C,OTHER MOTOR VEHICLE,,2,0,CLEAR,,NO UNUSUAL CONDITIONS - NO UNUSUAL CONDITIONS,,D,DARK-NO STREET LIGHTS,,,,,,,A,NO PEDESTRIANS INVOLVED,,A,22450A,,1,EMBARCADERO,1,,,A,S,3.0,RT 880,F,,D,8/2/2024 12:21:04 PM,2/6/2025 9:01:40 AM,,,2,,,,,,,
3360950,18-006483,2,False,0109,2/5/2018 2:37:00 PM,1437,30X,14,109,Oakland,1,True,True,A,HEAD-ON,,Monday,,,M,,False,False,False,,C,OTHER MOTOR VEHICLE,,1,0,CLEAR,,NO UNUSUAL CONDITIONS - NO UNUSUAL CONDITIONS,,A,DAYLIGHT,,,,,,,A,NO PEDESTRIANS INVOLVED,,A,21650,,1,79TH AV,2,,,A,,,INTERNATIONAL BL,,,D,8/2/2024 12:21:03 PM,2/6/2025 9:01:40 AM,,,2,,,,,,,
3360946,18-010641,2,False,0109,2/28/2018 1:56:00 PM,1356,07X,14,109,Oakland,1,True,True,D,BROADSIDE,,Wednesday,,,M,,False,False,False,,C,OTHER MOTOR VEHICLE,,1,0,CLOUDY,,NO UNUSUAL CONDITIONS - NO UNUSUAL CONDITIONS,,A,DAYLIGHT,,,,,,,A,NO PEDESTRIANS INVOLVED,,A,22450A,,1,36TH ST,1,,,A,,,ADELINE ST,,,A,8/2/2024 12:21:03 PM,2/6/2025 9:01:40 AM,,,2,,,,,,,
3360944,18-008010,2,False,0109,2/13/2018 10:47:00 PM,2247,30X,14,109,Oakland,1,True,True,A,HEAD-ON,,Tuesday,,,M,,False,False,True,,I,FIXED OBJECT,,1,0,CLEAR,,NO UNUSUAL CONDITIONS - NO UNUSUAL CONDITIONS,,C,DARK-STREET LIGHTS,,,,,,,A,NO PEDESTRIANS INVOLVED,,A,22107,,1,73RD AV,2,,,A,,,BANCROFT AV,,,A,8/2/2024 12:21:02 PM,2/6/2025 9:01:40 AM,,,2,,,,,,,
3360943,18-006913,2,False,0109,2/7/2018 3:52:00 PM,1552,18Y,14,109,Oakland,1,True,True,C,REAR END,,Wednesday,,,M,,False,False,False,,E,PARKED MOTOR VEHICLE,,3,0,CLEAR,,NO UNUSUAL CONDITIONS - NO UNUSUAL CONDITIONS,,A,DAYLIGHT,,,,,,,A,NO PEDESTRIANS INVOLVED,,A,22107,,1,22ND AV,1,,,A,S,30.0,28TH ST,F,,D,8/2/2024 12:21:02 PM,2/6/2025 9:01:40 AM,,,2,,,,,,,
3360938,18-018891 4163,2,False,0109,4/15/2018 8:05:00 PM,2005,10X,14,109,Oakland,1,True,True,D,BROADSIDE,,Sunday,,,,,False,False,False,,C,OTHER MOTOR VEHICLE,,1,0,CLEAR,,NO UNUSUAL CONDITIONS - NO UNUSUAL CONDITIONS,,C,DARK-STREET LIGHTS,,,,,,,A,NO PEDESTRIANS INVOLVED,,A,21453A,,1,MARTIN LUTHER KING JR WY,1,,,B,,,52ND ST,,,A,8/2/2024 12:21:01 PM,2/6/2025 9:01:39 AM,,,2,,,,,,,
3360935,18-018904 4164,2,False,0109,4/15/2018 10:05:00 PM,2205,06X,14,109,Oakland,1,True,True,D,BROADSIDE,,Sunday,,,,,False,False,False,,C,OTHER MOTOR VEHICLE,,1,0,CLEAR,,NO UNUSUAL CONDITIONS - NO UNUSUAL CONDITIONS,,C,DARK-STREET LIGHTS,,,,,,,A,NO PEDESTRIANS INVOLVED,,A,21453A,,1,36TH ST,1,,,A,,,WEST ST,,,A,8/2/2024 12:21:01 PM,2/6/2025 9:01:39 AM,,,2,,,,,,,
3360933,18-007355,2,False,0109,2/9/2018 9:03:00 PM,2103,17X,14,109,Oakland,1,True,True,G,VEHICLE/PEDESTRAIN,,Friday,,,M,,False,False,False,,B,PEDESTRIAN,,1,0,CLEAR,,NO UNUSUAL CONDITIONS - NO UNUSUAL CONDITIONS,,D,DARK-NO STREET LIGHTS,,,,,,,B,CROSSING IN CROSS WALK AT INTERSECTION,,A,22450A,,1,14TH AV,1,,,A,,,EAST 18TH ST,,,A,8/2/2024 12:21:01 PM,2/6/2025 9:01:39 AM,,,2,,,,,,,
3360932,18-018869 4165,2,False,0109,4/15/2018 5:20:00 PM,1720,06X,14,109,Oakland,1,True,True,B,SIDE SWIPE,,Sunday,,,,,False,False,False,,C,OTHER MOTOR VEHICLE,,1,0,CLOUDY,RAINING,CONSTRUCTION-REPAIR ZONE - CONSTRUCTION-REPAIR ZONE,,A,DAYLIGHT,,,,,,,A,NO PEDESTRIANS INVOLVED,,A,21800A,,1,34TH ST,1,,,B,,,MARKET ST,,,D,8/2/2024 12:21:00 PM,2/6/2025 9:01:39 AM,,,2,,,,,,,
3360929,18-018844 4166,2,False,0109,4/15/2018 2:55:00 PM,1455,13X,14,109,Oakland,1,True,True,C,REAR END,,Sunday,,,,,False,False,False,,C,OTHER MOTOR VEHICLE,,1,0,CLOUDY,,NO UNUSUAL CONDITIONS - NO UNUSUAL CONDITIONS,,A,DAYLIGHT,,,,,,,A,NO PEDESTRIANS INVOLVED,,A,21703,,1,GRIZZLY PEAK BL,1,,,A,E,550.0,MARLBOROUGH TER,F,,D,8/2/2024 12:21:00 PM,2/6/2025 9:01:39 AM,,,2,,,,,,,
3360926,18-019047 4168,2,False,0109,4/16/2018 3:48:00 PM,1548,22X,14,109,Oakland,1,True,True,C,REAR END,,Monday,,,,,False,False,False,,C,OTHER MOTOR VEHICLE,,1,0,CLEAR,,NO UNUSUAL CONDITIONS - NO UNUSUAL CONDITIONS,,A,DAYLIGHT,,,,,,,A,NO PEDESTRIANS INVOLVED,,A,21703,,1,MONTANA ST,1,,,A,E,30.0,COOLIDGE AV,F,,A,8/2/2024 12:21:00 PM,2/6/2025 9:01:39 AM,,,2,,,,,,,
3360925,18-007494,2,False,0109,2/10/2018 5:58:00 PM,1758,03X,14,109,Oakland,1,True,True,B,SIDE SWIPE,,Saturday,,,,,False,False,False,,C,OTHER MOTOR VEHICLE,,1,0,CLEAR,,NO UNUSUAL CONDITIONS - NO UNUSUAL CONDITIONS,,C,DARK-STREET LIGHTS,,,,,,,A,NO PEDESTRIANS INVOLVED,,A,21453A,,1,12TH ST,1,,,A,,,CASTRO ST,,,A,8/2/2024 12:20:59 PM,2/6/2025 9:01:39 AM,,,2,,,,,,,