collision-id,report-number,report-version,is-preliminary,ncic-code,crash-date-time,crash-time-description,beat,city-id,city-code,city-name,county-code,city-is-active,city-is-incorporated,collision-type-code,collision-type-description,collision-type-other-desc,day-of-week,dispatch-notified,has-photographs,hit-run,is-attachments-mailed,is-deleted,is-highway-related,is-tow-away,judicial-district,motor-vehicle-involved-with-code,motor-vehicle-involved-with-desc,motor-vehicle-involved-with-other-desc,number-injured,number-killed,weather-1,weather-2,road-condition-1,road-condition-2,special-condition-lighting-code,lighting-description,latitude,longitude,milepost-direction,milepost-distance,milepost-marker,milepost-unit-of-measure,pedestrian-action-code,pedestrian-action-desc,prepared-date,primary-collision-factor-code,primary-collision-factor-violation,primary-collision-factor-is-cited,primary-collision-party-number,primary-road,reporting-district,reporting-district-code,reviewed-date,roadway-surface-code,secondary-direction,secondary-distance,secondary-road,secondary-unit-of-measure,sketch-desc,traffic-control-device-code,created-date,modified-date,is-county-road,is-freeway,chp-555-version,is-additonal-object-struck,notification-date,notification-time-description,has-digital-media-files,evidence-number,is-location-refer-to-narrative,is-aoi-one-same-as-location
3374332,18-025807,2,False,0109,5/23/2018 7:10:00 AM,710,32Y,14,109,Oakland,1,True,True,D,BROADSIDE,,Wednesday,,,,,False,False,False,,C,OTHER MOTOR VEHICLE,,0,0,CLEAR,,NO UNUSUAL CONDITIONS - NO UNUSUAL CONDITIONS,,A,DAYLIGHT,,,,,,,A,NO PEDESTRIANS INVOLVED,,A,21801A,,1,MACARTHUR BL,2,,,A,,,106TH AV,,,A,8/2/2024 12:57:14 PM,2/6/2025 9:14:52 AM,,,2,,,,,,,
3374330,18-023391,2,False,0109,5/10/2018 7:00:00 AM,700,01X,14,109,Oakland,1,True,True,B,SIDE SWIPE,,Thursday,,,,,False,False,False,,,,,0,0,CLEAR,,OTHER* - OTHER*,,A,DAYLIGHT,,,,,,,A,NO PEDESTRIANS INVOLVED,,D,,,,4TH ST,1,,,A,W,40.0,FRANKLIN ST,F,,D,8/2/2024 12:57:13 PM,2/6/2025 9:14:52 AM,,,2,,,,,,,
3374329,18-022664,2,False,0109,5/6/2018 2:10:00 AM,210,17X,14,109,Oakland,1,True,True,A,HEAD-ON,,Sunday,,,,,False,False,False,,I,FIXED OBJECT,,0,0,CLEAR,,NO UNUSUAL CONDITIONS - NO UNUSUAL CONDITIONS,,C,DARK-STREET LIGHTS,,,,,,,A,NO PEDESTRIANS INVOLVED,,A,22107,,1,5TH AV,1,,,A,E,5.0,18TH ST,F,,A,8/2/2024 12:57:13 PM,2/6/2025 9:14:52 AM,,,2,,,,,,,
3374324,18-023755,2,False,0109,5/12/2018 1:20:00 AM,120,03X,14,109,Oakland,1,True,True,D,BROADSIDE,,Saturday,,,M,,False,False,False,,C,OTHER MOTOR VEHICLE,,0,0,CLEAR,,NO UNUSUAL CONDITIONS - NO UNUSUAL CONDITIONS,,C,DARK-STREET LIGHTS,,,,,,,A,NO PEDESTRIANS INVOLVED,,A,21657,,1,8TH ST,1,,,A,,,JACKSON ST,,,A,8/2/2024 12:57:12 PM,2/6/2025 9:14:52 AM,,,2,,,,,,,
3374320,18-023304,2,False,0109,5/9/2018 5:50:00 PM,1750,27X,14,109,Oakland,1,True,True,D,BROADSIDE,,Wednesday,,,M,,False,False,True,,C,OTHER MOTOR VEHICLE,,0,0,CLEAR,,NO UNUSUAL CONDITIONS - NO UNUSUAL CONDITIONS,,A,DAYLIGHT,,,,,,,A,NO PEDESTRIANS INVOLVED,,A,22350,,1,50TH AV,2,,,A,,,YGNACIO AV,,,A,8/2/2024 12:57:12 PM,2/6/2025 9:14:52 AM,,,2,,,,,,,
3374316,18-023515,2,False,0109,5/10/2018 3:50:00 PM,1550,04X,14,109,Oakland,1,True,True,C,REAR END,,Thursday,,,M,,False,False,False,,C,OTHER MOTOR VEHICLE,,0,0,CLEAR,,NO UNUSUAL CONDITIONS - NO UNUSUAL CONDITIONS,,A,DAYLIGHT,,,,,,,A,NO PEDESTRIANS INVOLVED,,A,21703,,1,TELEGRAPH AV,1,,,A,N,20.0,16TH ST,F,,A,8/2/2024 12:57:11 PM,2/6/2025 9:14:51 AM,,,2,,,,,,,
3374312,18-023544,2,False,0109,5/10/2018 5:42:00 PM,1742,01X,14,109,Oakland,1,True,True,D,BROADSIDE,,Thursday,,,,,False,False,False,,C,OTHER MOTOR VEHICLE,,0,0,CLEAR,,NO UNUSUAL CONDITIONS - NO UNUSUAL CONDITIONS,,A,DAYLIGHT,,,,,,,A,NO PEDESTRIANS INVOLVED,,A,,,,4TH ST,1,,,A,,,BROADWAY,,,A,8/2/2024 12:57:10 PM,2/6/2025 9:14:51 AM,,,2,,,,,,,
3374308,18-022766,2,False,0109,5/6/2018 5:37:00 PM,1737,24X,14,109,Oakland,1,True,True,A,HEAD-ON,,Sunday,,,,,False,False,False,,C,OTHER MOTOR VEHICLE,,0,0,CLEAR,,,,A,DAYLIGHT,,,,,,,A,NO PEDESTRIANS INVOLVED,,A,22350,,1,HIGH ST,2,,,A,,,FOOTHILL BL,,,A,8/2/2024 12:57:10 PM,2/6/2025 9:14:51 AM,,,2,,,,,,,
3374304,18-024271,2,False,0109,5/14/2018 10:58:00 PM,2258,31X,14,109,Oakland,1,True,True,C,REAR END,,Monday,,,,,False,True,False,,C,OTHER MOTOR VEHICLE,,0,0,CLEAR,,NO UNUSUAL CONDITIONS - NO UNUSUAL CONDITIONS,,C,DARK-STREET LIGHTS,,,,,,,A,NO PEDESTRIANS INVOLVED,,A,22350,,1,98TH AV,2,,,A,,,RT 880,,,A,8/2/2024 12:57:09 PM,2/6/2025 9:14:51 AM,,,2,,,,,,,
3374300,18-026844,2,False,0109,5/29/2018 11:27:00 AM,1127,03X,14,109,Oakland,1,True,True,D,BROADSIDE,,Tuesday,,,,,False,False,False,,,,,0,0,CLEAR,,NO UNUSUAL CONDITIONS - NO UNUSUAL CONDITIONS,,A,DAYLIGHT,,,,,,,A,NO PEDESTRIANS INVOLVED,,A,21453A,,1,WEBSTER ST,1,,,A,,,13TH ST,,,A,8/2/2024 12:57:08 PM,2/6/2025 9:14:50 AM,,,2,,,,,,,
3374293,18-003075,2,False,0109,1/17/2018 6:15:00 PM,1815,13X,14,109,Oakland,1,True,True,D,BROADSIDE,,Wednesday,,,,,False,False,False,,C,OTHER MOTOR VEHICLE,,4,0,FOG/VISIBILITY,,NO UNUSUAL CONDITIONS - NO UNUSUAL CONDITIONS,,D,DARK-NO STREET LIGHTS,,,,,,,A,NO PEDESTRIANS INVOLVED,,A,21460A,,1,GRIZZLY PEAK BL,1,,,A,W,1.3,LOMAS CONTADAS,M,,A,8/2/2024 12:57:07 PM,2/6/2025 9:14:50 AM,,,2,,,,,,,
3374288,18-022964,2,False,0109,5/7/2018 5:55:00 PM,1755,26Y,14,109,Oakland,1,True,True,B,SIDE SWIPE,,Monday,,,M,,False,False,False,,E,PARKED MOTOR VEHICLE,,0,0,CLEAR,,,,A,DAYLIGHT,,,,,,,A,NO PEDESTRIANS INVOLVED,,A,22350,,1,78TH AV,2,,,A,N,50.0,RUDSDALE ST,F,,D,8/2/2024 12:57:07 PM,2/6/2025 9:14:50 AM,,,2,,,,,,,
3374277,18-028524,2,False,0109,6/7/2018 3:10:00 PM,1510,07X,14,109,Oakland,1,True,True,D,BROADSIDE,,Thursday,,,,,False,False,False,,E,PARKED MOTOR VEHICLE,,0,0,CLEAR,,NO UNUSUAL CONDITIONS - NO UNUSUAL CONDITIONS,,A,DAYLIGHT,,,,,,,A,NO PEDESTRIANS INVOLVED,,A,22107,,1,ETTIE ST,1,,,A,N,100.0,SOUTH CT,F,,D,8/2/2024 12:57:05 PM,2/6/2025 9:14:49 AM,,,2,,,,,,,
3374273,18-024044,2,False,0109,5/13/2018 12:15:00 PM,1215,26,14,109,Oakland,1,True,True,C,REAR END,,Sunday,,,,,False,False,False,,C,OTHER MOTOR VEHICLE,,1,0,CLEAR,,NO UNUSUAL CONDITIONS - NO UNUSUAL CONDITIONS,,A,DAYLIGHT,,,,,,,A,NO PEDESTRIANS INVOLVED,,A,22350,,1,INTERNATIONAL BL,2,,,A,W,5.0,66TH AV,F,,D,8/2/2024 12:57:04 PM,2/6/2025 9:14:49 AM,,,2,,,,,,,
3374269,18-023335,2,False,0109,5/9/2018 10:00:00 PM,2200,26X,14,109,Oakland,1,True,True,D,BROADSIDE,,Wednesday,,,M,,False,False,False,,C,OTHER MOTOR VEHICLE,,0,0,CLEAR,,NO UNUSUAL CONDITIONS - NO UNUSUAL CONDITIONS,,C,DARK-STREET LIGHTS,,,,,,,A,NO PEDESTRIANS INVOLVED,,A,21453A,,1,INTERNATIONAL BL,2,,,A,,,HIGH ST,,,A,8/2/2024 12:57:03 PM,2/6/2025 9:14:48 AM,,,2,,,,,,,
3374266,18-029523,2,False,0109,6/13/2018 11:42:00 AM,1142,22Y,14,109,Oakland,1,True,True,C,REAR END,,Wednesday,,,,,False,False,False,,E,PARKED MOTOR VEHICLE,,0,0,CLEAR,,NO UNUSUAL CONDITIONS - NO UNUSUAL CONDITIONS,,A,DAYLIGHT,,,,,,,A,NO PEDESTRIANS INVOLVED,,A,22515A,,1,LAUREL AV,1,,,A,S,20.0,MACARTHUR BL,F,,D,8/2/2024 12:57:03 PM,2/6/2025 9:14:48 AM,,,2,,,,,,,
3374264,18-022982,2,False,0109,5/7/2018 8:28:00 PM,2028,23X,14,109,Oakland,1,True,True,B,SIDE SWIPE,,Monday,,,M,,False,False,False,,E,PARKED MOTOR VEHICLE,,0,0,CLEAR,,NO UNUSUAL CONDITIONS - NO UNUSUAL CONDITIONS,,B,DUSK-DAWN,,,,,,,A,NO PEDESTRIANS INVOLVED,,A,22107,,1,FOOTHILL BL,2,,,A,W,15.0,35TH AV,F,,A,8/2/2024 12:57:02 PM,2/6/2025 9:14:48 AM,,,2,,,,,,,
3374262,18-023011,2,False,0109,5/8/2018 12:20:00 AM,20,07,14,109,Oakland,1,True,True,D,BROADSIDE,,Tuesday,,,M,,False,False,False,,C,OTHER MOTOR VEHICLE,,1,0,CLEAR,,NO UNUSUAL CONDITIONS - NO UNUSUAL CONDITIONS,,C,DARK-STREET LIGHTS,,,,,,,A,NO PEDESTRIANS INVOLVED,,A,22450A,,1,28TH ST,1,,,A,,,ADELINE ST,,,A,8/2/2024 12:57:02 PM,2/6/2025 9:14:48 AM,,,2,,,,,,,
3374260,18-022779,2,False,0109,5/6/2018 8:01:00 PM,2001,,14,109,Oakland,1,True,True,H,OTHER,,Sunday,,,M,,False,False,False,,C,OTHER MOTOR VEHICLE,,0,0,CLEAR,,NO UNUSUAL CONDITIONS - NO UNUSUAL CONDITIONS,,B,DUSK-DAWN,,,,,,,A,NO PEDESTRIANS INVOLVED,,A,22106,,1,E 28TH ST,1,,,A,E,150.0,22ND AV,F,,D,8/2/2024 12:57:02 PM,2/6/2025 9:14:48 AM,,,2,,,,,,,
3374258,18-021327 4845,2,False,0109,4/28/2018 6:30:00 PM,1830,03X,14,109,Oakland,1,True,True,G,VEHICLE/PEDESTRAIN,,Saturday,,,,,False,False,False,,B,PEDESTRIAN,,1,0,CLOUDY,,NO UNUSUAL CONDITIONS - NO UNUSUAL CONDITIONS,,A,DAYLIGHT,,,,,,,B,CROSSING IN CROSS WALK AT INTERSECTION,,A,22107,,1,WEBSTER ST,1,,,A,,,12TH ST,,,A,8/2/2024 12:57:01 PM,2/6/2025 9:14:48 AM,,,2,,,,,,,
3374256,18-026555,2,False,0109,5/27/2018 5:48:00 PM,1748,31X,14,109,Oakland,1,True,True,C,REAR END,,Sunday,,,,,False,False,False,,C,OTHER MOTOR VEHICLE,,0,0,CLEAR,,NO UNUSUAL CONDITIONS - NO UNUSUAL CONDITIONS,,A,DAYLIGHT,,,,,,,A,NO PEDESTRIANS INVOLVED,,A,23152A,,1,66TH AV,2,,,A,S,7.0,COLISEUM WY,F,,A,8/2/2024 12:57:01 PM,2/6/2025 9:14:48 AM,,,2,,,,,,,
3374168,18-028581,2,False,0109,6/7/2018 10:33:00 PM,2233,23X,14,109,Oakland,1,True,True,C,REAR END,,Thursday,,,,,False,False,True,,C,OTHER MOTOR VEHICLE,,0,0,CLEAR,,NO UNUSUAL CONDITIONS - NO UNUSUAL CONDITIONS,,C,DARK-STREET LIGHTS,,,,,,,A,NO PEDESTRIANS INVOLVED,,A,22350,,,FRUITVALE,,,,A,N,100.0,INTERNATIONAL,F,,A,8/2/2024 12:56:46 PM,2/6/2025 9:14:43 AM,,,2,,,,,,,
3373874,18-023049,2,False,0109,5/8/2018 9:22:00 AM,922,16X,14,109,Oakland,1,True,True,B,SIDE SWIPE,,Tuesday,,,,,False,False,False,,C,OTHER MOTOR VEHICLE,,0,0,CLOUDY,,NO UNUSUAL CONDITIONS - NO UNUSUAL CONDITIONS,,A,DAYLIGHT,,,,,,,A,NO PEDESTRIANS INVOLVED,,A,22517,,1,MACARTHUR BL,1,,,A,,,ARDLEY AV,,,A,8/2/2024 12:55:59 PM,2/6/2025 9:14:23 AM,,,2,,,,,,,
3373834,18-022093,2,False,0109,5/3/2018 8:15:00 AM,815,29X,14,109,Oakland,1,True,True,C,REAR END,,Thursday,,,M,,False,False,False,,C,OTHER MOTOR VEHICLE,,0,0,CLOUDY,,NO UNUSUAL CONDITIONS - NO UNUSUAL CONDITIONS,,A,DAYLIGHT,,,,,,,A,NO PEDESTRIANS INVOLVED,,A,22107,,1,MACARTHUR BL,2,,,A,W,75.0,73RD AV,F,,A,8/2/2024 12:55:52 PM,2/6/2025 9:14:21 AM,,,2,,,,,,,
3373830,18-022021,2,False,0109,5/2/2018 6:28:00 PM,1828,35X,14,109,Oakland,1,True,True,C,REAR END,,Wednesday,,,M,,False,False,True,,E,PARKED MOTOR VEHICLE,,0,0,CLEAR,,NO UNUSUAL CONDITIONS - NO UNUSUAL CONDITIONS,,B,DUSK-DAWN,,,,,,,A,NO PEDESTRIANS INVOLVED,,A,22107,,1,MACARTHUR BL,2,,,A,E,50.0,89TH AV,F,,D,8/2/2024 12:55:51 PM,2/6/2025 9:14:21 AM,,,2,,,,,,,
3373822,18-022006,2,False,0109,5/3/2018 6:03:00 PM,1803,06X,14,109,Oakland,1,True,True,B,SIDE SWIPE,,Thursday,,,M,,False,False,False,,E,PARKED MOTOR VEHICLE,,0,0,CLEAR,,NO UNUSUAL CONDITIONS - NO UNUSUAL CONDITIONS,,A,DAYLIGHT,,,,,,,A,NO PEDESTRIANS INVOLVED,,A,22107,,1,MARKET ST,2,,,A,S,50.0,BROCKHURST ST,F,,A,8/2/2024 12:55:50 PM,2/6/2025 9:14:20 AM,,,2,,,,,,,
3373820,18-021335,2,False,0109,4/28/2018 7:28:00 PM,1928,27X,14,109,Oakland,1,True,True,E,HIT OBJECT,,Saturday,,,,,False,False,False,,C,OTHER MOTOR VEHICLE,,0,0,CLEAR,,NO UNUSUAL CONDITIONS - NO UNUSUAL CONDITIONS,,B,DUSK-DAWN,,,,,,,A,NO PEDESTRIANS INVOLVED,,A,21802A,,1,BANCROFT AV,2,,,A,,,COLE ST,,,A,8/2/2024 12:55:50 PM,2/6/2025 9:14:20 AM,,,2,,,,,,,
3373817,18-020564,2,False,0109,4/24/2018 4:51:00 PM,1651,21X,14,109,Oakland,1,True,True,A,HEAD-ON,,Tuesday,,,,,False,False,True,,C,OTHER MOTOR VEHICLE,,0,0,CLEAR,,NO UNUSUAL CONDITIONS - NO UNUSUAL CONDITIONS,,A,DAYLIGHT,,,,,,,A,NO PEDESTRIANS INVOLVED,,A,22107,,1,COOLIDGE AV,1,,,A,,,EAST 22ND ST,,,A,8/2/2024 12:55:49 PM,2/6/2025 9:14:20 AM,,,2,,,,,,,
3373814,18-022203,2,False,0109,5/3/2018 6:12:00 PM,1812,26X,14,109,Oakland,1,True,True,B,SIDE SWIPE,,Thursday,,,,,False,False,False,,,,,0,0,CLEAR,,NO UNUSUAL CONDITIONS - NO UNUSUAL CONDITIONS,,A,DAYLIGHT,,,,,,,A,NO PEDESTRIANS INVOLVED,,A,22107,,1,INTERNATIONAL BL,2,,,A,E,25.0,41ST AV,F,,A,8/2/2024 12:55:49 PM,2/6/2025 9:14:19 AM,,,2,,,,,,,
3373812,18-020545,2,False,0109,4/24/2018 3:57:00 PM,1557,26X,14,109,Oakland,1,True,True,B,SIDE SWIPE,,Tuesday,,,,,False,False,False,,C,OTHER MOTOR VEHICLE,,0,0,CLEAR,,NO UNUSUAL CONDITIONS - NO UNUSUAL CONDITIONS,,A,DAYLIGHT,,,,,,,A,NO PEDESTRIANS INVOLVED,,A,22348C,,2,COLISEUM WY,2,,,A,W,25.0,50TH AV,F,,D,8/2/2024 12:55:49 PM,2/6/2025 9:14:19 AM,,,2,,,,,,,
3373810,18-021807,2,False,0109,5/1/2018 3:35:00 PM,1535,23X,14,109,Oakland,1,True,True,C,REAR END,,Tuesday,,,,,False,False,False,,,,,0,0,CLEAR,,NO UNUSUAL CONDITIONS - NO UNUSUAL CONDITIONS,,A,DAYLIGHT,,,,,,,A,NO PEDESTRIANS INVOLVED,,A,22350,,1,ALAMEDA AV,2,,,A,W,90.0,HIGH ST,F,,D,8/2/2024 12:55:48 PM,2/6/2025 9:14:19 AM,,,2,,,,,,,
3373805,18-021656,2,False,0109,4/30/2018 4:57:00 PM,1657,23X,14,109,Oakland,1,True,True,C,REAR END,,Monday,,,M,,False,False,False,,E,PARKED MOTOR VEHICLE,,0,0,CLEAR,,NO UNUSUAL CONDITIONS - NO UNUSUAL CONDITIONS,,A,DAYLIGHT,,,,,,,A,NO PEDESTRIANS INVOLVED,,A,22350,,1,36TH AV,2,,,A,S,30.0,EAST 16TH ST,F,,D,8/2/2024 12:55:47 PM,2/6/2025 9:14:19 AM,,,2,,,,,,,
3373803,18-022386,2,False,0109,5/4/2018 4:34:00 PM,1634,02X,14,109,Oakland,1,True,True,B,SIDE SWIPE,,Friday,,,M,,False,False,False,,E,PARKED MOTOR VEHICLE,,0,0,CLEAR,,NO UNUSUAL CONDITIONS - NO UNUSUAL CONDITIONS,,A,DAYLIGHT,,,,,,,A,NO PEDESTRIANS INVOLVED,,A,22107,,1,CENTER ST,1,,,A,N,4.0,8TH ST,F,,A,8/2/2024 12:55:47 PM,2/6/2025 9:14:19 AM,,,2,,,,,,,
3373801,18-021521,2,False,0109,4/30/2018 2:14:00 AM,214,07X,14,109,Oakland,1,True,True,H,OTHER,,Monday,,,M,,False,False,False,,E,PARKED MOTOR VEHICLE,,0,0,CLEAR,,NO UNUSUAL CONDITIONS - NO UNUSUAL CONDITIONS,,C,DARK-STREET LIGHTS,,,,,,,A,NO PEDESTRIANS INVOLVED,,A,22107,,1,SAN PABLO AV,1,,,A,,,28TH ST,,,A,8/2/2024 12:55:47 PM,2/6/2025 9:14:19 AM,,,2,,,,,,,
3373798,18-021771,2,False,0109,5/1/2018 12:30:00 PM,1230,06X,14,109,Oakland,1,True,True,B,SIDE SWIPE,,Tuesday,,,,,False,False,False,,C,OTHER MOTOR VEHICLE,,0,0,CLEAR,,NO UNUSUAL CONDITIONS - NO UNUSUAL CONDITIONS,,A,DAYLIGHT,,,,,,,A,NO PEDESTRIANS INVOLVED,,A,22107,,1,36TH ST,1,,,A,,,MARKET ST,,,A,8/2/2024 12:55:46 PM,2/6/2025 9:14:19 AM,,,2,,,,,,,
3373776,18-022624,2,False,0109,5/5/2018 9:46:00 PM,2146,33X,14,109,Oakland,1,True,True,G,VEHICLE/PEDESTRAIN,,Saturday,,,M,,False,False,False,,B,PEDESTRIAN,,1,0,CLEAR,,NO UNUSUAL CONDITIONS - NO UNUSUAL CONDITIONS,,C,DARK-STREET LIGHTS,,,,,,,B,CROSSING IN CROSS WALK AT INTERSECTION,,A,21950A,,1,98TH AV,2,,,A,E,10.0,D ST,F,,A,8/2/2024 12:55:42 PM,2/6/2025 9:14:17 AM,,,2,,,,,,,
3373773,18-022288,2,False,0109,5/4/2018 7:35:00 AM,735,30X,14,109,Oakland,1,True,True,B,SIDE SWIPE,,Friday,,,M,,False,False,False,,C,OTHER MOTOR VEHICLE,,2,0,CLEAR,,NO UNUSUAL CONDITIONS - NO UNUSUAL CONDITIONS,,A,DAYLIGHT,,,,,,,A,NO PEDESTRIANS INVOLVED,,A,22450A,,1,HOLLY ST,2,,,A,,,80TH AV,,,A,8/2/2024 12:55:42 PM,2/6/2025 9:14:17 AM,,,2,,,,,,,
3373769,18-022220,2,False,0109,5/3/2018 7:52:00 PM,1952,02X,14,109,Oakland,1,True,True,D,BROADSIDE,,Thursday,,,M,,False,False,True,,C,OTHER MOTOR VEHICLE,,1,0,CLEAR,,NO UNUSUAL CONDITIONS - NO UNUSUAL CONDITIONS,,C,DARK-STREET LIGHTS,,,,,,,A,NO PEDESTRIANS INVOLVED,,A,22350,,1,MANDELA PKWY,1,,,A,,,8TH ST,,,A,8/2/2024 12:55:41 PM,2/6/2025 9:14:17 AM,,,2,,,,,,,
3373749,18-022168,2,False,0109,5/3/2018 2:16:00 PM,1416,35X,14,109,Oakland,1,True,True,D,BROADSIDE,,Thursday,,,,,False,False,False,,C,OTHER MOTOR VEHICLE,,1,0,CLEAR,,NO UNUSUAL CONDITIONS - NO UNUSUAL CONDITIONS,,A,DAYLIGHT,,,,,,,A,NO PEDESTRIANS INVOLVED,,A,21801A,,1,MACARTHUR BL,2,,,A,,,90TH AV,,,D,8/2/2024 12:55:37 PM,2/6/2025 9:14:15 AM,,,2,,,,,,,
3373744,18-022398,2,False,0109,5/4/2018 6:11:00 PM,1811,17X,14,109,Oakland,1,True,True,H,OTHER,,Friday,,,,,False,False,False,,G,BICYCLE,,1,0,CLEAR,,NO UNUSUAL CONDITIONS - NO UNUSUAL CONDITIONS,,A,DAYLIGHT,,,,,,,A,NO PEDESTRIANS INVOLVED,,A,22517,,1,PARK BL,1,,,A,S,50.0,E 20TH ST,F,,D,8/2/2024 12:55:36 PM,2/6/2025 9:14:15 AM,,,2,,,,,,,
3373638,18-021859,2,False,0109,5/1/2018 9:53:00 PM,2153,33X,14,109,Oakland,1,True,True,E,HIT OBJECT,,Tuesday,,,,,False,False,True,,I,FIXED OBJECT,,1,0,CLEAR,,NO UNUSUAL CONDITIONS - NO UNUSUAL CONDITIONS,,C,DARK-STREET LIGHTS,,,,,,,A,NO PEDESTRIANS INVOLVED,,A,22107,,1,SAN LEANDRO ST,2,,,A,W,278.0,85TH AV,F,,D,8/2/2024 12:55:15 PM,2/6/2025 9:14:09 AM,,,2,,,,,,,
3373635,18-021633,2,False,0109,4/30/2018 4:04:00 PM,1604,1,14,109,Oakland,1,True,True,G,VEHICLE/PEDESTRAIN,,Monday,,,,,False,False,False,,B,PEDESTRIAN,,1,0,CLEAR,,NO UNUSUAL CONDITIONS - NO UNUSUAL CONDITIONS,,A,DAYLIGHT,,,,,,,B,CROSSING IN CROSS WALK AT INTERSECTION,,A,22107,,1,BROADWAY,2,,,A,,,RIDGEWAY AV,,,A,8/2/2024 12:55:14 PM,2/6/2025 9:14:08 AM,,,2,,,,,,,
3373629,18-021713,2,False,0109,5/1/2018 5:38:00 AM,538,28X,14,109,Oakland,1,True,True,B,SIDE SWIPE,,Tuesday,,,,,False,False,False,,C,OTHER MOTOR VEHICLE,,0,0,CLEAR,,NO UNUSUAL CONDITIONS - NO UNUSUAL CONDITIONS,,B,DUSK-DAWN,,,,,,,A,NO PEDESTRIANS INVOLVED,,A,22107,,,HIGH ST,2,,,A,,,CULVER,,,D,8/2/2024 12:55:14 PM,2/6/2025 9:14:08 AM,,,2,,,,,,,
3373626,18-021956 4580,2,False,0109,5/2/2018 1:30:00 PM,1330,32Y,14,109,Oakland,1,True,True,B,SIDE SWIPE,,Wednesday,,,,,False,False,False,,C,OTHER MOTOR VEHICLE,,1,0,CLEAR,,NO UNUSUAL CONDITIONS - NO UNUSUAL CONDITIONS,,A,DAYLIGHT,,,,,,,A,NO PEDESTRIANS INVOLVED,,A,21755,,1,98TH AV,2,,,A,,,BANCROFT AV,,,A,8/2/2024 12:55:13 PM,2/6/2025 9:14:07 AM,,,2,,,,,,,
3373625,18-020336,2,False,0109,4/24/2018 4:34:00 PM,1634,10Y,14,109,Oakland,1,True,True,D,BROADSIDE,,Tuesday,,,,,False,False,False,,C,OTHER MOTOR VEHICLE,,2,0,CLEAR,,NO UNUSUAL CONDITIONS - NO UNUSUAL CONDITIONS,,A,DAYLIGHT,,,,,,,A,NO PEDESTRIANS INVOLVED,,A,21802A,,1,MARKET ST,1,,,A,,,54TH ST,,,D,8/2/2024 12:55:13 PM,2/6/2025 9:14:07 AM,,,2,,,,,,,
3373620,18-020737,2,False,0109,4/25/2018 2:14:00 PM,1414,32Y,14,109,Oakland,1,True,True,B,SIDE SWIPE,,Wednesday,,,,,False,False,True,,C,OTHER MOTOR VEHICLE,,2,0,CLEAR,,NO UNUSUAL CONDITIONS - NO UNUSUAL CONDITIONS,,A,DAYLIGHT,,,,,,,A,NO PEDESTRIANS INVOLVED,,A,21801A,,1,FOOTHILL BL,2,,,A,,,106TH AV,,,A,8/2/2024 12:55:12 PM,2/6/2025 9:14:07 AM,,,2,,,,,,,
3373618,18-022174,2,False,0109,5/3/2018 2:20:00 PM,1420,17X,14,109,Oakland,1,True,True,G,VEHICLE/PEDESTRAIN,,Thursday,,,,,False,False,False,,B,PEDESTRIAN,,1,0,CLEAR,,NO UNUSUAL CONDITIONS - NO UNUSUAL CONDITIONS,,A,DAYLIGHT,,,,,,,B,CROSSING IN CROSS WALK AT INTERSECTION,,A,21950A,,1,E 18TH ST,1,,,A,,,PARK BL,,,A,8/2/2024 12:55:11 PM,2/6/2025 9:14:07 AM,,,2,,,,,,,
3373616,18-020951,2,False,0109,4/26/2018 3:25:00 PM,1525,02X,14,109,Oakland,1,True,True,A,HEAD-ON,,Thursday,,,,,False,False,False,,I,FIXED OBJECT,,1,0,CLEAR,,NO UNUSUAL CONDITIONS - NO UNUSUAL CONDITIONS,,A,DAYLIGHT,,,,,,,A,NO PEDESTRIANS INVOLVED,,A,22107,,1,MARKET ST,1,,,A,S,10.0,7TH ST,F,,A,8/2/2024 12:55:11 PM,2/6/2025 9:14:07 AM,,,2,,,,,,,
3373615,18-020404,2,False,0109,4/24/2018 2:20:00 AM,220,06X,14,109,Oakland,1,True,True,B,SIDE SWIPE,,Tuesday,,,,,False,False,False,,E,PARKED MOTOR VEHICLE,,0,0,CLEAR,,NO UNUSUAL CONDITIONS - NO UNUSUAL CONDITIONS,,C,DARK-STREET LIGHTS,,,,,,,A,NO PEDESTRIANS INVOLVED,,A,22107,,1,WEST ST,1,,,A,S,100.0,37TH ST,F,,D,8/2/2024 12:55:11 PM,2/6/2025 9:14:07 AM,,,2,,,,,,,
3373613,18-021444,2,False,0109,4/29/2018 3:51:00 PM,1551,07X,14,109,Oakland,1,True,True,H,OTHER,,Sunday,,,,,False,False,False,,G,BICYCLE,,1,0,CLEAR,,NO UNUSUAL CONDITIONS - NO UNUSUAL CONDITIONS,,A,DAYLIGHT,,,,,,,A,NO PEDESTRIANS INVOLVED,,A,216501,,1,MANDELA PKWY,1,,,A,,,HORTON ST,,,D,8/2/2024 12:55:11 PM,2/6/2025 9:14:07 AM,,,2,,,,,,,
3373612,18-021651,2,False,0109,4/30/2018 3:32:00 PM,1532,30X,14,109,Oakland,1,True,True,B,SIDE SWIPE,,Monday,,,M,,False,False,False,,D,MOTOR VEHICLE ON OTHER ROADWAY,,0,0,CLEAR,,NO UNUSUAL CONDITIONS - NO UNUSUAL CONDITIONS,,A,DAYLIGHT,,,,,,,A,NO PEDESTRIANS INVOLVED,,A,22106,,1,ARTHUR ST,2,,,A,E,200.0,73RD,F,,D,8/2/2024 12:55:10 PM,2/6/2025 9:14:06 AM,,,2,,,,,,,
3373605,18-021235,2,False,0109,4/28/2018 8:22:00 AM,822,09X,14,109,Oakland,1,True,True,G,VEHICLE/PEDESTRAIN,,Saturday,,,,,False,False,False,,B,PEDESTRIAN,,1,0,CLEAR,,NO UNUSUAL CONDITIONS - NO UNUSUAL CONDITIONS,,A,DAYLIGHT,,,,,,,B,CROSSING IN CROSS WALK AT INTERSECTION,,A,21950A,,1,PIEDMONT AV,1,,,A,,,PLEASANT VALLEY AV,,,A,8/2/2024 12:55:09 PM,2/6/2025 9:14:06 AM,,,2,,,,,,,
3373597,18-021271,2,False,0109,4/28/2018 1:50:00 PM,1350,17X,14,109,Oakland,1,True,True,B,SIDE SWIPE,,Saturday,,,,,False,False,True,,C,OTHER MOTOR VEHICLE,,1,0,CLEAR,,NO UNUSUAL CONDITIONS - NO UNUSUAL CONDITIONS,,A,DAYLIGHT,,,,,,,A,NO PEDESTRIANS INVOLVED,,D,,,,BEAUMONT AV,1,,,A,N,10.0,E 33RD ST,F,,A,8/2/2024 12:55:08 PM,2/6/2025 9:14:06 AM,,,2,,,,,,,