collision-id,report-number,report-version,is-preliminary,ncic-code,crash-date-time,crash-time-description,beat,city-id,city-code,city-name,county-code,city-is-active,city-is-incorporated,collision-type-code,collision-type-description,collision-type-other-desc,day-of-week,dispatch-notified,has-photographs,hit-run,is-attachments-mailed,is-deleted,is-highway-related,is-tow-away,judicial-district,motor-vehicle-involved-with-code,motor-vehicle-involved-with-desc,motor-vehicle-involved-with-other-desc,number-injured,number-killed,weather-1,weather-2,road-condition-1,road-condition-2,special-condition-lighting-code,lighting-description,latitude,longitude,milepost-direction,milepost-distance,milepost-marker,milepost-unit-of-measure,pedestrian-action-code,pedestrian-action-desc,prepared-date,primary-collision-factor-code,primary-collision-factor-violation,primary-collision-factor-is-cited,primary-collision-party-number,primary-road,reporting-district,reporting-district-code,reviewed-date,roadway-surface-code,secondary-direction,secondary-distance,secondary-road,secondary-unit-of-measure,sketch-desc,traffic-control-device-code,created-date,modified-date,is-county-road,is-freeway,chp-555-version,is-additonal-object-struck,notification-date,notification-time-description,has-digital-media-files,evidence-number,is-location-refer-to-narrative,is-aoi-one-same-as-location
3382693,18-024888,2,False,0109,5/18/2018 1:40:00 AM,140,19X,14,109,Oakland,1,True,True,B,SIDE SWIPE,,Friday,,,M,,False,False,False,,,,,0,0,CLEAR,,NO UNUSUAL CONDITIONS - NO UNUSUAL CONDITIONS,,C,DARK-STREET LIGHTS,,,,,,,A,NO PEDESTRIANS INVOLVED,,A,22107,,1,INTERNATIONAL BL,1,,,A,W,25.0,19TH AV,F,,D,8/2/2024 1:22:34 PM,2/6/2025 9:23:58 AM,,,2,,,,,,,
3382689,18-025490,2,False,0109,5/21/2018 9:55:00 AM,955,07X,14,109,Oakland,1,True,True,B,SIDE SWIPE,,Monday,,,M,,False,False,True,,C,OTHER MOTOR VEHICLE,,1,0,CLEAR,,NO UNUSUAL CONDITIONS - NO UNUSUAL CONDITIONS,,A,DAYLIGHT,,,,,,,A,NO PEDESTRIANS INVOLVED,,A,22107,,1,32ND ST,1,,,A,,,ADELINE ST,,,A,8/2/2024 1:22:34 PM,2/6/2025 9:23:58 AM,,,2,,,,,,,
3382682,18-026272,2,False,0109,5/26/2018 11:40:00 PM,2340,33X,14,109,Oakland,1,True,True,C,REAR END,,Saturday,,,,,False,False,False,,,,,0,0,CLEAR,,NO UNUSUAL CONDITIONS - NO UNUSUAL CONDITIONS,,C,DARK-STREET LIGHTS,,,,,,,A,NO PEDESTRIANS INVOLVED,,A,22107,,1,B ST,2,,,A,S,10.0,94TH AV,F,,D,8/2/2024 1:22:31 PM,2/6/2025 9:23:57 AM,,,2,,,,,,,
3382677,18-025806,2,False,0109,5/23/2018 7:17:00 AM,717,20X,14,109,Oakland,1,True,True,D,BROADSIDE,,Wednesday,,,,,False,False,False,,C,OTHER MOTOR VEHICLE,,0,0,CLOUDY,FOG/VISIBILITY,NO UNUSUAL CONDITIONS - NO UNUSUAL CONDITIONS,,A,DAYLIGHT,,,,,,,A,NO PEDESTRIANS INVOLVED,,A,21801A,,1,INTERNATIONAL BL,1,,,A,E,50.0,25TH AV,F,,D,8/2/2024 1:22:30 PM,2/6/2025 9:23:57 AM,,,2,,,,,,,
3382673,18-026881,2,False,0109,5/29/2018 3:25:00 PM,1525,30X,14,109,Oakland,1,True,True,A,HEAD-ON,,Tuesday,,,,,False,False,True,,E,PARKED MOTOR VEHICLE,,1,0,CLEAR,,NO UNUSUAL CONDITIONS - NO UNUSUAL CONDITIONS,,A,DAYLIGHT,,,,,,,A,NO PEDESTRIANS INVOLVED,,A,22107,,1,FRESNO ST,2,,,A,W,1000.0,73RD AV,F,,D,8/2/2024 1:22:30 PM,2/6/2025 9:23:57 AM,,,2,,,,,,,
3382657,18-003707,2,False,0109,1/21/2018 12:29:00 PM,1229,11X,14,109,Oakland,1,True,True,D,BROADSIDE,,Sunday,,,,,False,False,False,,C,OTHER MOTOR VEHICLE,,0,0,CLOUDY,,NO UNUSUAL CONDITIONS - NO UNUSUAL CONDITIONS,,A,DAYLIGHT,,,,,,,A,NO PEDESTRIANS INVOLVED,,A,21802A,,1,56TH ST,1,,,A,,,SHATTUCK AV,,,A,8/2/2024 1:22:26 PM,2/6/2025 9:23:56 AM,,,2,,,,,,,
3382332,18-026102,2,False,0109,5/23/2018 6:11:00 PM,1811,27X,14,109,Oakland,1,True,True,B,SIDE SWIPE,,Wednesday,,,M,,False,False,False,,E,PARKED MOTOR VEHICLE,,0,0,CLEAR,,NO UNUSUAL CONDITIONS - NO UNUSUAL CONDITIONS,,B,DUSK-DAWN,,,,,,,A,NO PEDESTRIANS INVOLVED,,A,22107,,1,57TH AV,2,,,A,N,150.0,E 16TH ST,F,,D,8/2/2024 1:21:24 PM,2/6/2025 9:23:35 AM,,,2,,,,,,,
3382230,18-019276,2,False,0109,4/17/2018 4:56:00 PM,1656,32X,14,109,Oakland,1,True,True,D,BROADSIDE,,Tuesday,,,,,False,False,False,,C,OTHER MOTOR VEHICLE,,1,0,CLEAR,,NO UNUSUAL CONDITIONS - NO UNUSUAL CONDITIONS,,A,DAYLIGHT,,,,,,,A,NO PEDESTRIANS INVOLVED,,A,21802A,,1,103RD AV,2,,,A,,,WALNUT ST,,,A,8/2/2024 1:21:04 PM,2/6/2025 9:23:29 AM,,,2,,,,,,,
3382225,18-019286,2,False,0109,4/17/2018 5:00:00 PM,1700,27X,14,109,Oakland,1,True,True,C,REAR END,,Tuesday,,,,,False,False,False,,C,OTHER MOTOR VEHICLE,,1,0,CLEAR,,NO UNUSUAL CONDITIONS - NO UNUSUAL CONDITIONS,,A,DAYLIGHT,,,,,,,A,NO PEDESTRIANS INVOLVED,,A,22107,,1,61ST AV,2,,,A,,,INTERNATIONAL BL,,,A,8/2/2024 1:21:04 PM,2/6/2025 9:23:28 AM,,,2,,,,,,,
3382222,18-018811,2,False,0109,4/15/2018 5:28:00 AM,528,02X,14,109,Oakland,1,True,True,B,SIDE SWIPE,,Sunday,,,,,False,False,False,,E,PARKED MOTOR VEHICLE,,1,0,CLEAR,,LOOSE MATERIAL ON ROADWAY* - LOOSE MATERIAL ON ROADWAY*,,C,DARK-STREET LIGHTS,,,,,,,A,NO PEDESTRIANS INVOLVED,,D,,,,7TH ST,1,,,A,W,60.0,FILBERT ST,F,,D,8/2/2024 1:21:03 PM,2/6/2025 9:23:28 AM,,,2,,,,,,,
3382216,18-020096,2,False,0109,4/23/2018 8:20:00 AM,820,21Y,14,109,Oakland,1,True,True,D,BROADSIDE,,Monday,,,M,,False,False,False,,G,BICYCLE,,1,0,CLEAR,,NO UNUSUAL CONDITIONS - NO UNUSUAL CONDITIONS,,A,DAYLIGHT,,,,,,,B,CROSSING IN CROSS WALK AT INTERSECTION,,A,21800A,,1,FRUITVALE AV,1,,,A,,,LOGAN ST,,,A,8/2/2024 1:21:02 PM,2/6/2025 9:23:28 AM,,,2,,,,,,,
3382208,18-021431,2,False,0109,4/28/2018 2:00:00 PM,1400,27X,14,109,Oakland,1,True,True,G,VEHICLE/PEDESTRAIN,,Saturday,,,M,,False,False,False,,G,BICYCLE,,1,0,CLEAR,,NO UNUSUAL CONDITIONS - NO UNUSUAL CONDITIONS,,A,DAYLIGHT,,,,,,,B,CROSSING IN CROSS WALK AT INTERSECTION,,A,21453A,,1,FOOTHILL BL,2,,,A,,,VICKSBURG AV,,,A,8/2/2024 1:21:00 PM,2/6/2025 9:23:27 AM,,,2,,,,,,,
3382204,18-020036,2,False,0109,4/21/2018 11:27:00 PM,2327,31Y,14,109,Oakland,1,True,True,A,HEAD-ON,,Saturday,,,,,False,False,False,,C,OTHER MOTOR VEHICLE,,1,0,CLEAR,,NO UNUSUAL CONDITIONS - NO UNUSUAL CONDITIONS,,C,DARK-STREET LIGHTS,,,,,,,A,NO PEDESTRIANS INVOLVED,,A,21802A,,1,EDES AV,2,,,A,,,CLARA ST,,,A,8/2/2024 1:20:59 PM,2/6/2025 9:23:27 AM,,,2,,,,,,,
3382200,18-017451,2,False,0109,4/7/2018 7:28:00 PM,1928,26X,14,109,Oakland,1,True,True,A,HEAD-ON,,Saturday,,,,,False,False,False,,C,OTHER MOTOR VEHICLE,,1,0,CLOUDY,,NO UNUSUAL CONDITIONS - NO UNUSUAL CONDITIONS,,A,DAYLIGHT,,,,,,,A,NO PEDESTRIANS INVOLVED,,A,21800A,,1,SAN LEANDRO ST,2,,,A,,,50TH AV,,,A,8/2/2024 1:20:59 PM,2/6/2025 9:23:27 AM,,,2,,,,,,,
3382175,18-011244,2,False,0109,3/3/2018 9:45:00 PM,2145,02X,14,109,Oakland,1,True,True,D,BROADSIDE,,Saturday,,,,,False,False,False,,C,OTHER MOTOR VEHICLE,,1,0,CLEAR,,NO UNUSUAL CONDITIONS - NO UNUSUAL CONDITIONS,,C,DARK-STREET LIGHTS,,,,,,,A,NO PEDESTRIANS INVOLVED,,A,21802A,,1,CHESTER ST,1,,,A,,,8TH ST,,,A,8/2/2024 1:20:54 PM,2/6/2025 9:23:25 AM,,,2,,,,,,,
3382174,18-018945,2,False,0109,4/16/2018 7:41:00 AM,741,25Y,14,109,Oakland,1,True,True,D,BROADSIDE,,Monday,,,,,False,False,False,,I,FIXED OBJECT,,1,0,CLOUDY,,OTHER* - OTHER*,,A,DAYLIGHT,,,,,,,A,NO PEDESTRIANS INVOLVED,,A,22350,,1,CAMPUS DR,2,,,C,E,1800.0,REDWOOD RD,F,,D,8/2/2024 1:20:54 PM,2/6/2025 9:23:25 AM,,,2,,,,,,,
3382159,18-026755,2,False,0109,5/29/2018 12:20:00 AM,20,18X,14,109,Oakland,1,True,True,E,HIT OBJECT,,Tuesday,,,,,False,False,True,,I,FIXED OBJECT,,1,0,CLEAR,,NO UNUSUAL CONDITIONS - NO UNUSUAL CONDITIONS,,D,DARK-NO STREET LIGHTS,,,,,,,A,NO PEDESTRIANS INVOLVED,,A,23152A,,1,14TH AV,1,,,A,N,50.0,FOOTHILL BL,F,,A,8/2/2024 1:20:51 PM,2/6/2025 9:23:24 AM,,,2,,,,,,,
3382152,18-025453,2,False,0109,5/21/2018 8:45:00 AM,845,19X,14,109,Oakland,1,True,True,D,BROADSIDE,,Monday,,,,,False,False,False,,C,OTHER MOTOR VEHICLE,,1,0,CLEAR,,NO UNUSUAL CONDITIONS - NO UNUSUAL CONDITIONS,,A,DAYLIGHT,,,,,,,A,NO PEDESTRIANS INVOLVED,,A,21802A,,1,21ST AV,1,,,A,,,FOOTHILL BL,,,A,8/2/2024 1:20:50 PM,2/6/2025 9:23:24 AM,,,2,,,,,,,
3381826,18-024399,2,False,0109,5/15/2018 12:01:00 PM,1201,05Y,14,109,Oakland,1,True,True,D,BROADSIDE,,Tuesday,,,M,,False,False,False,,C,OTHER MOTOR VEHICLE,,0,0,CLEAR,CLOUDY,NO UNUSUAL CONDITIONS - NO UNUSUAL CONDITIONS,,A,DAYLIGHT,,,,,,,A,NO PEDESTRIANS INVOLVED,,A,21801A,,1,W 14TH ST,1,,,A,,,MARITIME ST,,,A,8/2/2024 1:19:49 PM,2/6/2025 9:23:03 AM,,,2,,,,,,,
3381822,18-024256,2,False,0109,5/14/2018 5:15:00 PM,1715,23X,14,109,Oakland,1,True,True,C,REAR END,,Monday,,,M,,False,False,False,,C,OTHER MOTOR VEHICLE,,0,0,CLEAR,,NO UNUSUAL CONDITIONS - NO UNUSUAL CONDITIONS,,A,DAYLIGHT,,,,,,,A,NO PEDESTRIANS INVOLVED,,A,22350,,1,SAN LEANDRO ST,2,,,A,E,50.0,FRUITVALE AV,F,,A,8/2/2024 1:19:48 PM,2/6/2025 9:23:03 AM,,,2,,,,,,,
3381819,18-024072,2,False,0109,5/13/2018 4:58:00 PM,1658,32X,14,109,Oakland,1,True,True,E,HIT OBJECT,,Sunday,,,,,False,False,False,,J,OTHER OBJECT,,0,0,CLEAR,,NO UNUSUAL CONDITIONS - NO UNUSUAL CONDITIONS,,A,DAYLIGHT,,,,,,,A,NO PEDESTRIANS INVOLVED,,A,22107,,1,MACARTHUR BL,2,,,A,,,TAYLOR AV,,,D,8/2/2024 1:19:47 PM,2/6/2025 9:23:03 AM,,,2,,,,,,,
3381813,18-024426,2,False,0109,5/7/2018 3:50:00 PM,1550,04X,14,109,Oakland,1,True,True,D,BROADSIDE,,Monday,,,,,False,False,False,,C,OTHER MOTOR VEHICLE,,0,0,CLEAR,,NO UNUSUAL CONDITIONS - NO UNUSUAL CONDITIONS,,A,DAYLIGHT,,,,,,,A,NO PEDESTRIANS INVOLVED,,A,22106,,1,TELEGRAPH AV,1,,,A,S,30.0,WEST GRAND,F,,A,8/2/2024 1:19:46 PM,2/6/2025 9:23:02 AM,,,2,,,,,,,
3381629,18-019709,2,False,0109,4/20/2018 8:07:00 AM,807,22X,14,109,Oakland,1,True,True,D,BROADSIDE,,Friday,,,,,False,False,False,,C,OTHER MOTOR VEHICLE,,0,0,CLEAR,,NO UNUSUAL CONDITIONS - NO UNUSUAL CONDITIONS,,A,DAYLIGHT,,,,,,,A,NO PEDESTRIANS INVOLVED,,A,21801A,,1,REDWOOD RD,1,,,A,,,SKYLINE BL,,,A,8/2/2024 1:19:14 PM,2/6/2025 9:22:51 AM,,,2,,,,,,,
3381624,18-018115,2,False,0109,4/11/2018 7:33:00 AM,733,26X,14,109,Oakland,1,True,True,C,REAR END,,Wednesday,,,M,,False,False,True,,E,PARKED MOTOR VEHICLE,,0,0,CLOUDY,,NO UNUSUAL CONDITIONS - NO UNUSUAL CONDITIONS,,A,DAYLIGHT,,,,,,,A,NO PEDESTRIANS INVOLVED,,A,22107,,1,SEMINARY AV,2,,,A,S,150.0,INTERNATIONAL BL,F,,D,8/2/2024 1:19:13 PM,2/6/2025 9:22:51 AM,,,2,,,,,,,
3381613,18-018784,2,False,0109,4/14/2018 10:42:00 PM,2242,17X,14,109,Oakland,1,True,True,G,VEHICLE/PEDESTRAIN,,Saturday,,,,,False,False,False,,B,PEDESTRIAN,,1,0,CLEAR,,NO UNUSUAL CONDITIONS - NO UNUSUAL CONDITIONS,,C,DARK-STREET LIGHTS,,,,,,,B,CROSSING IN CROSS WALK AT INTERSECTION,,A,21950A,,1,10TH AV,1,,,A,,,22ND ST,,,A,8/2/2024 1:19:11 PM,2/6/2025 9:22:50 AM,,,2,,,,,,,
3381610,18-018756,2,False,0109,4/14/2018 7:15:00 PM,1915,14Y,14,109,Oakland,1,True,True,A,HEAD-ON,,Saturday,,,,,False,False,False,,B,PEDESTRIAN,,1,0,CLEAR,,NO UNUSUAL CONDITIONS - NO UNUSUAL CONDITIONS,,A,DAYLIGHT,,,,,,,D,CROSSING - NOT IN CROSSWALK,,A,21453D,,1,LAKESHORE AV,1,,,A,N,15.0,LAKE PARK AV,F,,A,8/2/2024 1:19:10 PM,2/6/2025 9:22:50 AM,,,2,,,,,,,
3381605,18-018157,2,False,0109,4/11/2018 11:46:00 AM,1146,04X,14,109,Oakland,1,True,True,D,BROADSIDE,,Wednesday,,,,,False,False,True,,C,OTHER MOTOR VEHICLE,,1,0,CLEAR,,NO UNUSUAL CONDITIONS - NO UNUSUAL CONDITIONS,,A,DAYLIGHT,,,,,,,A,NO PEDESTRIANS INVOLVED,,A,21453A,,,BRUSH ST,1,,,A,,,17TH ST,,,A,8/2/2024 1:19:09 PM,2/6/2025 9:22:49 AM,,,2,,,,,,,
3381602,18-019127,2,False,0109,4/17/2018 11:50:00 PM,2350,33X,14,109,Oakland,1,True,True,C,REAR END,,Tuesday,,,M,,False,False,False,,C,OTHER MOTOR VEHICLE,,1,0,CLEAR,,NO UNUSUAL CONDITIONS - NO UNUSUAL CONDITIONS,,C,DARK-STREET LIGHTS,,,,,,,A,NO PEDESTRIANS INVOLVED,,A,22350,,1,SAN LEANDRO ST,2,,,A,E,100.0,81ST AV,F,,A,8/2/2024 1:19:09 PM,2/6/2025 9:22:49 AM,,,2,,,,,,,
3381590,18-020120,2,False,0109,4/22/2018 1:39:00 PM,1339,20X,14,109,Oakland,1,True,True,D,BROADSIDE,,Sunday,,,M,,False,False,False,,C,OTHER MOTOR VEHICLE,,0,0,CLEAR,,NO UNUSUAL CONDITIONS - NO UNUSUAL CONDITIONS,,A,DAYLIGHT,,,,,,,A,NO PEDESTRIANS INVOLVED,,A,22106,,1,28TH AV,1,,,A,N,50.0,E 17TH ST,F,,D,8/2/2024 1:19:07 PM,2/6/2025 9:22:48 AM,,,2,,,,,,,
3381586,18-021286,2,False,0109,4/28/2018 12:17:00 AM,17,31X,14,109,Oakland,1,True,True,C,REAR END,,Saturday,,,,,False,False,False,,C,OTHER MOTOR VEHICLE,,0,0,CLEAR,,NO UNUSUAL CONDITIONS - NO UNUSUAL CONDITIONS,,C,DARK-STREET LIGHTS,,,,,,,A,NO PEDESTRIANS INVOLVED,,A,22350,,1,HEGENBERGER RD,2,,,A,S,150.0,RT 880,F,,A,8/2/2024 1:19:06 PM,2/6/2025 9:22:48 AM,,,2,,,,,,,
3381583,18-022928,2,False,0109,5/7/2018 3:51:00 PM,1551,26X,14,109,Oakland,1,True,True,C,REAR END,,Monday,,,,,False,False,False,,C,OTHER MOTOR VEHICLE,,1,0,CLEAR,,NO UNUSUAL CONDITIONS - NO UNUSUAL CONDITIONS,,A,DAYLIGHT,,,,,,,A,NO PEDESTRIANS INVOLVED,,A,21703,,1,65TH AV,2,,,A,,,INTERNATIONAL BL,,,D,8/2/2024 1:19:06 PM,2/6/2025 9:22:48 AM,,,2,,,,,,,
3381582,18-019821,2,False,0109,4/24/2018 5:27:00 PM,1727,34X,14,109,Oakland,1,True,True,B,SIDE SWIPE,,Tuesday,,,,,False,False,False,,C,OTHER MOTOR VEHICLE,,0,0,CLEAR,,NO UNUSUAL CONDITIONS - NO UNUSUAL CONDITIONS,,A,DAYLIGHT,,,,,,,A,NO PEDESTRIANS INVOLVED,,A,22450A,,1,84TH AV,2,,,A,,,HOLLY ST,,,A,8/2/2024 1:19:05 PM,2/6/2025 9:22:48 AM,,,2,,,,,,,
3381580,18-022303,2,False,0109,5/4/2018 9:27:00 AM,927,26X,14,109,Oakland,1,True,True,F,OVERTURNED,,Friday,,,M,,False,False,False,,E,PARKED MOTOR VEHICLE,,1,0,CLEAR,,OBSTRUCTION ON ROADWAY* - OBSTRUCTION ON ROADWAY*,,A,DAYLIGHT,,,,,,,A,NO PEDESTRIANS INVOLVED,,A,22107,,1,SAN LEANDRO ST,2,,,A,E,100.0,54TH AV,F,,D,8/2/2024 1:19:05 PM,2/6/2025 9:22:48 AM,,,2,,,,,,,
3381576,18-023918,2,False,0109,5/12/2018 5:13:00 PM,1713,20X,14,109,Oakland,1,True,True,D,BROADSIDE,,Saturday,,,M,,False,False,False,,G,BICYCLE,,1,0,CLEAR,,NO UNUSUAL CONDITIONS - NO UNUSUAL CONDITIONS,,A,DAYLIGHT,,,,,,,A,NO PEDESTRIANS INVOLVED,,A,21804A,,1,FRUITVALE AV,2,,,A,S,50.0,FOOTHILL BL,F,,A,8/2/2024 1:19:04 PM,2/6/2025 9:22:48 AM,,,2,,,,,,,
3381573,18-022490,2,False,0109,5/5/2018 7:47:00 AM,747,19X,14,109,Oakland,1,True,True,A,HEAD-ON,,Saturday,,,,,False,False,False,,I,FIXED OBJECT,,2,0,CLOUDY,,NO UNUSUAL CONDITIONS - NO UNUSUAL CONDITIONS,,A,DAYLIGHT,,,,,,,A,NO PEDESTRIANS INVOLVED,,A,22107,,1,E 8TH ST,1,,,A,,,14TH AV,,,A,8/2/2024 1:19:03 PM,2/6/2025 9:22:47 AM,,,2,,,,,,,
3381570,18-022589,2,False,0109,5/5/2018 5:38:00 PM,1738,31X,14,109,Oakland,1,True,True,F,OVERTURNED,,Saturday,,,,,False,False,True,,I,FIXED OBJECT,,1,0,CLEAR,,HOLES- DEEPRUT* - HOLES- DEEPRUT*,,A,DAYLIGHT,,,,,,,A,NO PEDESTRIANS INVOLVED,,A,22350,,1,OAKPORT ST,2,,,A,W,1370.0,LESSER ST,F,,D,8/2/2024 1:19:03 PM,2/6/2025 9:22:47 AM,,,2,,,,,,,
3381567,18-023210,2,False,0109,5/9/2018 7:13:00 AM,713,31Y,14,109,Oakland,1,True,True,A,HEAD-ON,,Wednesday,,,,,False,False,False,,D,MOTOR VEHICLE ON OTHER ROADWAY,,3,0,CLEAR,,NO UNUSUAL CONDITIONS - NO UNUSUAL CONDITIONS,,A,DAYLIGHT,,,,,,,A,NO PEDESTRIANS INVOLVED,,A,22107,,1,SAN LEANDRO ST,2,,,B,E,150.0,81ST AV,F,,D,8/2/2024 1:19:02 PM,2/6/2025 9:22:47 AM,,,2,,,,,,,
3381566,18-023120,2,False,0109,5/8/2018 6:49:00 PM,1849,12X,14,109,Oakland,1,True,True,A,HEAD-ON,,Tuesday,,,,,False,False,True,,I,FIXED OBJECT,,1,0,CLEAR,,NO UNUSUAL CONDITIONS - NO UNUSUAL CONDITIONS,,A,DAYLIGHT,,,,,,,A,NO PEDESTRIANS INVOLVED,,A,22107,,1,GOLDEN GATE AV,1,,,A,E,160.0,CHABOT RD,F,,D,8/2/2024 1:19:02 PM,2/6/2025 9:22:47 AM,,,2,,,,,,,
3381563,18-023434,2,False,0109,5/10/2018 10:34:00 AM,1034,03X,14,109,Oakland,1,True,True,D,BROADSIDE,,Thursday,,,,,False,False,False,,C,OTHER MOTOR VEHICLE,,1,0,CLEAR,,NO UNUSUAL CONDITIONS - NO UNUSUAL CONDITIONS,,A,DAYLIGHT,,,,,,,A,NO PEDESTRIANS INVOLVED,,A,21453A,,1,7TH ST,1,,,A,,,OAK ST,,,A,8/2/2024 1:19:02 PM,2/6/2025 9:22:47 AM,,,2,,,,,,,
3381562,18-026386,2,False,0109,5/26/2018 3:08:00 PM,1508,03X,14,109,Oakland,1,True,True,D,BROADSIDE,,Saturday,,,,,False,False,True,,C,OTHER MOTOR VEHICLE,,1,0,CLEAR,,NO UNUSUAL CONDITIONS - NO UNUSUAL CONDITIONS,,A,DAYLIGHT,,,,,,,A,NO PEDESTRIANS INVOLVED,,A,21453A,,1,13TH ST,1,,,A,,,JACKSON ST,,,A,8/2/2024 1:19:01 PM,2/6/2025 9:22:47 AM,,,2,,,,,,,
3381560,18-022770,2,False,0109,5/6/2018 5:40:00 PM,1740,26X,14,109,Oakland,1,True,True,F,OVERTURNED,,Sunday,,,,,False,False,True,,J,OTHER OBJECT,,1,0,CLOUDY,,NO UNUSUAL CONDITIONS - NO UNUSUAL CONDITIONS,,A,DAYLIGHT,,,,,,,A,NO PEDESTRIANS INVOLVED,,A,22350,,1,OAKPORT ST,2,,,A,W,250.0,ZHONE WY,F,,D,8/2/2024 1:19:01 PM,2/6/2025 9:22:46 AM,,,2,,,,,,,
3381558,18-022010,2,False,0109,5/2/2018 7:25:00 PM,1925,02X,14,109,Oakland,1,True,True,D,BROADSIDE,,Wednesday,,,,,False,False,True,,C,OTHER MOTOR VEHICLE,,1,0,CLEAR,,NO UNUSUAL CONDITIONS - NO UNUSUAL CONDITIONS,,A,DAYLIGHT,,,,,,,A,NO PEDESTRIANS INVOLVED,,A,21453A,,,5TH ST,1,,,A,,,BRUSH ST,,,A,8/2/2024 1:19:01 PM,2/6/2025 9:22:46 AM,,,2,,,,,,,
3381349,18-024166,2,False,0109,5/14/2018 8:43:00 AM,843,31X,14,109,Oakland,1,True,True,B,SIDE SWIPE,,Monday,,,M,,False,False,False,,E,PARKED MOTOR VEHICLE,,0,0,CLOUDY,,NO UNUSUAL CONDITIONS - NO UNUSUAL CONDITIONS,,A,DAYLIGHT,,,,,,,A,NO PEDESTRIANS INVOLVED,,A,22350,,1,105TH AV,2,,,A,S,625.0,CREEKSIDE CIR,F,,B,8/2/2024 1:18:21 PM,2/6/2025 9:22:32 AM,,,2,,,,,,,
3381284,18-024156,2,False,0109,5/14/2018 8:11:00 AM,811,26Y,14,109,Oakland,1,True,True,B,SIDE SWIPE,,Monday,,,,,False,False,False,,C,OTHER MOTOR VEHICLE,,0,0,CLEAR,,NO UNUSUAL CONDITIONS - NO UNUSUAL CONDITIONS,,A,DAYLIGHT,,,,,,,A,NO PEDESTRIANS INVOLVED,,A,22107,,1,66TH AV,2,,,A,,,INTERNATIONAL BL,,,A,8/2/2024 1:18:08 PM,2/6/2025 9:22:25 AM,,,2,,,,,,,
3380592,18-027302,2,False,0109,5/31/2018 3:17:00 PM,1517,03X,14,109,Oakland,1,True,True,D,BROADSIDE,,Thursday,,,M,,False,False,False,,C,OTHER MOTOR VEHICLE,,0,0,CLEAR,,NO UNUSUAL CONDITIONS - NO UNUSUAL CONDITIONS,,A,DAYLIGHT,,,,,,,A,NO PEDESTRIANS INVOLVED,,A,21453A,,1,11TH ST,1,,,A,,,HARRISON ST,,,A,8/2/2024 1:16:01 PM,2/6/2025 9:21:42 AM,,,2,,,,,,,
3380586,18-022846,2,False,0109,5/7/2018 7:53:00 AM,753,20X,14,109,Oakland,1,True,True,B,SIDE SWIPE,,Monday,,,M,,False,False,False,,C,OTHER MOTOR VEHICLE,,0,0,CLEAR,,NO UNUSUAL CONDITIONS - NO UNUSUAL CONDITIONS,,A,DAYLIGHT,,,,,,,A,NO PEDESTRIANS INVOLVED,,A,22107,,1,INTERNATIONAL BL,1,,,A,W,15.0,DERBY AV,F,,D,8/2/2024 1:16:00 PM,2/6/2025 9:21:42 AM,,,2,,,,,,,
3380584,18-023997,2,False,0109,5/13/2018 3:57:00 AM,357,34X,14,109,Oakland,1,True,True,B,SIDE SWIPE,,Sunday,,,M,,False,False,False,,C,OTHER MOTOR VEHICLE,,0,0,CLEAR,,NO UNUSUAL CONDITIONS - NO UNUSUAL CONDITIONS,,C,DARK-STREET LIGHTS,,,,,,,A,NO PEDESTRIANS INVOLVED,,A,22107,,1,89TH AV,2,,,A,N,45.0,HOLLY ST,F,,D,8/2/2024 1:15:59 PM,2/6/2025 9:21:41 AM,,,2,,,,,,,
3380582,18-023694,2,False,0109,5/11/2018 5:35:00 PM,1735,05X,14,109,Oakland,1,True,True,D,BROADSIDE,,Friday,,,M,,False,False,False,,C,OTHER MOTOR VEHICLE,,1,0,CLEAR,,NO UNUSUAL CONDITIONS - NO UNUSUAL CONDITIONS,,A,DAYLIGHT,,,,,,,A,NO PEDESTRIANS INVOLVED,,A,22450A,,1,20TH ST,1,,,A,,,WEST ST,,,D,8/2/2024 1:15:59 PM,2/6/2025 9:21:41 AM,,,2,,,,,,,
3380580,18-024312,2,False,0109,5/15/2018 12:34:00 AM,34,33X,14,109,Oakland,1,True,True,B,SIDE SWIPE,,Tuesday,,,M,,False,False,True,,E,PARKED MOTOR VEHICLE,,0,0,CLEAR,,NO UNUSUAL CONDITIONS - NO UNUSUAL CONDITIONS,,C,DARK-STREET LIGHTS,,,,,,,A,NO PEDESTRIANS INVOLVED,,A,22107,,1,94TH AV,2,,,A,N,100.0,B ST,F,,D,8/2/2024 1:15:58 PM,2/6/2025 9:21:41 AM,,,2,,,,,,,
3380579,18-022944,2,False,0109,5/7/2018 4:33:00 PM,1633,15X,14,109,Oakland,1,True,True,B,SIDE SWIPE,,Monday,,,M,,False,False,False,,E,PARKED MOTOR VEHICLE,,1,0,CLEAR,,NO UNUSUAL CONDITIONS - NO UNUSUAL CONDITIONS,,A,DAYLIGHT,,,,,,,A,NO PEDESTRIANS INVOLVED,,A,22107,,1,E 18TH ST,1,,,A,E,40.0,2ND AV,F,,D,8/2/2024 1:15:58 PM,2/6/2025 9:21:41 AM,,,2,,,,,,,
3380576,18-022736,2,False,0109,5/6/2018 2:31:00 PM,1431,21X,14,109,Oakland,1,True,True,B,SIDE SWIPE,,Sunday,,,M,,False,False,False,,C,OTHER MOTOR VEHICLE,,0,0,CLEAR,,NO UNUSUAL CONDITIONS - NO UNUSUAL CONDITIONS,,A,DAYLIGHT,,,,,,,A,NO PEDESTRIANS INVOLVED,,A,23152A,,1,E 20TH ST,1,,,A,E,300.0,22ND AV,F,,A,8/2/2024 1:15:58 PM,2/6/2025 9:21:41 AM,,,2,,,,,,,
3380575,18-023229,2,False,0109,5/9/2018 9:10:00 AM,910,26X,14,109,Oakland,1,True,True,D,BROADSIDE,,Wednesday,,,,,False,False,True,,C,OTHER MOTOR VEHICLE,,2,0,CLEAR,,NO UNUSUAL CONDITIONS - NO UNUSUAL CONDITIONS,,A,DAYLIGHT,,,,,,,A,NO PEDESTRIANS INVOLVED,,A,21802A,,1,SAN LEANDRO ST,2,,,A,,,45TH AV,,,A,8/2/2024 1:15:58 PM,2/6/2025 9:21:41 AM,,,2,,,,,,,