collision-id,report-number,report-version,is-preliminary,ncic-code,crash-date-time,crash-time-description,beat,city-id,city-code,city-name,county-code,city-is-active,city-is-incorporated,collision-type-code,collision-type-description,collision-type-other-desc,day-of-week,dispatch-notified,has-photographs,hit-run,is-attachments-mailed,is-deleted,is-highway-related,is-tow-away,judicial-district,motor-vehicle-involved-with-code,motor-vehicle-involved-with-desc,motor-vehicle-involved-with-other-desc,number-injured,number-killed,weather-1,weather-2,road-condition-1,road-condition-2,special-condition-lighting-code,lighting-description,latitude,longitude,milepost-direction,milepost-distance,milepost-marker,milepost-unit-of-measure,pedestrian-action-code,pedestrian-action-desc,prepared-date,primary-collision-factor-code,primary-collision-factor-violation,primary-collision-factor-is-cited,primary-collision-party-number,primary-road,reporting-district,reporting-district-code,reviewed-date,roadway-surface-code,secondary-direction,secondary-distance,secondary-road,secondary-unit-of-measure,sketch-desc,traffic-control-device-code,created-date,modified-date,is-county-road,is-freeway,chp-555-version,is-additonal-object-struck,notification-date,notification-time-description,has-digital-media-files,evidence-number,is-location-refer-to-narrative,is-aoi-one-same-as-location
3442117,18-034958,2,False,0109,7/13/2018 3:34:00 PM,1534,20X,14,109,Oakland,1,True,True,C,REAR END,,Friday,,,M,,False,False,False,,C,OTHER MOTOR VEHICLE,,1,0,CLEAR,,NO UNUSUAL CONDITIONS - NO UNUSUAL CONDITIONS,,A,DAYLIGHT,,,,,,,A,NO PEDESTRIANS INVOLVED,,A,22350,,1,23RD AV,1,,,A,S,20.0,E 10TH ST,F,,A,8/2/2024 3:27:11 PM,2/6/2025 1:08:29 PM,,,2,,,,,,,
3442114,18-035316,2,False,0109,7/15/2018 8:13:00 PM,2013,03X,14,109,Oakland,1,True,True,C,REAR END,,Sunday,,,M,,False,False,False,,B,PEDESTRIAN,,1,0,CLEAR,,NO UNUSUAL CONDITIONS - NO UNUSUAL CONDITIONS,,A,DAYLIGHT,,,,,,,B,CROSSING IN CROSS WALK AT INTERSECTION,,A,21950A,,1,FALLON ST,1,,,A,N,20.0,7TH ST,F,,A,8/2/2024 3:27:10 PM,2/6/2025 1:08:29 PM,,,2,,,,,,,
3442111,18-044228,2,False,0109,8/31/2018 10:00:00 PM,2200,18X,14,109,Oakland,1,True,True,B,SIDE SWIPE,,Friday,,,,,False,False,False,,E,PARKED MOTOR VEHICLE,,0,0,CLEAR,,NO UNUSUAL CONDITIONS - NO UNUSUAL CONDITIONS,,C,DARK-STREET LIGHTS,,,,,,,A,NO PEDESTRIANS INVOLVED,,A,22350,,1,22ND AV,1,,,A,S,10.0,SONOMA WY,F,,D,8/2/2024 3:27:10 PM,2/6/2025 1:08:29 PM,,,2,,,,,,,
3442110,18-035375,2,False,0109,7/16/2018 7:07:00 AM,707,27X,14,109,Oakland,1,True,True,D,BROADSIDE,,Monday,,,M,,False,False,False,,C,OTHER MOTOR VEHICLE,,1,0,CLOUDY,,NO UNUSUAL CONDITIONS - NO UNUSUAL CONDITIONS,,A,DAYLIGHT,,,,,,,A,NO PEDESTRIANS INVOLVED,,A,22450A,,1,62ND AV,2,,,A,,,AVENAL AV,,,A,8/2/2024 3:27:10 PM,2/6/2025 1:08:29 PM,,,2,,,,,,,
3442107,18-044227,2,False,0109,8/31/2018 8:00:00 PM,2000,18X,14,109,Oakland,1,True,True,B,SIDE SWIPE,,Friday,,,,,False,False,False,,E,PARKED MOTOR VEHICLE,,0,0,CLEAR,,NO UNUSUAL CONDITIONS - NO UNUSUAL CONDITIONS,,C,DARK-STREET LIGHTS,,,,,,,A,NO PEDESTRIANS INVOLVED,,A,22350,,1,22ND AV,1,,,A,S,20.0,SAN ANTONIO WY,F,,D,8/2/2024 3:27:10 PM,2/6/2025 1:08:29 PM,,,2,,,,,,,
3442106,18-035529,2,False,0109,7/17/2018 1:08:00 AM,108,32X,14,109,Oakland,1,True,True,C,REAR END,,Tuesday,,,M,,False,False,False,,C,OTHER MOTOR VEHICLE,,1,0,CLEAR,,NO UNUSUAL CONDITIONS - NO UNUSUAL CONDITIONS,,C,DARK-STREET LIGHTS,,,,,,,A,NO PEDESTRIANS INVOLVED,,A,22350,,1,98TH AV,2,,,A,S,10.0,INTERNATIONAL BL,F,,A,8/2/2024 3:27:09 PM,2/6/2025 1:08:29 PM,,,2,,,,,,,
3442102,18-035183,2,False,0109,7/14/2018 11:24:00 PM,2324,03Y,14,109,Oakland,1,True,True,B,SIDE SWIPE,,Saturday,,,M,,False,False,False,,C,OTHER MOTOR VEHICLE,,1,0,CLEAR,,NO UNUSUAL CONDITIONS - NO UNUSUAL CONDITIONS,,C,DARK-STREET LIGHTS,,,,,,,A,NO PEDESTRIANS INVOLVED,,A,21453A,,1,14TH ST,1,,,A,,,MARTIN LUTHER KING JR WY,,,A,8/2/2024 3:27:09 PM,2/6/2025 1:08:29 PM,,,2,,,,,,,
3442098,18-036376,2,False,0109,7/21/2018 3:48:00 PM,1548,26X,14,109,Oakland,1,True,True,A,HEAD-ON,,Saturday,,,,,False,False,False,,C,OTHER MOTOR VEHICLE,,1,0,CLEAR,,NO UNUSUAL CONDITIONS - NO UNUSUAL CONDITIONS,,A,DAYLIGHT,,,,,,,A,NO PEDESTRIANS INVOLVED,,A,22450A,,1,E 12TH ST,2,,,A,,,50TH AV,,,A,8/2/2024 3:27:09 PM,2/6/2025 1:08:29 PM,,,2,,,,,,,
3442095,18-044236,2,False,0109,8/31/2018 8:07:00 PM,2007,18X,14,109,Oakland,1,True,True,C,REAR END,,Friday,,,M,,False,False,False,,E,PARKED MOTOR VEHICLE,,0,0,CLEAR,,NO UNUSUAL CONDITIONS - NO UNUSUAL CONDITIONS,,C,DARK-STREET LIGHTS,,,,,,,A,NO PEDESTRIANS INVOLVED,,A,22107,,1,22ND AV,1,,,A,S,250.0,E 19TH ST,F,,D,8/2/2024 3:27:08 PM,2/6/2025 1:08:29 PM,,,2,,,,,,,
3442094,18-035684,2,False,0109,7/17/2018 6:42:00 PM,1842,12X,14,109,Oakland,1,True,True,G,VEHICLE/PEDESTRAIN,,Tuesday,,,,,False,False,False,,B,PEDESTRIAN,,1,0,CLEAR,,NO UNUSUAL CONDITIONS - NO UNUSUAL CONDITIONS,,A,DAYLIGHT,,,,,,,B,CROSSING IN CROSS WALK AT INTERSECTION,,A,21950A,,1,COLLEGE AV,1,,,A,,,CHABOT RD,,,A,8/2/2024 3:27:08 PM,2/6/2025 1:08:28 PM,,,2,,,,,,,
3442091,18-040567,2,False,0109,8/13/2018 9:27:00 AM,927,23X,14,109,Oakland,1,True,True,B,SIDE SWIPE,,Monday,,,,,False,False,False,,C,OTHER MOTOR VEHICLE,,0,0,CLOUDY,,NO UNUSUAL CONDITIONS - NO UNUSUAL CONDITIONS,,A,DAYLIGHT,,,,,,,A,NO PEDESTRIANS INVOLVED,,A,21752,,1,38TH AV,2,,,A,,,FOOTHILL BL,,,A,8/2/2024 3:27:08 PM,2/6/2025 1:08:28 PM,,,2,,,,,,,
3442090,18-035545,2,False,0109,7/17/2018 4:35:00 AM,435,06X,14,109,Oakland,1,True,True,D,BROADSIDE,,Tuesday,,,,,False,False,True,,C,OTHER MOTOR VEHICLE,,1,0,CLEAR,,NO UNUSUAL CONDITIONS - NO UNUSUAL CONDITIONS,,C,DARK-STREET LIGHTS,,,,,,,A,NO PEDESTRIANS INVOLVED,,A,21801A,,1,27TH ST,1,,,A,,,NORTHGATE AV,,,A,8/2/2024 3:27:08 PM,2/6/2025 1:08:28 PM,,,2,,,,,,,
3442089,18-034993,2,False,0109,7/13/2018 7:43:00 PM,1943,13Y,14,109,Oakland,1,True,True,A,HEAD-ON,,Friday,,,,,False,False,False,,C,OTHER MOTOR VEHICLE,,1,0,CLEAR,,NO UNUSUAL CONDITIONS - NO UNUSUAL CONDITIONS,,B,DUSK-DAWN,,,,,,,A,NO PEDESTRIANS INVOLVED,,A,21460A,,1,GRIZZLY PEAK BL,1,,,A,W,1.0,MARLBOROUGH TER,M,,D,8/2/2024 3:27:08 PM,2/6/2025 1:08:28 PM,,,2,,,,,,,
3442085,18-035097,2,False,0109,7/14/2018 2:46:00 PM,1446,12Y,14,109,Oakland,1,True,True,B,SIDE SWIPE,,Saturday,,,,,False,False,False,,E,PARKED MOTOR VEHICLE,,1,0,CLEAR,,NO UNUSUAL CONDITIONS - NO UNUSUAL CONDITIONS,,A,DAYLIGHT,,,,,,,A,NO PEDESTRIANS INVOLVED,,A,22107,,1,CLAREMONT AV,1,,,A,N,50.0,CHABOT RD,F,,D,8/2/2024 3:27:07 PM,2/6/2025 1:08:28 PM,,,2,,,,,,,
3442082,18-035467,2,False,0109,7/16/2018 5:01:00 PM,1701,07X,14,109,Oakland,1,True,True,D,BROADSIDE,,Monday,,,,,False,False,False,,C,OTHER MOTOR VEHICLE,,1,0,CLEAR,,NO UNUSUAL CONDITIONS - NO UNUSUAL CONDITIONS,,A,DAYLIGHT,,,,,,,A,NO PEDESTRIANS INVOLVED,,A,21800A,,1,ADELINE ST,1,,,A,,,GRAND AV,,,A,8/2/2024 3:27:07 PM,2/6/2025 1:08:28 PM,,,2,,,,,,,
3442081,18-034990,2,False,0109,7/13/2018 7:52:00 PM,1952,17Y,14,109,Oakland,1,True,True,D,BROADSIDE,,Friday,,,,,False,False,False,,C,OTHER MOTOR VEHICLE,,1,0,CLEAR,,NO UNUSUAL CONDITIONS - NO UNUSUAL CONDITIONS,,A,DAYLIGHT,,,,,,,A,NO PEDESTRIANS INVOLVED,,A,21453A,,1,MACARTHUR BL,1,,,A,,,BEAUMONT AV,,,A,8/2/2024 3:27:07 PM,2/6/2025 1:08:28 PM,,,2,,,,,,,
3442078,18-035871,2,False,0109,7/18/2018 5:30:00 PM,1730,23X,14,109,Oakland,1,True,True,B,SIDE SWIPE,,Wednesday,,,,,False,False,False,,G,BICYCLE,,1,0,CLEAR,,NO UNUSUAL CONDITIONS - NO UNUSUAL CONDITIONS,,A,DAYLIGHT,,,,,,,A,NO PEDESTRIANS INVOLVED,,A,21202A,,1,HIGH ST,2,,,A,,,TIDEWATER AV,,,A,8/2/2024 3:27:06 PM,2/6/2025 1:08:28 PM,,,2,,,,,,,
3442077,18-035046,2,False,0109,7/14/2018 6:46:00 AM,646,20X,14,109,Oakland,1,True,True,A,HEAD-ON,,Saturday,,,,,False,False,False,,G,BICYCLE,,1,0,CLOUDY,,NO UNUSUAL CONDITIONS - NO UNUSUAL CONDITIONS,,A,DAYLIGHT,,,,,,,A,NO PEDESTRIANS INVOLVED,,A,216501,,1,FOOTHILL BL,1,,,A,E,5.0,28TH AV,F,,A,8/2/2024 3:27:06 PM,2/6/2025 1:08:28 PM,,,2,,,,,,,
3442074,18-035176,2,False,0109,7/14/2018 10:44:00 PM,2244,27X,14,109,Oakland,1,True,True,C,REAR END,,Saturday,,,,,False,False,False,,C,OTHER MOTOR VEHICLE,,2,0,CLEAR,,NO UNUSUAL CONDITIONS - NO UNUSUAL CONDITIONS,,C,DARK-STREET LIGHTS,,,,,,,A,NO PEDESTRIANS INVOLVED,,A,22350,,1,INTERNATIONAL BLVD,2,,,A,E,50.0,44TH AV,F,,D,8/2/2024 3:27:06 PM,2/6/2025 1:08:28 PM,,,2,,,,,,,
3442073,18-036605,2,False,0109,7/23/2018 7:18:00 AM,718,08X,14,109,Oakland,1,True,True,E,HIT OBJECT,,Monday,,,,,False,False,True,,I,FIXED OBJECT,,1,0,CLEAR,,NO UNUSUAL CONDITIONS - NO UNUSUAL CONDITIONS,,A,DAYLIGHT,,,,,,,A,NO PEDESTRIANS INVOLVED,,A,22107,,1,W MACARTHUR BL,1,,,A,E,75.0,TELEGRAPH AV,F,,A,8/2/2024 3:27:06 PM,2/6/2025 1:08:28 PM,,,2,,,,,,,
3442070,18-035653,2,False,0109,7/1/2018 3:16:00 PM,1516,06X,14,109,Oakland,1,True,True,D,BROADSIDE,,Sunday,,,,,False,False,False,,C,OTHER MOTOR VEHICLE,,1,0,CLEAR,,NO UNUSUAL CONDITIONS - NO UNUSUAL CONDITIONS,,A,DAYLIGHT,,,,,,,A,NO PEDESTRIANS INVOLVED,,A,22107,,1,36TH ST,1,,,A,,,MARKET ST,,,A,8/2/2024 3:27:06 PM,2/6/2025 1:08:28 PM,,,2,,,,,,,
3442068,18-035239,2,False,0109,7/15/2018 9:00:00 AM,900,08X,14,109,Oakland,1,True,True,D,BROADSIDE,,Sunday,,,,,False,False,False,,C,OTHER MOTOR VEHICLE,,2,0,CLOUDY,,NO UNUSUAL CONDITIONS - NO UNUSUAL CONDITIONS,,A,DAYLIGHT,,,,,,,A,NO PEDESTRIANS INVOLVED,,A,21801A,,1,BROADWAY,1,,,A,,,HAWTHORNE ST,,,A,8/2/2024 3:27:05 PM,2/6/2025 1:08:28 PM,,,2,,,,,,,
3441951,18-036048,2,False,0109,7/19/2018 4:15:00 PM,1615,09X,14,109,Oakland,1,True,True,C,REAR END,,Thursday,,,,,False,False,False,,C,OTHER MOTOR VEHICLE,,2,0,CLEAR,,NO UNUSUAL CONDITIONS - NO UNUSUAL CONDITIONS,,A,DAYLIGHT,,,,,,,A,NO PEDESTRIANS INVOLVED,,D,,,,BROADWAY,1,,,A,S,200.0,40TH ST,F,,A,8/2/2024 3:26:52 PM,2/6/2025 1:08:23 PM,,,2,,,,,,,
3440914,18-025698,2,False,0109,5/22/2018 1:43:00 PM,1343,19X,14,109,Oakland,1,True,True,G,VEHICLE/PEDESTRAIN,,Tuesday,,,,,False,False,False,,B,PEDESTRIAN,,0,0,CLOUDY,,NO UNUSUAL CONDITIONS - NO UNUSUAL CONDITIONS,,A,DAYLIGHT,,,,,,,B,CROSSING IN CROSS WALK AT INTERSECTION,,A,21950A,,1,E 15TH ST,1,,,A,,,9TH AV,,,A,8/2/2024 3:25:04 PM,2/6/2025 1:07:48 PM,,,2,,,,,,,
3440866,18-026587 6948,2,False,0109,5/27/2018 8:10:00 PM,2010,27Y,14,109,Oakland,1,True,True,C,REAR END,,Sunday,,,F,,False,False,False,,C,OTHER MOTOR VEHICLE,,1,0,CLEAR,,NO UNUSUAL CONDITIONS - NO UNUSUAL CONDITIONS,,B,DUSK-DAWN,,,,,,,A,NO PEDESTRIANS INVOLVED,,A,22350,,1,BANCROFT AV,2,,,A,,,65TH AV,,,A,8/2/2024 3:25:00 PM,2/6/2025 1:07:46 PM,,,2,,,,,,,
3440854,18-025454 7013,2,False,0109,5/21/2018 8:50:00 AM,850,23X,14,109,Oakland,1,True,True,G,VEHICLE/PEDESTRAIN,,Monday,,,,,False,False,False,,B,PEDESTRIAN,,1,0,CLEAR,,NO UNUSUAL CONDITIONS - NO UNUSUAL CONDITIONS,,A,DAYLIGHT,,,,,,,,,,A,21950B,,2,INTERNATIONAL BL,2,,,A,,,39TH AV,,,A,8/2/2024 3:24:58 PM,2/6/2025 1:07:46 PM,,,2,,,,,,,
3440715,18-045453,2,False,0109,9/7/2018 6:35:00 PM,1835,14X,14,109,Oakland,1,True,True,C,REAR END,,Friday,,,,,False,False,False,,E,PARKED MOTOR VEHICLE,,0,0,CLEAR,,NO UNUSUAL CONDITIONS - NO UNUSUAL CONDITIONS,,B,DUSK-DAWN,,,,,,,A,NO PEDESTRIANS INVOLVED,,A,23152A,,1,MACARTHUR BL,1,,,A,W,35.0,GRAND AV,F,,A,8/2/2024 3:24:44 PM,2/6/2025 1:07:41 PM,,,2,,,,,,,
3440697,18-044119,2,False,0109,8/31/2018 8:56:00 AM,856,32X,14,109,Oakland,1,True,True,D,BROADSIDE,,Friday,,,,,False,False,True,,E,PARKED MOTOR VEHICLE,,0,0,CLEAR,,NO UNUSUAL CONDITIONS - NO UNUSUAL CONDITIONS,,A,DAYLIGHT,,,,,,,A,NO PEDESTRIANS INVOLVED,,A,22107,,1,100TH AV,2,,,A,N,75.0,BIRCH ST,F,,D,8/2/2024 3:24:43 PM,2/6/2025 1:07:41 PM,,,2,,,,,,,
3440694,18-038332,2,False,0109,8/1/2018 6:07:00 AM,607,06X,14,109,Oakland,1,True,True,C,REAR END,,Wednesday,,,,,False,False,False,,E,PARKED MOTOR VEHICLE,,0,0,CLEAR,,NO UNUSUAL CONDITIONS - NO UNUSUAL CONDITIONS,,B,DUSK-DAWN,,,,,,,A,NO PEDESTRIANS INVOLVED,,A,23152A,,1,WEST ST,1,,,A,N,50.0,35TH ST,F,,A,8/2/2024 3:24:42 PM,2/6/2025 1:07:41 PM,,,2,,,,,,,
3440543,18-035432,2,False,0109,6/3/2018 7:50:00 PM,1950,26X,14,109,Oakland,1,True,True,G,VEHICLE/PEDESTRAIN,,Sunday,,,M,,False,False,False,,B,PEDESTRIAN,,1,0,CLEAR,,NO UNUSUAL CONDITIONS - NO UNUSUAL CONDITIONS,,B,DUSK-DAWN,,,,,,,F,NOT IN ROAD,,A,21950A,,1,HIGH ST,2,,,A,,,COLISEUM WY,,,D,8/2/2024 3:24:27 PM,2/6/2025 1:07:36 PM,,,2,,,,,,,
3440539,18-031567,2,False,0109,6/25/2018 1:45:00 AM,145,28X,14,109,Oakland,1,True,True,B,SIDE SWIPE,,Monday,,,,,False,False,True,,I,FIXED OBJECT,,1,0,CLEAR,,NO UNUSUAL CONDITIONS - NO UNUSUAL CONDITIONS,,C,DARK-STREET LIGHTS,,,,,,,A,NO PEDESTRIANS INVOLVED,,A,22107,,1,BIRDSALL AV,2,,,A,,,KNOWLAND AV,,,A,8/2/2024 3:24:27 PM,2/6/2025 1:07:35 PM,,,2,,,,,,,
3440531,18-031269,2,False,0109,6/23/2018 3:45:00 AM,345,19X,14,109,Oakland,1,True,True,C,REAR END,,Saturday,,,,,False,False,False,,E,PARKED MOTOR VEHICLE,,1,0,CLEAR,,NO UNUSUAL CONDITIONS - NO UNUSUAL CONDITIONS,,C,DARK-STREET LIGHTS,,,,,,,A,NO PEDESTRIANS INVOLVED,,A,22107,,1,E 15TH ST,1,,,A,E,10.0,4TH AV,F,,A,8/2/2024 3:24:26 PM,2/6/2025 1:07:35 PM,,,2,,,,,,,
3440215,18-041505,2,False,0109,8/18/2018 1:50:00 AM,150,27X,14,109,Oakland,1,True,True,G,VEHICLE/PEDESTRAIN,,Saturday,,,F,,False,False,False,,B,PEDESTRIAN,,1,0,CLEAR,,NO UNUSUAL CONDITIONS - NO UNUSUAL CONDITIONS,,C,DARK-STREET LIGHTS,,,,,,,B,CROSSING IN CROSS WALK AT INTERSECTION,,D,,,,FOOTHILL BL,2,,,A,,,FAIRFAX,,,D,8/2/2024 3:23:51 PM,2/6/2025 1:07:25 PM,,,2,,,,,,,
3440211,18-026214,2,False,0109,5/25/2018 2:30:00 PM,1430,02X,14,109,Oakland,1,True,True,B,SIDE SWIPE,,Friday,,,,,False,False,False,,E,PARKED MOTOR VEHICLE,,0,0,CLEAR,,NO UNUSUAL CONDITIONS - NO UNUSUAL CONDITIONS,,A,DAYLIGHT,,,,,,,A,NO PEDESTRIANS INVOLVED,,A,22350,,1,8TH ST,1,,,A,W,184.0,FILBERT ST,F,,D,8/2/2024 3:23:50 PM,2/6/2025 1:07:25 PM,,,2,,,,,,,
3440207,18-041499,2,False,0109,8/18/2018 12:30:00 AM,30,03X,14,109,Oakland,1,True,True,D,BROADSIDE,,Saturday,,,,,False,False,False,,C,OTHER MOTOR VEHICLE,,0,0,CLEAR,,NO UNUSUAL CONDITIONS - NO UNUSUAL CONDITIONS,,C,DARK-STREET LIGHTS,,,,,,,A,NO PEDESTRIANS INVOLVED,,A,21453A,,,6TH ST,1,,,A,,,MADISON ST,,,A,8/2/2024 3:23:50 PM,2/6/2025 1:07:25 PM,,,2,,,,,,,
3440203,18-044856,2,False,0109,9/4/2018 7:43:00 PM,1943,26X,14,109,Oakland,1,True,True,D,BROADSIDE,,Tuesday,,,M,,False,False,False,,C,OTHER MOTOR VEHICLE,,1,0,CLEAR,,NO UNUSUAL CONDITIONS - NO UNUSUAL CONDITIONS,,C,DARK-STREET LIGHTS,,,,,,,A,NO PEDESTRIANS INVOLVED,,A,22102,,1,SAN LEANDRO ST,2,,,A,E,100.0,54TH AV,F,,D,8/2/2024 3:23:50 PM,2/6/2025 1:07:24 PM,,,2,,,,,,,
3440199,18-042574,2,False,0109,8/22/2018 9:00:00 PM,2100,27X,14,109,Oakland,1,True,True,B,SIDE SWIPE,,Wednesday,,,M,,False,False,False,,C,OTHER MOTOR VEHICLE,,0,0,CLEAR,,NO UNUSUAL CONDITIONS - NO UNUSUAL CONDITIONS,,C,DARK-STREET LIGHTS,,,,,,,A,NO PEDESTRIANS INVOLVED,,A,22450A,,1,57TH AV,2,,,A,,,HARMON AV,,,A,8/2/2024 3:23:49 PM,2/6/2025 1:07:24 PM,,,2,,,,,,,
3459811,18-024727,2,False,0109,5/17/2018 5:23:00 AM,523,19X,14,109,Oakland,1,True,True,B,SIDE SWIPE,,Thursday,,,M,,False,False,True,,C,OTHER MOTOR VEHICLE,,0,0,CLEAR,,NO UNUSUAL CONDITIONS - NO UNUSUAL CONDITIONS,,B,DUSK-DAWN,,,,,,,A,NO PEDESTRIANS INVOLVED,,A,21703,,1,INTERNATIONAL BL,1,,,A,,,9TH AV,,,A,8/2/2024 4:02:19 PM,2/6/2025 1:19:41 PM,,,2,,,,,,,
3459797,18-051775,2,False,0109,10/12/2018 5:42:00 AM,542,26X,14,109,Oakland,1,True,True,D,BROADSIDE,,Friday,,,,,False,False,False,,C,OTHER MOTOR VEHICLE,,0,0,CLEAR,,NO UNUSUAL CONDITIONS - NO UNUSUAL CONDITIONS,,C,DARK-STREET LIGHTS,,,,,,,A,NO PEDESTRIANS INVOLVED,,A,21802A,,1,COLISEUM WY,2,,,A,,,50TH AV,,,A,8/2/2024 4:02:17 PM,2/6/2025 1:19:40 PM,,,2,,,,,,,
3459792,18-037967,2,False,0109,7/30/2018 6:36:00 AM,636,19X,14,109,Oakland,1,True,True,H,OTHER,,Monday,,,M,,False,False,False,,C,OTHER MOTOR VEHICLE,,0,0,CLEAR,,NO UNUSUAL CONDITIONS - NO UNUSUAL CONDITIONS,,A,DAYLIGHT,,,,,,,A,NO PEDESTRIANS INVOLVED,,A,22450A,,1,E 15TH ST,1,,,A,,,22ND AV,,,A,8/2/2024 4:02:17 PM,2/6/2025 1:19:40 PM,,,2,,,,,,,
3459784,18-034222,2,False,0109,7/10/2018 12:38:00 AM,38,09X,14,109,Oakland,1,True,True,C,REAR END,,Tuesday,,,,,False,False,False,,C,OTHER MOTOR VEHICLE,,0,0,CLEAR,,NO UNUSUAL CONDITIONS - NO UNUSUAL CONDITIONS,,C,DARK-STREET LIGHTS,,,,,,,A,NO PEDESTRIANS INVOLVED,,A,21804A,,1,BROADWAY,1,,,D,N,100.0,41ST ST,F,,A,8/2/2024 4:02:16 PM,2/6/2025 1:19:40 PM,,,2,,,,,,,
3459780,18-036251,2,False,0109,7/20/2018 3:45:00 PM,1545,11X,14,109,Oakland,1,True,True,D,BROADSIDE,,Friday,,,,,False,False,False,,C,OTHER MOTOR VEHICLE,,0,0,CLEAR,,NO UNUSUAL CONDITIONS - NO UNUSUAL CONDITIONS,,A,DAYLIGHT,,,,,,,A,NO PEDESTRIANS INVOLVED,,A,21801A,,1,SHATTUCK AV,1,,,A,,,59TH ST,,,D,8/2/2024 4:02:15 PM,2/6/2025 1:19:40 PM,,,2,,,,,,,
3459775,18-033175,2,False,0109,7/3/2018 10:55:00 PM,2255,27X,14,109,Oakland,1,True,True,C,REAR END,,Tuesday,,,M,,False,False,False,,C,OTHER MOTOR VEHICLE,,0,0,CLOUDY,,NO UNUSUAL CONDITIONS - NO UNUSUAL CONDITIONS,,C,DARK-STREET LIGHTS,,,,,,,A,NO PEDESTRIANS INVOLVED,,A,22350,,1,BANCROFT AV,2,,,A,W,15.0,55TH AV,F,,A,8/2/2024 4:02:14 PM,2/6/2025 1:19:39 PM,,,2,,,,,,,
3459771,18-036597,2,False,0109,7/23/2018 10:30:00 PM,2230,30X,14,109,Oakland,1,True,True,B,SIDE SWIPE,,Monday,,,M,,False,False,True,,E,PARKED MOTOR VEHICLE,,0,0,CLEAR,,NO UNUSUAL CONDITIONS - NO UNUSUAL CONDITIONS,,C,DARK-STREET LIGHTS,,,,,,,A,NO PEDESTRIANS INVOLVED,,A,22107,,1,82ND AV,2,,,A,N,100.0,PLYMOUTH ST,F,,D,8/2/2024 4:02:14 PM,2/6/2025 1:19:39 PM,,,2,,,,,,,
3459702,18-036200,2,False,0109,7/20/2018 12:06:00 PM,1206,03X,14,109,Oakland,1,True,True,G,VEHICLE/PEDESTRAIN,,Friday,,,M,,False,False,False,,B,PEDESTRIAN,,1,0,CLEAR,,NO UNUSUAL CONDITIONS - NO UNUSUAL CONDITIONS,,A,DAYLIGHT,,,,,,,F,NOT IN ROAD,,A,21663,,1,BROADWAY,1,,,A,S,50.0,14TH ST,F,,D,8/2/2024 4:02:04 PM,2/6/2025 1:19:37 PM,,,2,,,,,,,
3459700,18-036179,2,False,0109,7/20/2018 10:26:00 AM,1026,03Y,14,109,Oakland,1,True,True,D,BROADSIDE,,Friday,,,,,False,False,True,,C,OTHER MOTOR VEHICLE,,1,0,CLEAR,,NO UNUSUAL CONDITIONS - NO UNUSUAL CONDITIONS,,A,DAYLIGHT,,,,,,,A,NO PEDESTRIANS INVOLVED,,A,21453A,,1,MARTIN LUTHER KING JR WY,1,,,A,,,7TH ST,,,A,8/2/2024 4:02:04 PM,2/6/2025 1:19:37 PM,,,2,,,,,,,
3459697,18-037801,2,False,0109,7/29/2018 1:28:00 AM,128,26X,14,109,Oakland,1,True,True,G,VEHICLE/PEDESTRAIN,,Sunday,,,F,,False,False,False,,B,PEDESTRIAN,,1,0,CLEAR,,NO UNUSUAL CONDITIONS - NO UNUSUAL CONDITIONS,,C,DARK-STREET LIGHTS,,,,,,,D,CROSSING - NOT IN CROSSWALK,,A,22107,,1,75TH AV,2,,,A,N,80.0,HAMILTON AV,F,,D,8/2/2024 4:02:03 PM,2/6/2025 1:19:36 PM,,,2,,,,,,,
3459650,18-030684,2,False,0109,6/20/2018 4:49:00 AM,449,29X,14,109,Oakland,1,True,True,H,OTHER,,Wednesday,,,M,,False,False,True,,E,PARKED MOTOR VEHICLE,,0,0,CLEAR,,NO UNUSUAL CONDITIONS - NO UNUSUAL CONDITIONS,,A,DAYLIGHT,,,,,,,A,NO PEDESTRIANS INVOLVED,,A,22107,,1,E ST,2,,,A,W,34.0,104TH AV,F,,D,8/2/2024 4:01:57 PM,2/6/2025 1:19:35 PM,,,2,,,,,,,
3459647,18-037282,2,False,0109,6/22/2018 5:24:00 PM,1724,30X,14,109,Oakland,1,True,True,B,SIDE SWIPE,,Friday,,,,,False,False,False,,C,OTHER MOTOR VEHICLE,,0,0,CLEAR,,NO UNUSUAL CONDITIONS - NO UNUSUAL CONDITIONS,,A,DAYLIGHT,,,,,,,A,NO PEDESTRIANS INVOLVED,,D,,,,74TH AV,2,,,A,,,HOLLY ST,,,A,8/2/2024 4:01:56 PM,2/6/2025 1:19:34 PM,,,2,,,,,,,
3459317,18-038324,2,False,0109,8/1/2018 5:43:00 AM,543,17X,14,109,Oakland,1,True,True,D,BROADSIDE,,Wednesday,,,M,,False,False,True,,C,OTHER MOTOR VEHICLE,,0,0,CLOUDY,,NO UNUSUAL CONDITIONS - NO UNUSUAL CONDITIONS,,A,DAYLIGHT,,,,,,,A,NO PEDESTRIANS INVOLVED,,A,21453A,,1,BEAUMONT AV,1,,,A,,,MACARTHUR BL,,,A,8/2/2024 4:01:15 PM,2/6/2025 1:19:21 PM,,,2,,,,,,,
3459272,18-036194,2,False,0109,7/20/2018 11:42:00 AM,1142,17X,14,109,Oakland,1,True,True,D,BROADSIDE,,Friday,,,,,False,False,False,,C,OTHER MOTOR VEHICLE,,1,0,CLEAR,,NO UNUSUAL CONDITIONS - NO UNUSUAL CONDITIONS,,A,DAYLIGHT,,,,,,,A,NO PEDESTRIANS INVOLVED,,A,21453A,,1,E 18TH ST,1,,,A,,,5TH AV,,,A,8/2/2024 4:01:09 PM,2/6/2025 1:19:19 PM,,,2,,,,,,,
3459085,18-045747,2,False,0109,9/9/2018 2:30:00 AM,230,20X,14,109,Oakland,1,True,True,H,OTHER,,Sunday,,,M,,False,False,False,,C,OTHER MOTOR VEHICLE,,0,0,CLEAR,,NO UNUSUAL CONDITIONS - NO UNUSUAL CONDITIONS,,C,DARK-STREET LIGHTS,,,,,,,A,NO PEDESTRIANS INVOLVED,,A,22107,,1,INTERNATIONAL BL,1,,,A,E,20.0,28TH AV,F,,D,8/2/2024 4:00:44 PM,2/6/2025 1:19:11 PM,,,2,,,,,,,