collision-id,report-number,report-version,is-preliminary,ncic-code,crash-date-time,crash-time-description,beat,city-id,city-code,city-name,county-code,city-is-active,city-is-incorporated,collision-type-code,collision-type-description,collision-type-other-desc,day-of-week,dispatch-notified,has-photographs,hit-run,is-attachments-mailed,is-deleted,is-highway-related,is-tow-away,judicial-district,motor-vehicle-involved-with-code,motor-vehicle-involved-with-desc,motor-vehicle-involved-with-other-desc,number-injured,number-killed,weather-1,weather-2,road-condition-1,road-condition-2,special-condition-lighting-code,lighting-description,latitude,longitude,milepost-direction,milepost-distance,milepost-marker,milepost-unit-of-measure,pedestrian-action-code,pedestrian-action-desc,prepared-date,primary-collision-factor-code,primary-collision-factor-violation,primary-collision-factor-is-cited,primary-collision-party-number,primary-road,reporting-district,reporting-district-code,reviewed-date,roadway-surface-code,secondary-direction,secondary-distance,secondary-road,secondary-unit-of-measure,sketch-desc,traffic-control-device-code,created-date,modified-date,is-county-road,is-freeway,chp-555-version,is-additonal-object-struck,notification-date,notification-time-description,has-digital-media-files,evidence-number,is-location-refer-to-narrative,is-aoi-one-same-as-location
3464189,18-043413,2,False,0109,8/27/2018 5:15:00 AM,515,31Y,14,109,Oakland,1,True,True,B,SIDE SWIPE,,Monday,,,M,,False,False,True,,E,PARKED MOTOR VEHICLE,,0,0,,,HOLES- DEEPRUT* - HOLES- DEEPRUT*,,,,,,,,,,,,,A,22107,,1,CORAL RD,2,,,,N,112.0,GANNON RD,F,,D,8/2/2024 4:12:11 PM,2/6/2025 1:22:40 PM,,,2,,,,,,,
3464187,18-046466,2,False,0109,9/13/2018 10:22:00 AM,1022,34X,14,109,Oakland,1,True,True,D,BROADSIDE,,Thursday,,,M,,False,False,False,,C,OTHER MOTOR VEHICLE,,1,0,CLEAR,,NO UNUSUAL CONDITIONS - NO UNUSUAL CONDITIONS,,A,DAYLIGHT,,,,,,,A,NO PEDESTRIANS INVOLVED,,A,22450,,1,102ND AV,2,,,A,,,GRAFFIAN ST,,,A,8/2/2024 4:12:11 PM,2/6/2025 1:22:40 PM,,,2,,,,,,,
3464185,18-041916,2,False,0109,8/19/2018 3:50:00 PM,1550,17X,14,109,Oakland,1,True,True,D,BROADSIDE,,Sunday,,,M,,False,False,False,,D,MOTOR VEHICLE ON OTHER ROADWAY,,0,0,CLEAR,,NO UNUSUAL CONDITIONS - NO UNUSUAL CONDITIONS,,A,DAYLIGHT,,,,,,,,,,A,21453A,,1,18TH ST,1,,,A,,,5TH AV,,,A,8/2/2024 4:12:11 PM,2/6/2025 1:22:39 PM,,,2,,,,,,,
3464183,18-046380 7992,2,False,0109,9/12/2018 9:47:00 PM,2147,30Y,14,109,Oakland,1,True,True,A,HEAD-ON,,Wednesday,,,,,False,False,False,,C,OTHER MOTOR VEHICLE,,1,0,CLEAR,,NO UNUSUAL CONDITIONS - NO UNUSUAL CONDITIONS,,C,DARK-STREET LIGHTS,,,,,,,A,NO PEDESTRIANS INVOLVED,,A,22107,,1,GREENLY DR,2,,,A,,,LAMB ST,,,A,8/2/2024 4:12:11 PM,2/6/2025 1:22:39 PM,,,2,,,,,,,
3464182,18-0411515,2,False,0109,8/18/2018 6:47:00 AM,647,34X,14,109,Oakland,1,True,True,D,BROADSIDE,,Saturday,,,M,,False,False,False,,C,OTHER MOTOR VEHICLE,,0,0,CLEAR,,NO UNUSUAL CONDITIONS - NO UNUSUAL CONDITIONS,,C,DARK-STREET LIGHTS,,,,,,,,,,A,22450A,,1,85TH AV,2,,,A,,,HOLLY ST,,,D,8/2/2024 4:12:10 PM,2/6/2025 1:22:39 PM,,,2,,,,,,,
3464180,18-045324 7977,2,False,0109,9/7/2018 8:30:00 AM,830,35X,14,109,Oakland,1,True,True,A,HEAD-ON,,Friday,,,,,False,True,True,,C,OTHER MOTOR VEHICLE,,2,0,CLEAR,,OTHER* - OTHER*,,A,DAYLIGHT,,,,,,,A,NO PEDESTRIANS INVOLVED,,A,21801A,,1,MOUNTAIN BL,2,,,A,,,RT 580,,,A,8/2/2024 4:12:10 PM,2/6/2025 1:22:39 PM,,,2,,,,,,,
3464179,18-041045,2,False,0109,8/15/2018 4:26:00 PM,1626,30X,14,109,Oakland,1,True,True,D,BROADSIDE,,Wednesday,,,M,,False,False,False,,C,OTHER MOTOR VEHICLE,,0,0,CLEAR,,NO UNUSUAL CONDITIONS - NO UNUSUAL CONDITIONS,,A,DAYLIGHT,,,,,,,,,,A,22450A,,1,76TH AV,2,,,A,,,HOLLY ST,,,A,8/2/2024 4:12:10 PM,2/6/2025 1:22:39 PM,,,2,,,,,,,
3464178,18-043360,2,False,0109,8/27/2018 10:32:00 AM,1032,35X,14,109,Oakland,1,True,True,C,REAR END,,Monday,,,,,False,False,False,,E,PARKED MOTOR VEHICLE,,0,0,CLEAR,,NO UNUSUAL CONDITIONS - NO UNUSUAL CONDITIONS,,A,DAYLIGHT,,,,,,,,,,A,22107,,1,FONTAINE ST,2,,,A,E,400.0,HOLMES AV,F,,D,8/2/2024 4:12:10 PM,2/6/2025 1:22:39 PM,,,2,,,,,,,
3464176,18-046137 7989,2,False,0109,9/11/2018 12:05:00 PM,1205,14X,14,109,Oakland,1,True,True,G,VEHICLE/PEDESTRAIN,,Tuesday,,,,,False,False,False,,B,PEDESTRIAN,,1,0,CLEAR,,NO UNUSUAL CONDITIONS - NO UNUSUAL CONDITIONS,,A,DAYLIGHT,,,,,,,C,CROSSING IN CROSS WALK - NOT AT INTERSECTION,,D,,,,GRAND AV,1,,,A,,,PERKINS ST,,,A,8/2/2024 4:12:10 PM,2/6/2025 1:22:39 PM,,,2,,,,,,,
3464175,18-039115,2,False,0109,8/5/2018 10:33:00 PM,2233,20X,14,109,Oakland,1,True,True,B,SIDE SWIPE,,Sunday,,,M,,False,False,False,,G,BICYCLE,,0,0,CLEAR,,NO UNUSUAL CONDITIONS - NO UNUSUAL CONDITIONS,,C,DARK-STREET LIGHTS,,,,,,,,,,A,22107,,1,23RD AV,1,,,A,,,INTERNATIONAL BL,,,A,8/2/2024 4:12:10 PM,2/6/2025 1:22:39 PM,,,2,,,,,,,
3464173,18-041854,2,False,0109,8/19/2018 4:19:00 AM,419,27X,14,109,Oakland,1,True,True,D,BROADSIDE,,Sunday,,,M,,False,False,False,,C,OTHER MOTOR VEHICLE,,0,0,CLOUDY,,NO UNUSUAL CONDITIONS - NO UNUSUAL CONDITIONS,,B,DUSK-DAWN,,,,,,,,,,A,22450A,,1,BANCROFT AV,2,,,A,,,48TH AV,,,D,8/2/2024 4:12:09 PM,2/6/2025 1:22:39 PM,,,2,,,,,,,
3464146,18-055433,2,False,0109,11/1/2018 10:51:00 AM,1051,23X,14,109,Oakland,1,True,True,D,BROADSIDE,,Thursday,,,,,False,False,False,,C,OTHER MOTOR VEHICLE,,0,0,CLEAR,,NO UNUSUAL CONDITIONS - NO UNUSUAL CONDITIONS,,A,DAYLIGHT,,,,,,,A,NO PEDESTRIANS INVOLVED,,A,22107,,1,INTERNATIONAL BL,1,,,A,E,165.0,FRUITVALE AV,F,,D,8/2/2024 4:12:06 PM,2/6/2025 1:22:38 PM,,,2,,,,,,,
3464071,18-039098,2,False,0109,8/5/2018 8:50:00 PM,2050,32Y,14,109,Oakland,1,True,True,A,HEAD-ON,,Sunday,,,,,False,False,False,,C,OTHER MOTOR VEHICLE,,1,0,CLEAR,,NO UNUSUAL CONDITIONS - NO UNUSUAL CONDITIONS,,C,DARK-STREET LIGHTS,,,,,,,A,NO PEDESTRIANS INVOLVED,,A,21801A,,1,106TH AV,2,,,A,,,MACARTHUR BL,,,A,8/2/2024 4:11:56 PM,2/6/2025 1:22:34 PM,,,2,,,,,,,
3464067,18-039715,2,False,0109,8/9/2018 12:02:00 AM,2,03X,14,109,Oakland,1,True,True,D,BROADSIDE,,Thursday,,,,,False,False,False,,C,OTHER MOTOR VEHICLE,,2,0,CLEAR,,NO UNUSUAL CONDITIONS - NO UNUSUAL CONDITIONS,,C,DARK-STREET LIGHTS,,,,,,,A,NO PEDESTRIANS INVOLVED,,A,21453A,,1,JACKSON ST,1,,,A,,,6TH ST,,,A,8/2/2024 4:11:55 PM,2/6/2025 1:22:34 PM,,,2,,,,,,,
3464063,18-041734,2,False,0109,8/18/2018 1:46:00 PM,1346,12X,14,109,Oakland,1,True,True,D,BROADSIDE,,Saturday,,,,,False,False,False,,B,PEDESTRIAN,,1,0,CLEAR,,NO UNUSUAL CONDITIONS - NO UNUSUAL CONDITIONS,,A,DAYLIGHT,,,,,,,B,CROSSING IN CROSS WALK AT INTERSECTION,,A,21950A,,1,CLAREMONT AV,1,,,A,,,CAVOUR ST,,,A,8/2/2024 4:11:55 PM,2/6/2025 1:22:34 PM,,,2,,,,,,,
3464059,18-042516,2,False,0109,8/22/2018 2:58:00 PM,1458,05X,14,109,Oakland,1,True,True,D,BROADSIDE,,Wednesday,,,,,False,False,True,,C,OTHER MOTOR VEHICLE,,1,0,CLEAR,,NO UNUSUAL CONDITIONS - NO UNUSUAL CONDITIONS,,A,DAYLIGHT,,,,,,,A,NO PEDESTRIANS INVOLVED,,A,21802A,,1,W GRAND AV,1,,,A,,,LINDEN ST,,,D,8/2/2024 4:11:54 PM,2/6/2025 1:22:34 PM,,,2,,,,,,,
3464056,18-041464,2,False,0109,8/17/2018 8:31:00 PM,2031,15X,14,109,Oakland,1,True,True,D,BROADSIDE,,Friday,,,,,False,False,False,,C,OTHER MOTOR VEHICLE,,1,0,CLEAR,,NO UNUSUAL CONDITIONS - NO UNUSUAL CONDITIONS,,C,DARK-STREET LIGHTS,,,,,,,A,NO PEDESTRIANS INVOLVED,,A,21801A,,1,MACARTHUR BL,1,,,A,,,PARK BL,,,A,8/2/2024 4:11:54 PM,2/6/2025 1:22:34 PM,,,2,,,,,,,
3464052,18-044256,2,False,0109,8/31/2018 11:38:00 PM,2338,32Y,14,109,Oakland,1,True,True,A,HEAD-ON,,Friday,,,F,,False,False,False,,C,OTHER MOTOR VEHICLE,,1,0,CLEAR,,NO UNUSUAL CONDITIONS - NO UNUSUAL CONDITIONS,,C,DARK-STREET LIGHTS,,,,,,,A,NO PEDESTRIANS INVOLVED,,A,22107,,1,BYRON AV,2,,,A,,,MACARTHUR BL,,,A,8/2/2024 4:11:53 PM,2/6/2025 1:22:34 PM,,,2,,,,,,,
3464047,18-043300,2,False,0109,8/25/2018 6:11:00 AM,611,12X,14,109,Oakland,1,True,True,B,SIDE SWIPE,,Saturday,,,,,False,False,False,,C,OTHER MOTOR VEHICLE,,1,0,CLEAR,,NO UNUSUAL CONDITIONS - NO UNUSUAL CONDITIONS,,A,DAYLIGHT,,,,,,,A,NO PEDESTRIANS INVOLVED,,A,22107,,1,TELEGRAPH AV,1,,,A,,,40TH ST,,,A,8/2/2024 4:11:52 PM,2/6/2025 1:22:33 PM,,,2,,,,,,,
3464045,18-039925,2,False,0109,8/9/2018 12:17:00 AM,17,02X,14,109,Oakland,1,True,True,D,BROADSIDE,,Thursday,,,,,False,False,False,,I,FIXED OBJECT,,1,0,CLEAR,,NO UNUSUAL CONDITIONS - NO UNUSUAL CONDITIONS,,C,DARK-STREET LIGHTS,,,,,,,A,NO PEDESTRIANS INVOLVED,,A,22350,,1,ADELAIDE ST,1,,,A,S,370.0,3RD ST,F,,D,8/2/2024 4:11:52 PM,2/6/2025 1:22:33 PM,,,2,,,,,,,
3464042,18-041713,2,False,0109,8/18/2018 12:55:00 PM,1255,28X,14,109,Oakland,1,True,True,B,SIDE SWIPE,,Saturday,,,F,,False,False,False,,C,OTHER MOTOR VEHICLE,,1,0,CLEAR,,NO UNUSUAL CONDITIONS - NO UNUSUAL CONDITIONS,,B,DUSK-DAWN,,,,,,,A,NO PEDESTRIANS INVOLVED,,A,22107,,1,SEMINARY AV,2,,,A,N,5.0,OUTLOOK AV,F,,A,8/2/2024 4:11:51 PM,2/6/2025 1:22:33 PM,,,2,,,,,,,
3464038,18-041228,2,False,0109,8/16/2018 2:18:00 PM,1418,04X,14,109,Oakland,1,True,True,D,BROADSIDE,,Thursday,,,,,False,False,False,,C,OTHER MOTOR VEHICLE,,1,0,CLEAR,,NO UNUSUAL CONDITIONS - NO UNUSUAL CONDITIONS,,A,DAYLIGHT,,,,,,,E,IN ROAD - INCLUDES SHOULDER,,A,21453A,,1,SAN PABLO AV,1,,,A,,,CASTRO ST,,,A,8/2/2024 4:11:51 PM,2/6/2025 1:22:33 PM,,,2,,,,,,,
3464033,18-041745,2,False,0109,8/18/2018 3:03:00 PM,1503,07X,14,109,Oakland,1,True,True,D,BROADSIDE,,Saturday,,,,,False,False,False,,C,OTHER MOTOR VEHICLE,,1,0,CLEAR,,NO UNUSUAL CONDITIONS - NO UNUSUAL CONDITIONS,,A,DAYLIGHT,,,,,,,A,NO PEDESTRIANS INVOLVED,,A,21802A,,1,34TH ST,1,,,A,,,ADELLE ST,,,D,8/2/2024 4:11:50 PM,2/6/2025 1:22:33 PM,,,2,,,,,,,
3464029,18-039720,2,False,0109,8/9/2018 1:30:00 AM,130,01X,14,109,Oakland,1,True,True,E,HIT OBJECT,,Thursday,,,,,False,False,True,,I,FIXED OBJECT,,1,0,CLEAR,,NO UNUSUAL CONDITIONS - NO UNUSUAL CONDITIONS,,C,DARK-STREET LIGHTS,,,,,,,A,NO PEDESTRIANS INVOLVED,,A,22107,,1,27TH ST,1,,,A,W,70.0,MARTIN LUTHER KING AV,F,,A,8/2/2024 4:11:49 PM,2/6/2025 1:22:33 PM,,,2,,,,,,,
3464025,18-041410,2,False,0109,8/17/2018 2:08:00 PM,1408,19X,14,109,Oakland,1,True,True,D,BROADSIDE,,Friday,,,,,False,False,False,,C,OTHER MOTOR VEHICLE,,2,0,CLEAR,,NO UNUSUAL CONDITIONS - NO UNUSUAL CONDITIONS,,A,DAYLIGHT,,,,,,,A,NO PEDESTRIANS INVOLVED,,A,21461A,,1,12TH ST,1,,,A,,,22ND AV,,,A,8/2/2024 4:11:48 PM,2/6/2025 1:22:32 PM,,,2,,,,,,,
3464022,18-041467,2,False,0109,8/17/2018 9:18:00 PM,2118,35X,14,109,Oakland,1,True,True,C,REAR END,,Friday,,,,,False,False,False,,E,PARKED MOTOR VEHICLE,,1,0,CLEAR,,NO UNUSUAL CONDITIONS - NO UNUSUAL CONDITIONS,,C,DARK-STREET LIGHTS,,,,,,,A,NO PEDESTRIANS INVOLVED,,A,22107,,1,MACARTHUR BL,2,,,A,,,96TH AV,,,D,8/2/2024 4:11:48 PM,2/6/2025 1:22:32 PM,,,2,,,,,,,
3464017,18-041903,2,False,0109,8/19/2018 2:15:00 PM,1415,22X,14,109,Oakland,1,True,True,A,HEAD-ON,,Sunday,,,,,False,False,False,,I,FIXED OBJECT,,1,0,CLEAR,,NO UNUSUAL CONDITIONS - NO UNUSUAL CONDITIONS,,A,DAYLIGHT,,,,,,,A,NO PEDESTRIANS INVOLVED,,A,22107,,1,MACARTHUR BL,1,,,A,E,8.0,WILSON AV,F,,D,8/2/2024 4:11:47 PM,2/6/2025 1:22:32 PM,,,2,,,,,,,
3463874,18-016668,2,False,0109,4/18/2018 6:16:00 AM,616,26Y,14,109,Oakland,1,True,True,B,SIDE SWIPE,,Wednesday,,,M,,False,False,False,,C,OTHER MOTOR VEHICLE,,0,0,CLEAR,,NO UNUSUAL CONDITIONS - NO UNUSUAL CONDITIONS,,C,DARK-STREET LIGHTS,,,,,,,A,NO PEDESTRIANS INVOLVED,,A,22350,,1,HAWLEY ST,2,,,A,W,120.0,69TH AV,F,,A,8/2/2024 4:11:27 PM,2/6/2025 1:22:26 PM,,,2,,,,,,,
3463868,18-018242,2,False,0109,4/11/2018 7:59:00 PM,1959,30X,14,109,Oakland,1,True,True,C,REAR END,,Wednesday,,,M,,False,False,True,,C,OTHER MOTOR VEHICLE,,0,0,RAINING,,NO UNUSUAL CONDITIONS - NO UNUSUAL CONDITIONS,,C,DARK-STREET LIGHTS,,,,,,,A,NO PEDESTRIANS INVOLVED,,A,22350,,1,ARTHUR ST,2,,,B,W,25.0,67TH AV,F,,D,8/2/2024 4:11:26 PM,2/6/2025 1:22:26 PM,,,2,,,,,,,
3463824,18-029980 7998,2,False,0109,6/16/2018 12:00:00 AM,0,31X,14,109,Oakland,1,True,True,A,HEAD-ON,,Saturday,,,,,False,False,False,,J,OTHER OBJECT,,1,0,CLOUDY,,NO UNUSUAL CONDITIONS - NO UNUSUAL CONDITIONS,,C,DARK-STREET LIGHTS,,,,,,,A,NO PEDESTRIANS INVOLVED,,A,22107,,1,HEGENBERGER RD,2,,,A,,,PARDEE DR,,,A,8/2/2024 4:11:21 PM,2/6/2025 1:22:24 PM,,,2,,,,,,,
3463792,18-027678 7455,2,False,0109,6/3/2018 1:33:00 AM,133,27X,14,109,Oakland,1,True,True,A,HEAD-ON,,Sunday,,,M,,False,False,True,,C,OTHER MOTOR VEHICLE,,1,0,CLEAR,,NO UNUSUAL CONDITIONS - NO UNUSUAL CONDITIONS,,C,DARK-STREET LIGHTS,,,,,,,A,NO PEDESTRIANS INVOLVED,,A,23152A,,1,FOOTHILL BL,2,,,A,,,HIGH ST,,,D,8/2/2024 4:11:16 PM,2/6/2025 1:22:23 PM,,,2,,,,,,,
3462531,18-047835,2,False,0109,9/20/2018 8:02:00 PM,2002,29X,14,109,Oakland,1,True,True,D,BROADSIDE,,Thursday,,,,,False,False,False,,C,OTHER MOTOR VEHICLE,,3,0,CLEAR,,NO UNUSUAL CONDITIONS - NO UNUSUAL CONDITIONS,,C,DARK-STREET LIGHTS,,,,,,,A,NO PEDESTRIANS INVOLVED,,A,21801A,,1,OAKDALE AV,2,,,A,,,SEMINARY AV,,,D,8/2/2024 4:08:24 PM,2/6/2025 1:21:30 PM,,,2,,,,,,,
3462502,18-047587,2,False,0109,9/19/2018 4:17:00 PM,1617,02X,14,109,Oakland,1,True,True,D,BROADSIDE,,Wednesday,,,,,False,False,True,,C,OTHER MOTOR VEHICLE,,1,0,CLEAR,,NO UNUSUAL CONDITIONS - NO UNUSUAL CONDITIONS,,A,DAYLIGHT,,,,,,,A,NO PEDESTRIANS INVOLVED,,A,21800D,,1,MARKET ST,1,,,A,,,6TH ST,,,B,8/2/2024 4:08:20 PM,2/6/2025 1:21:29 PM,,,2,,,,,,,
3462463,18-046367,2,False,0109,9/12/2018 7:59:00 PM,1959,08X,14,109,Oakland,1,True,True,G,VEHICLE/PEDESTRAIN,,Wednesday,,,M,,False,False,False,,B,PEDESTRIAN,,1,0,CLEAR,,NO UNUSUAL CONDITIONS - NO UNUSUAL CONDITIONS,,C,DARK-STREET LIGHTS,,,,,,,F,NOT IN ROAD,,A,21952,,1,TELEGRAPH AV,1,,,A,S,33.0,23RD ST,F,,D,8/2/2024 4:08:14 PM,2/6/2025 1:21:27 PM,,,2,,,,,,,
3461503,18-053815,2,False,0109,10/23/2018 12:40:00 AM,40,03X,14,109,Oakland,1,True,True,A,HEAD-ON,,Tuesday,,,M,,False,False,False,,C,OTHER MOTOR VEHICLE,,0,0,CLEAR,,NO UNUSUAL CONDITIONS - NO UNUSUAL CONDITIONS,,A,DAYLIGHT,,,,,,,A,NO PEDESTRIANS INVOLVED,,A,21657,,1,HARRISON ST,1,,,A,,,8TH ST,,,A,8/2/2024 4:06:03 PM,2/6/2025 1:20:49 PM,,,2,,,,,,,
3461117,18-053935,2,False,0109,10/24/2018 12:02:00 AM,2,23X,14,109,Oakland,1,True,True,D,BROADSIDE,,Wednesday,,,,,False,False,True,,C,OTHER MOTOR VEHICLE,,1,0,CLEAR,,NO UNUSUAL CONDITIONS - NO UNUSUAL CONDITIONS,,C,DARK-STREET LIGHTS,,,,,,,A,NO PEDESTRIANS INVOLVED,,A,23152A,,1,INTERNATIONAL BL,2,,,A,,,HIGH ST,,,A,8/2/2024 4:05:13 PM,2/6/2025 1:20:33 PM,,,2,,,,,,,
3461104,18-051940,2,False,0109,10/12/2018 11:30:00 PM,2330,02X,14,109,Oakland,1,True,True,B,SIDE SWIPE,,Friday,,,M,,False,False,True,,C,OTHER MOTOR VEHICLE,,1,0,CLEAR,,NO UNUSUAL CONDITIONS - NO UNUSUAL CONDITIONS,,C,DARK-STREET LIGHTS,,,,,,,A,NO PEDESTRIANS INVOLVED,,A,21453A,,1,ADELINE ST,1,,,A,,,7TH ST,,,A,8/2/2024 4:05:11 PM,2/6/2025 1:20:32 PM,,,2,,,,,,,
3461035,18-051836,2,False,0109,10/12/2018 11:49:00 AM,1149,29X,14,109,Oakland,1,True,True,D,BROADSIDE,,Friday,,,M,,False,False,True,,C,OTHER MOTOR VEHICLE,,0,0,CLEAR,,NO UNUSUAL CONDITIONS - NO UNUSUAL CONDITIONS,,A,DAYLIGHT,,,,,,,A,NO PEDESTRIANS INVOLVED,,A,22450A,,1,MACARTHUR BL,2,,,A,,,68TH AV,,,A,8/2/2024 4:05:01 PM,2/6/2025 1:20:30 PM,,,2,,,,,,,
3461032,18-47575,2,False,0109,9/19/2018 3:00:00 PM,1500,25X,14,109,Oakland,1,True,True,B,SIDE SWIPE,,Wednesday,,,M,,False,False,False,,C,OTHER MOTOR VEHICLE,,0,0,CLEAR,,NO UNUSUAL CONDITIONS - NO UNUSUAL CONDITIONS,,A,DAYLIGHT,,,,,,,A,NO PEDESTRIANS INVOLVED,,A,22350,,1,HIGH ST,2,,,A,N,50.0,STEELE ST,F,,D,8/2/2024 4:05:00 PM,2/6/2025 1:20:30 PM,,,2,,,,,,,
3461028,18-47748,2,False,0109,9/20/2018 9:30:00 AM,930,24X,14,109,Oakland,1,True,True,B,SIDE SWIPE,,Thursday,,,M,,False,False,False,,E,PARKED MOTOR VEHICLE,,0,0,CLEAR,,NO UNUSUAL CONDITIONS - NO UNUSUAL CONDITIONS,,A,DAYLIGHT,,,,,,,A,NO PEDESTRIANS INVOLVED,,A,22107,,1,41ST AV,2,,,B,N,125.0,CARRINGTON,F,,D,8/2/2024 4:05:00 PM,2/6/2025 1:20:29 PM,,,2,,,,,,,
3460990,18-046950,2,False,0109,9/16/2018 3:10:00 AM,310,17X,14,109,Oakland,1,True,True,D,BROADSIDE,,Sunday,,,,,False,False,True,,C,OTHER MOTOR VEHICLE,,0,0,CLEAR,,NO UNUSUAL CONDITIONS - NO UNUSUAL CONDITIONS,,C,DARK-STREET LIGHTS,,,,,,,A,NO PEDESTRIANS INVOLVED,,A,21453A,,1,BEAUMONT AV,1,,,A,,,MACARTHUR BL,,,A,8/2/2024 4:04:55 PM,2/6/2025 1:20:28 PM,,,2,,,,,,,
3460986,18-048334,2,False,0109,9/23/2018 5:30:00 PM,1730,34X,14,109,Oakland,1,True,True,B,SIDE SWIPE,,Sunday,,,,,False,False,False,,E,PARKED MOTOR VEHICLE,,0,0,CLEAR,,NO UNUSUAL CONDITIONS - NO UNUSUAL CONDITIONS,,A,DAYLIGHT,,,,,,,A,NO PEDESTRIANS INVOLVED,,A,22107,,1,HOLLY ST,2,,,A,E,30.0,88TH AV,F,,D,8/2/2024 4:04:55 PM,2/6/2025 1:20:28 PM,,,2,,,,,,,
3460876,18-047143,2,False,0109,9/17/2018 11:00:00 AM,1100,03X,14,109,Oakland,1,True,True,C,REAR END,,Monday,,,,,False,False,False,,C,OTHER MOTOR VEHICLE,,0,0,CLEAR,,NO UNUSUAL CONDITIONS - NO UNUSUAL CONDITIONS,,A,DAYLIGHT,,,,,,,A,NO PEDESTRIANS INVOLVED,,A,22350,,1,7TH ST,1,,,A,,,FALLON ST,,,A,8/2/2024 4:04:41 PM,2/6/2025 1:20:23 PM,,,2,,,,,,,
3460873,18-047520,2,False,0109,9/19/2018 10:00:00 AM,1000,16Y,14,109,Oakland,1,True,True,B,SIDE SWIPE,,Wednesday,,,,,False,False,False,,E,PARKED MOTOR VEHICLE,,0,0,CLEAR,,NO UNUSUAL CONDITIONS - NO UNUSUAL CONDITIONS,,A,DAYLIGHT,,,,,,,A,NO PEDESTRIANS INVOLVED,,A,22107,,1,TRESTLE GLEN RD,1,,,A,E,900.0,HUMPHREY PL,F,,D,8/2/2024 4:04:41 PM,2/6/2025 1:20:23 PM,,,2,,,,,,,
3460870,18-047283,2,False,0109,9/18/2018 11:21:00 PM,2321,32X,14,109,Oakland,1,True,True,C,REAR END,,Tuesday,,,M,,False,False,False,,E,PARKED MOTOR VEHICLE,,0,0,CLEAR,,NO UNUSUAL CONDITIONS - NO UNUSUAL CONDITIONS,,C,DARK-STREET LIGHTS,,,,,,,A,NO PEDESTRIANS INVOLVED,,A,22107,,1,104TH AV,2,,,A,N,200.0,BIRCH ST,F,,D,8/2/2024 4:04:40 PM,2/6/2025 1:20:23 PM,,,2,,,,,,,
3460867,18-046946,2,False,0109,9/16/2018 2:02:00 AM,202,30X,14,109,Oakland,1,True,True,C,REAR END,,Sunday,,,M,,False,False,False,,E,PARKED MOTOR VEHICLE,,0,0,CLEAR,,NO UNUSUAL CONDITIONS - NO UNUSUAL CONDITIONS,,C,DARK-STREET LIGHTS,,,,,,,A,NO PEDESTRIANS INVOLVED,,A,22107,,1,73RD AV,2,,,A,N,30.0,KRAUSE AV,F,,D,8/2/2024 4:04:40 PM,2/6/2025 1:20:23 PM,,,2,,,,,,,
3460863,18-043685,2,False,0109,8/29/2018 10:50:00 PM,2250,05X,14,109,Oakland,1,True,True,D,BROADSIDE,,Wednesday,,,F,,False,False,True,,C,OTHER MOTOR VEHICLE,,1,0,CLEAR,,NO UNUSUAL CONDITIONS - NO UNUSUAL CONDITIONS,,C,DARK-STREET LIGHTS,,,,,,,A,NO PEDESTRIANS INVOLVED,,A,21453A,,1,18TH ST,1,,,A,,,ADELINE ST,,,A,8/2/2024 4:04:39 PM,2/6/2025 1:20:23 PM,,,2,,,,,,,
3460858,18-041841,2,False,0109,8/19/2018 2:52:00 AM,252,32X,14,109,Oakland,1,True,True,G,VEHICLE/PEDESTRAIN,,Sunday,,,F,,False,False,True,,B,PEDESTRIAN,,1,0,CLEAR,,NO UNUSUAL CONDITIONS - NO UNUSUAL CONDITIONS,,C,DARK-STREET LIGHTS,,,,,,,B,CROSSING IN CROSS WALK AT INTERSECTION,,A,22350,,1,98TH AV,2,,,A,,,BIRCH ST,,,A,8/2/2024 4:04:39 PM,2/6/2025 1:20:23 PM,,,2,,,,,,,
3460855,18-041489,2,False,0109,8/18/2018 12:10:00 AM,10,20X,14,109,Oakland,1,True,True,C,REAR END,,Saturday,,,M,,False,False,True,,C,OTHER MOTOR VEHICLE,,3,0,CLEAR,,NO UNUSUAL CONDITIONS - NO UNUSUAL CONDITIONS,,C,DARK-STREET LIGHTS,,,,,,,A,NO PEDESTRIANS INVOLVED,,A,22350,,1,FRUITVALE AV,1,,,A,S,5.0,ALAMEDA AV,F,,A,8/2/2024 4:04:38 PM,2/6/2025 1:20:22 PM,,,2,,,,,,,
3460850,18-041955,2,False,0109,8/19/2018 9:30:00 PM,2130,31X,14,109,Oakland,1,True,True,G,VEHICLE/PEDESTRAIN,,Sunday,,,M,,False,False,False,,B,PEDESTRIAN,,1,0,CLEAR,,NO UNUSUAL CONDITIONS - NO UNUSUAL CONDITIONS,,C,DARK-STREET LIGHTS,,,,,,,E,IN ROAD - INCLUDES SHOULDER,,A,21954A,,1,SAN LEANDRO ST,2,,,A,E,50.0,81ST AV,F,,D,8/2/2024 4:04:38 PM,2/6/2025 1:20:22 PM,,,2,,,,,,,
3460846,18-040292,2,False,0109,8/11/2018 11:10:00 AM,1110,25X,14,109,Oakland,1,True,True,A,HEAD-ON,,Saturday,,,,,False,False,True,,C,OTHER MOTOR VEHICLE,,1,0,CLEAR,,NO UNUSUAL CONDITIONS - NO UNUSUAL CONDITIONS,,A,DAYLIGHT,,,,,,,A,NO PEDESTRIANS INVOLVED,,A,22350,,1,BANCROFT AV,2,,,A,,,92ND AV,,,A,8/2/2024 4:04:37 PM,2/6/2025 1:20:22 PM,,,2,,,,,,,
3460842,18-041610,2,False,0109,8/18/2018 8:44:00 AM,844,13Z,14,109,Oakland,1,True,True,H,OTHER,,Saturday,,,,,False,False,True,,I,FIXED OBJECT,,1,0,CLEAR,,NO UNUSUAL CONDITIONS - NO UNUSUAL CONDITIONS,,A,DAYLIGHT,,,,,,,A,NO PEDESTRIANS INVOLVED,,A,22107,,1,MORAGA AV,1,,,A,,,THORNHILL DR,,,A,8/2/2024 4:04:37 PM,2/6/2025 1:20:22 PM,,,2,,,,,,,