collision-id,report-number,report-version,is-preliminary,ncic-code,crash-date-time,crash-time-description,beat,city-id,city-code,city-name,county-code,city-is-active,city-is-incorporated,collision-type-code,collision-type-description,collision-type-other-desc,day-of-week,dispatch-notified,has-photographs,hit-run,is-attachments-mailed,is-deleted,is-highway-related,is-tow-away,judicial-district,motor-vehicle-involved-with-code,motor-vehicle-involved-with-desc,motor-vehicle-involved-with-other-desc,number-injured,number-killed,weather-1,weather-2,road-condition-1,road-condition-2,special-condition-lighting-code,lighting-description,latitude,longitude,milepost-direction,milepost-distance,milepost-marker,milepost-unit-of-measure,pedestrian-action-code,pedestrian-action-desc,prepared-date,primary-collision-factor-code,primary-collision-factor-violation,primary-collision-factor-is-cited,primary-collision-party-number,primary-road,reporting-district,reporting-district-code,reviewed-date,roadway-surface-code,secondary-direction,secondary-distance,secondary-road,secondary-unit-of-measure,sketch-desc,traffic-control-device-code,created-date,modified-date,is-county-road,is-freeway,chp-555-version,is-additonal-object-struck,notification-date,notification-time-description,has-digital-media-files,evidence-number,is-location-refer-to-narrative,is-aoi-one-same-as-location
3478533,18-054606,2,False,0109,10/27/2018 2:53:00 PM,1453,08X,14,109,Oakland,1,True,True,B,SIDE SWIPE,,Saturday,,,,,False,False,True,,E,PARKED MOTOR VEHICLE,,0,0,CLEAR,,NO UNUSUAL CONDITIONS - NO UNUSUAL CONDITIONS,,A,DAYLIGHT,,,,,,,A,NO PEDESTRIANS INVOLVED,,A,22107,,1,PEARL ST,1,,,A,E,30.0,OAKLAND AV,F,,D,8/2/2024 4:47:56 PM,2/6/2025 1:33:30 PM,,,2,,,,,,,
3478529,18-043632,2,False,0109,8/28/2018 1:55:00 PM,1355,08X,14,109,Oakland,1,True,True,D,BROADSIDE,,Tuesday,,,M,,False,False,False,,C,OTHER MOTOR VEHICLE,,0,0,CLEAR,,NO UNUSUAL CONDITIONS - NO UNUSUAL CONDITIONS,,A,DAYLIGHT,,,,,,,,,,A,21804A,,1,MACARTHUR BL,1,,,A,E,25.0,TELEGRAPH AV,F,,A,8/2/2024 4:47:55 PM,2/6/2025 1:33:30 PM,,,2,,,,,,,
3478524,18-018454,2,False,0109,4/13/2018 12:31:00 AM,31,26,14,109,Oakland,1,True,True,D,BROADSIDE,,Friday,,,M,,False,False,False,,C,OTHER MOTOR VEHICLE,,1,0,CLEAR,,NO UNUSUAL CONDITIONS - NO UNUSUAL CONDITIONS,,C,DARK-STREET LIGHTS,,,,,,,A,NO PEDESTRIANS INVOLVED,,A,21453A,,1,INTERNATIONAL BL,2,,,A,,,SEMINARY AV,,,A,8/2/2024 4:47:54 PM,2/6/2025 1:33:30 PM,,,2,,,,,,,
3477860,18-053382,2,False,0109,10/20/2018 10:10:00 PM,2210,23X,14,109,Oakland,1,True,True,D,BROADSIDE,,Saturday,,,F,,False,False,False,,C,OTHER MOTOR VEHICLE,,1,0,CLEAR,,NO UNUSUAL CONDITIONS - NO UNUSUAL CONDITIONS,,C,DARK-STREET LIGHTS,,,,,,,A,NO PEDESTRIANS INVOLVED,,A,22450A,,1,INTERNATIONAL BL,2,,,A,,,39TH AV,,,A,8/2/2024 4:46:13 PM,2/6/2025 1:32:58 PM,,,2,,,,,,,
3477855,18-050497,2,False,0109,10/4/2018 7:44:00 PM,1944,24Y,14,109,Oakland,1,True,True,G,VEHICLE/PEDESTRAIN,,Thursday,,,M,,False,False,False,,B,PEDESTRIAN,,1,0,CLEAR,,NO UNUSUAL CONDITIONS - NO UNUSUAL CONDITIONS,,C,DARK-STREET LIGHTS,,,,,,,B,CROSSING IN CROSS WALK AT INTERSECTION,,A,21950A,,1,ALLENDALE AV,2,,,A,,,HIGH ST,,,D,8/2/2024 4:46:12 PM,2/6/2025 1:32:58 PM,,,2,,,,,,,
3477852,18-056430,2,False,0109,11/7/2018 12:47:00 AM,47,26Y,14,109,Oakland,1,True,True,G,VEHICLE/PEDESTRAIN,,Wednesday,,,F,,False,False,True,,B,PEDESTRIAN,,1,0,CLEAR,,NO UNUSUAL CONDITIONS - NO UNUSUAL CONDITIONS,,C,DARK-STREET LIGHTS,,,,,,,B,CROSSING IN CROSS WALK AT INTERSECTION,,A,23152A,,1,69TH AV,2,,,A,,,LION WY,,,A,8/2/2024 4:46:12 PM,2/6/2025 1:32:58 PM,,,2,,,,,,,
3477851,18-053385,2,False,0109,10/20/2018 10:15:00 PM,2215,23X,14,109,Oakland,1,True,True,B,SIDE SWIPE,,Saturday,,,M,,False,False,False,,C,OTHER MOTOR VEHICLE,,1,0,CLEAR,,NO UNUSUAL CONDITIONS - NO UNUSUAL CONDITIONS,,C,DARK-STREET LIGHTS,,,,,,,A,NO PEDESTRIANS INVOLVED,,A,22107,,1,HIGH ST,2,,,A,,,FOOTHILL BL,,,A,8/2/2024 4:46:12 PM,2/6/2025 1:32:57 PM,,,2,,,,,,,
3477847,18-053132,2,False,0109,10/19/2018 4:50:00 PM,1650,07X,14,109,Oakland,1,True,True,D,BROADSIDE,,Friday,,,,,False,False,False,,C,OTHER MOTOR VEHICLE,,1,0,CLEAR,,NO UNUSUAL CONDITIONS - NO UNUSUAL CONDITIONS,,A,DAYLIGHT,,,,,,,A,NO PEDESTRIANS INVOLVED,,A,21755,,1,PERALTA ST,1,,,A,,,28TH ST,,,D,8/2/2024 4:46:11 PM,2/6/2025 1:32:57 PM,,,2,,,,,,,
3477842,18-052927,2,False,0109,10/18/2018 11:48:00 AM,1148,07X,14,109,Oakland,1,True,True,C,REAR END,,Thursday,,,,,False,False,True,,C,OTHER MOTOR VEHICLE,,0,0,CLEAR,,NO UNUSUAL CONDITIONS - NO UNUSUAL CONDITIONS,,A,DAYLIGHT,,,,,,,A,NO PEDESTRIANS INVOLVED,,A,22350,,1,ADELINE ST,1,,,A,,,35TH ST,,,A,8/2/2024 4:46:10 PM,2/6/2025 1:32:57 PM,,,2,,,,,,,
3477840,18-053421,2,False,0109,10/21/2018 4:13:00 AM,413,24X,14,109,Oakland,1,True,True,E,HIT OBJECT,,Sunday,,,,,False,False,True,,I,FIXED OBJECT,,1,0,CLEAR,,NO UNUSUAL CONDITIONS - NO UNUSUAL CONDITIONS,,C,DARK-STREET LIGHTS,,,,,,,A,NO PEDESTRIANS INVOLVED,,A,22107,,1,COURTLAND AV,2,,,A,,,HIGH ST,,,A,8/2/2024 4:46:10 PM,2/6/2025 1:32:57 PM,,,2,,,,,,,
3477835,18-053511,2,False,0109,10/21/2018 6:45:00 PM,1845,32X,14,109,Oakland,1,True,True,D,BROADSIDE,,Sunday,,,,,False,False,False,,J,OTHER OBJECT,,2,0,CLEAR,,NO UNUSUAL CONDITIONS - NO UNUSUAL CONDITIONS,,C,DARK-STREET LIGHTS,,,,,,,A,NO PEDESTRIANS INVOLVED,,A,22350,,1,105TH AV,2,,,A,N,400.0,ROYAL ANN,F,,D,8/2/2024 4:46:09 PM,2/6/2025 1:32:57 PM,,,2,,,,,,,
3477831,18-051532,2,False,0109,10/11/2018 8:14:00 PM,2014,26X,14,109,Oakland,1,True,True,D,BROADSIDE,,Thursday,,,,,False,False,True,,C,OTHER MOTOR VEHICLE,,1,0,CLEAR,,NO UNUSUAL CONDITIONS - NO UNUSUAL CONDITIONS,,C,DARK-STREET LIGHTS,,,,,,,A,NO PEDESTRIANS INVOLVED,,A,21453A,,1,66TH AV,2,,,A,N,75.0,OAKPORT ST,F,,A,8/2/2024 4:46:08 PM,2/6/2025 1:32:56 PM,,,2,,,,,,,
3477828,18-050878,2,False,0109,10/7/2018 1:59:00 AM,159,05X,14,109,Oakland,1,True,True,D,BROADSIDE,,Sunday,,,,,False,False,False,,C,OTHER MOTOR VEHICLE,,1,0,CLEAR,,NO UNUSUAL CONDITIONS - NO UNUSUAL CONDITIONS,,C,DARK-STREET LIGHTS,,,,,,,A,NO PEDESTRIANS INVOLVED,,A,21801A,,1,18TH ST,1,,,A,E,15.0,FILBERT ST,F,,D,8/2/2024 4:46:08 PM,2/6/2025 1:32:56 PM,,,2,,,,,,,
3477823,18-052212,2,False,0109,10/14/2018 9:10:00 PM,2110,27X,14,109,Oakland,1,True,True,D,BROADSIDE,,Sunday,,,,,False,False,True,,C,OTHER MOTOR VEHICLE,,1,0,CLEAR,,NO UNUSUAL CONDITIONS - NO UNUSUAL CONDITIONS,,C,DARK-STREET LIGHTS,,,,,,,A,NO PEDESTRIANS INVOLVED,,A,21650,,1,BANCROFT AV,2,,,A,,,45TH AV,,,A,8/2/2024 4:46:06 PM,2/6/2025 1:32:56 PM,,,2,,,,,,,
3477819,18-052203,2,False,0109,10/14/2018 7:50:00 PM,1950,33X,14,109,Oakland,1,True,True,B,SIDE SWIPE,,Sunday,,,,,False,False,False,,C,OTHER MOTOR VEHICLE,,1,0,CLEAR,,NO UNUSUAL CONDITIONS - NO UNUSUAL CONDITIONS,,B,DUSK-DAWN,,,,,,,A,NO PEDESTRIANS INVOLVED,,A,22450A,,1,92ND AV,2,,,A,,,A ST,,,A,8/2/2024 4:46:06 PM,2/6/2025 1:32:56 PM,,,2,,,,,,,
3477817,18-054655,2,False,0109,10/27/2018 8:32:00 PM,2032,32X,14,109,Oakland,1,True,True,C,REAR END,,Saturday,,,,,False,False,False,,C,OTHER MOTOR VEHICLE,,7,0,CLEAR,,NO UNUSUAL CONDITIONS - NO UNUSUAL CONDITIONS,,C,DARK-STREET LIGHTS,,,,,,,A,NO PEDESTRIANS INVOLVED,,A,21801A,,1,105TH AV,2,,,A,,,E ST,,,A,8/2/2024 4:46:06 PM,2/6/2025 1:32:56 PM,,,2,,,,,,,
3477812,18-054752,2,False,0109,10/28/2018 11:38:00 AM,1138,30X,14,109,Oakland,1,True,True,C,REAR END,,Sunday,,,,,False,False,False,,C,OTHER MOTOR VEHICLE,,1,0,CLEAR,,NO UNUSUAL CONDITIONS - NO UNUSUAL CONDITIONS,,A,DAYLIGHT,,,,,,,F,NOT IN ROAD,,A,22350,,1,68TH AV,2,,,A,N,20.0,FOOTHILL BL,F,,A,8/2/2024 4:46:05 PM,2/6/2025 1:32:56 PM,,,2,,,,,,,
3477260,18-047218,2,False,0109,9/17/2018 6:25:00 PM,1825,30X,14,109,Oakland,1,True,True,D,BROADSIDE,,Monday,,,,,False,False,False,,,,,1,0,CLEAR,,NO UNUSUAL CONDITIONS - NO UNUSUAL CONDITIONS,,A,DAYLIGHT,,,,,,,B,CROSSING IN CROSS WALK AT INTERSECTION,,D,,,,BROADWAY,1,,,A,N,30.0,7TH ST,F,,A,8/2/2024 4:44:36 PM,2/6/2025 1:32:30 PM,,,2,,,,,,,
3477238,18-048747,2,False,0109,9/25/2018 7:05:00 PM,1905,13Y,14,109,Oakland,1,True,True,B,SIDE SWIPE,,Tuesday,,,,,False,False,False,,G,BICYCLE,,1,0,CLEAR,,NO UNUSUAL CONDITIONS - NO UNUSUAL CONDITIONS,,B,DUSK-DAWN,,,,,,,A,NO PEDESTRIANS INVOLVED,,A,22107,,1,DUNCAN WY,1,,,A,,,FLORENCE TER,,,A,8/2/2024 4:44:33 PM,2/6/2025 1:32:29 PM,,,2,,,,,,,
3477179,18-053848,2,False,0109,10/23/2018 3:24:00 PM,1524,03X,14,109,Oakland,1,True,True,D,BROADSIDE,,Tuesday,,,,,False,False,True,,C,OTHER MOTOR VEHICLE,,0,0,CLEAR,,NO UNUSUAL CONDITIONS - NO UNUSUAL CONDITIONS,,A,DAYLIGHT,,,,,,,A,NO PEDESTRIANS INVOLVED,,A,21453A,,1,11TH ST,1,,,A,,,HARRISON ST,,,A,8/2/2024 4:44:23 PM,2/6/2025 1:32:26 PM,,,2,,,,,,,
3477176,18-049860,2,False,0109,10/1/2018 8:49:00 PM,2049,01X,14,109,Oakland,1,True,True,D,BROADSIDE,,Monday,,,M,,False,False,False,,E,PARKED MOTOR VEHICLE,,0,0,CLEAR,,NO UNUSUAL CONDITIONS - NO UNUSUAL CONDITIONS,,C,DARK-STREET LIGHTS,,,,,,,A,NO PEDESTRIANS INVOLVED,,A,22350,,1,ALICIA ST,1,,,A,S,150.0,EMBARCADERO W,F,,D,8/2/2024 4:44:23 PM,2/6/2025 1:32:26 PM,,,2,,,,,,,
3477171,18-052633,2,False,0109,10/16/2018 10:20:00 PM,2220,24X,14,109,Oakland,1,True,True,,,,Tuesday,,,M,,False,False,False,,E,PARKED MOTOR VEHICLE,,0,0,CLEAR,,NO UNUSUAL CONDITIONS - NO UNUSUAL CONDITIONS,,D,DARK-NO STREET LIGHTS,,,,,,,A,NO PEDESTRIANS INVOLVED,,D,,,,35TH AV,,,,A,S,66.0,GALINDO ST,F,,D,8/2/2024 4:44:22 PM,2/6/2025 1:32:26 PM,,,2,,,,,,,
3477098,18-052787 8533,2,False,0109,10/17/2018 6:00:00 PM,1800,31X,14,109,Oakland,1,True,True,C,REAR END,,Wednesday,,,M,,False,True,False,,C,OTHER MOTOR VEHICLE,,1,0,CLEAR,,NO UNUSUAL CONDITIONS - NO UNUSUAL CONDITIONS,,A,DAYLIGHT,,,,,,,A,NO PEDESTRIANS INVOLVED,,A,22350,,1,RT 880,2,,,A,E,4.0,98TH AV,F,,A,8/2/2024 4:44:10 PM,2/6/2025 1:32:22 PM,,,2,,,,,,,
3477095,18-0554543,2,False,0109,11/1/2018 12:42:00 PM,1242,04X,14,109,Oakland,1,True,True,B,SIDE SWIPE,,Thursday,,,M,,False,False,False,,,,,1,0,CLEAR,,NO UNUSUAL CONDITIONS - NO UNUSUAL CONDITIONS,,A,DAYLIGHT,,,,,,,A,NO PEDESTRIANS INVOLVED,,A,21800B,,1,THOMAS L BERKELEY,1,,,A,,,BROADWAY,,,A,8/2/2024 4:44:10 PM,2/6/2025 1:32:22 PM,,,2,,,,,,,
3477092,18-052061 8546,2,False,0109,10/13/2018 9:51:00 PM,2151,10X,14,109,Oakland,1,True,True,B,SIDE SWIPE,,Saturday,,,M,,False,False,False,,C,OTHER MOTOR VEHICLE,,2,0,CLEAR,,NO UNUSUAL CONDITIONS - NO UNUSUAL CONDITIONS,,C,DARK-STREET LIGHTS,,,,,,,A,NO PEDESTRIANS INVOLVED,,D,,,,59TH ST,1,,,A,,,GENOVA ST,,,A,8/2/2024 4:44:09 PM,2/6/2025 1:32:22 PM,,,2,,,,,,,
3477088,18-049609,2,False,0109,9/30/2018 10:19:00 AM,1019,31X,14,109,Oakland,1,True,True,A,HEAD-ON,,Sunday,,,,,False,False,False,,C,OTHER MOTOR VEHICLE,,2,0,CLEAR,,NO UNUSUAL CONDITIONS - NO UNUSUAL CONDITIONS,,A,DAYLIGHT,,,,,,,A,NO PEDESTRIANS INVOLVED,,A,21650,,1,ENTERPRISE WY,2,,,A,W,300.0,85TH AV,F,,D,8/2/2024 4:44:08 PM,2/6/2025 1:32:22 PM,,,2,,,,,,,
3477085,18-049911 8594,2,False,0109,10/2/2018 5:33:00 AM,533,05X,14,109,Oakland,1,True,True,,,,Tuesday,,,,,False,False,False,,G,BICYCLE,,1,0,CLEAR,,NO UNUSUAL CONDITIONS - NO UNUSUAL CONDITIONS,,C,DARK-STREET LIGHTS,,,,,,,A,NO PEDESTRIANS INVOLVED,,A,21801A,,1,FRONTAGE RD,1,,,D,S,30.0,W GRAND AV,F,,A,8/2/2024 4:44:08 PM,2/6/2025 1:32:22 PM,,,2,,,,,,,
3477080,18-052518,2,False,0109,10/16/2018 10:41:00 AM,1041,03X,14,109,Oakland,1,True,True,H,OTHER,,Tuesday,,,,,False,False,False,,C,OTHER MOTOR VEHICLE,,0,0,CLEAR,,NO UNUSUAL CONDITIONS - NO UNUSUAL CONDITIONS,,A,DAYLIGHT,,,,,,,A,NO PEDESTRIANS INVOLVED,,A,22107,,1,7TH ST,1,,,A,,,WEBSTER ST,,,A,8/2/2024 4:44:07 PM,2/6/2025 1:32:22 PM,,,2,,,,,,,
3477076,18-050554,2,False,0109,10/5/2018 6:34:00 AM,634,26X,14,109,Oakland,1,True,True,C,REAR END,,Friday,,,,,False,False,False,,C,OTHER MOTOR VEHICLE,,0,0,CLEAR,,NO UNUSUAL CONDITIONS - NO UNUSUAL CONDITIONS,,A,DAYLIGHT,,,,,,,A,NO PEDESTRIANS INVOLVED,,A,22350,,1,SAN LEANDRO ST,2,,,A,E,15.0,66TH AV,F,,A,8/2/2024 4:44:07 PM,2/6/2025 1:32:21 PM,,,2,,,,,,,
3477074,18-054292 8578,2,False,0109,10/25/2018 8:49:00 PM,2049,21X,14,109,Oakland,1,True,True,D,BROADSIDE,,Thursday,,,,,False,False,False,,E,PARKED MOTOR VEHICLE,,1,0,CLEAR,,NO UNUSUAL CONDITIONS - NO UNUSUAL CONDITIONS,,C,DARK-STREET LIGHTS,,,,,,,A,NO PEDESTRIANS INVOLVED,,A,23123A,,1,FRUITVALE AV,1,,,A,N,2.0,BLOSSOM ST,F,,D,8/2/2024 4:44:06 PM,2/6/2025 1:32:21 PM,,,2,,,,,,,
3477070,18-051642 8557,2,False,0109,10/11/2018 1:15:00 PM,1315,07X,14,109,Oakland,1,True,True,C,REAR END,,Thursday,,,,,False,False,False,,C,OTHER MOTOR VEHICLE,,1,0,CLEAR,,NO UNUSUAL CONDITIONS - NO UNUSUAL CONDITIONS,,A,DAYLIGHT,,,,,,,A,NO PEDESTRIANS INVOLVED,,A,22350,,1,PERALTA ST,1,,,A,,,32ND ST,,,A,8/2/2024 4:44:05 PM,2/6/2025 1:32:21 PM,,,2,,,,,,,
3477065,18-052388 8576,2,False,0109,10/15/2018 4:56:00 PM,1656,27X,14,109,Oakland,1,True,True,G,VEHICLE/PEDESTRAIN,,Monday,,,,,False,False,False,,B,PEDESTRIAN,,1,0,CLEAR,,NO UNUSUAL CONDITIONS - NO UNUSUAL CONDITIONS,,A,DAYLIGHT,,,,,,,B,CROSSING IN CROSS WALK AT INTERSECTION,,A,21950A,,1,46TH AV,2,,,A,,,FOOTHILL BL,,,D,8/2/2024 4:44:05 PM,2/6/2025 1:32:21 PM,,,2,,,,,,,
3477017,18-055886,2,False,0109,11/4/2018 5:02:00 AM,502,12Y,14,109,Oakland,1,True,True,C,REAR END,,Sunday,,,,,False,False,False,,E,PARKED MOTOR VEHICLE,,1,0,CLEAR,,NO UNUSUAL CONDITIONS - NO UNUSUAL CONDITIONS,,C,DARK-STREET LIGHTS,,,,,,,A,NO PEDESTRIANS INVOLVED,,A,23152A,,1,AUBURN AV,1,,,A,E,150.0,FLORIO ST,F,,D,8/2/2024 4:43:57 PM,2/6/2025 1:32:19 PM,,,2,,,,,,,
3477013,18-056958,2,False,0109,11/9/2018 5:47:00 PM,1747,13Z,14,109,Oakland,1,True,True,C,REAR END,,Friday,,,,,False,False,False,,,,,2,0,CLEAR,,NO UNUSUAL CONDITIONS - NO UNUSUAL CONDITIONS,,C,DARK-STREET LIGHTS,,,,,,,A,NO PEDESTRIANS INVOLVED,,A,22350,,1,ANTIOCH ST,1,,,A,,,ANTIOCH CT,,,A,8/2/2024 4:43:56 PM,2/6/2025 1:32:18 PM,,,2,,,,,,,
3476873,18-052468,2,False,0109,10/16/2018 8:55:00 PM,2055,32X,14,109,Oakland,1,True,True,C,REAR END,,Tuesday,,,M,,False,False,False,,E,PARKED MOTOR VEHICLE,,0,0,CLEAR,,NO UNUSUAL CONDITIONS - NO UNUSUAL CONDITIONS,,C,DARK-STREET LIGHTS,,,,,,,A,NO PEDESTRIANS INVOLVED,,A,22107,,1,MACARTHUR BL,2,,,A,W,50.0,FISHER AV,F,,D,8/2/2024 4:43:34 PM,2/6/2025 1:32:12 PM,,,2,,,,,,,
3476871,18-050719,2,False,0109,10/6/2018 11:50:00 PM,2350,04X,14,109,Oakland,1,True,True,B,SIDE SWIPE,,Saturday,,,,,False,False,False,,D,MOTOR VEHICLE ON OTHER ROADWAY,,0,0,CLEAR,,NO UNUSUAL CONDITIONS - NO UNUSUAL CONDITIONS,,C,DARK-STREET LIGHTS,,,,,,,A,NO PEDESTRIANS INVOLVED,,A,22107,,1,14TH ST,1,,,A,,,WEBSTER ST,,,D,8/2/2024 4:43:33 PM,2/6/2025 1:32:11 PM,,,2,,,,,,,
3476869,18-051758,2,False,0109,10/11/2018 8:30:00 PM,2030,02Y,14,109,Oakland,1,True,True,D,BROADSIDE,,Thursday,,,M,,False,False,False,,C,OTHER MOTOR VEHICLE,,0,0,CLEAR,,NO UNUSUAL CONDITIONS - NO UNUSUAL CONDITIONS,,C,DARK-STREET LIGHTS,,,,,,,A,NO PEDESTRIANS INVOLVED,,A,22450A,,1,CAMPBELL ST,1,,,A,,,12TH ST,,,A,8/2/2024 4:43:33 PM,2/6/2025 1:32:11 PM,,,2,,,,,,,
3476868,18-050760,2,False,0109,10/6/2018 8:27:00 AM,827,33X,14,109,Oakland,1,True,True,C,REAR END,,Saturday,,,,,False,False,False,,C,OTHER MOTOR VEHICLE,,0,0,CLEAR,,NO UNUSUAL CONDITIONS - NO UNUSUAL CONDITIONS,,A,DAYLIGHT,,,,,,,A,NO PEDESTRIANS INVOLVED,,A,21703,,1,INTERNATIONAL BL,2,,,A,E,20.0,82ND AV,F,,D,8/2/2024 4:43:32 PM,2/6/2025 1:32:11 PM,,,2,,,,,,,
3476866,18-051180,2,False,0109,10/9/2018 12:34:00 AM,34,32X,14,109,Oakland,1,True,True,C,REAR END,,Tuesday,,,M,,False,False,False,,E,PARKED MOTOR VEHICLE,,0,0,CLEAR,,NO UNUSUAL CONDITIONS - NO UNUSUAL CONDITIONS,,C,DARK-STREET LIGHTS,,,,,,,A,NO PEDESTRIANS INVOLVED,,A,22107,,1,108TH AV,2,,,A,S,30.0,MACARTHUR BL,F,,D,8/2/2024 4:43:32 PM,2/6/2025 1:32:11 PM,,,2,,,,,,,
3476863,18-050811,2,False,0109,10/6/2018 4:16:00 PM,1616,32X,14,109,Oakland,1,True,True,C,REAR END,,Saturday,,,,,False,False,False,,C,OTHER MOTOR VEHICLE,,0,0,CLEAR,,NO UNUSUAL CONDITIONS - NO UNUSUAL CONDITIONS,,A,DAYLIGHT,,,,,,,A,NO PEDESTRIANS INVOLVED,,A,22350,,1,100TH AV,2,,,A,,,OLIVE ST,,,D,8/2/2024 4:43:32 PM,2/6/2025 1:32:11 PM,,,2,,,,,,,
3476862,18-051107,2,False,0109,10/8/2018 4:39:00 PM,1639,17X,14,109,Oakland,1,True,True,C,REAR END,,Monday,,,M,,False,False,False,,E,PARKED MOTOR VEHICLE,,0,0,CLEAR,,NO UNUSUAL CONDITIONS - NO UNUSUAL CONDITIONS,,A,DAYLIGHT,,,,,,,A,NO PEDESTRIANS INVOLVED,,A,22515A,,1,E 17TH ST,1,,,A,E,50.0,9TH AV,F,,D,8/2/2024 4:43:32 PM,2/6/2025 1:32:11 PM,,,2,,,,,,,
3476859,18-051704,2,False,0109,10/11/2018 4:20:00 PM,1620,34X,14,109,Oakland,1,True,True,B,SIDE SWIPE,,Thursday,,,M,,False,False,False,,E,PARKED MOTOR VEHICLE,,0,0,CLEAR,,NO UNUSUAL CONDITIONS - NO UNUSUAL CONDITIONS,,A,DAYLIGHT,,,,,,,A,NO PEDESTRIANS INVOLVED,,A,22107,,1,SUNNYSIDE ST,2,,,A,E,50.0,96TH AV,F,,A,8/2/2024 4:43:31 PM,2/6/2025 1:32:11 PM,,,2,,,,,,,
3476855,18-054487,2,False,0109,10/26/2018 10:34:00 PM,2234,25X,14,109,Oakland,1,True,True,C,REAR END,,Friday,,,,,False,False,False,,E,PARKED MOTOR VEHICLE,,0,0,CLEAR,,NO UNUSUAL CONDITIONS - NO UNUSUAL CONDITIONS,,C,DARK-STREET LIGHTS,,,,,,,A,NO PEDESTRIANS INVOLVED,,A,22107,,1,HIGH ST,2,,,A,S,50.0,PAMPAS,F,,D,8/2/2024 4:43:30 PM,2/6/2025 1:32:11 PM,,,2,,,,,,,
3476850,18-052989,2,False,0109,10/18/2018 6:51:00 PM,1851,31X,14,109,Oakland,1,True,True,C,REAR END,,Thursday,,,,,False,False,False,,C,OTHER MOTOR VEHICLE,,0,0,CLEAR,,NO UNUSUAL CONDITIONS - NO UNUSUAL CONDITIONS,,C,DARK-STREET LIGHTS,,,,,,,A,NO PEDESTRIANS INVOLVED,,A,22350,,1,DOOLITTLE DR,2,,,A,E,10.0,SWAN WY,F,,A,8/2/2024 4:43:30 PM,2/6/2025 1:32:11 PM,,,2,,,,,,,
3476846,18-052503,2,False,0109,10/16/2018 9:30:00 AM,930,23X,14,109,Oakland,1,True,True,D,BROADSIDE,,Tuesday,,,,,False,False,False,,C,OTHER MOTOR VEHICLE,,0,0,CLEAR,,NO UNUSUAL CONDITIONS - NO UNUSUAL CONDITIONS,,A,DAYLIGHT,,,,,,,A,NO PEDESTRIANS INVOLVED,,A,21804A,,1,FOOTHILL BL,2,,,A,E,50.0,COOLIDGE AV,F,,D,8/2/2024 4:43:29 PM,2/6/2025 1:32:10 PM,,,2,,,,,,,
3476842,18-052345,2,False,0109,10/15/2018 1:54:00 PM,1354,04X,14,109,Oakland,1,True,True,C,REAR END,,Monday,,,,,False,False,False,,E,PARKED MOTOR VEHICLE,,0,0,CLEAR,,NO UNUSUAL CONDITIONS - NO UNUSUAL CONDITIONS,,A,DAYLIGHT,,,,,,,A,NO PEDESTRIANS INVOLVED,,A,22350,,1,19TH ST,1,,,A,W,10.0,WEBSTER,F,,A,8/2/2024 4:43:29 PM,2/6/2025 1:32:10 PM,,,2,,,,,,,
3476839,18-052104,2,False,0109,10/14/2018 3:15:00 AM,315,20X,14,109,Oakland,1,True,True,B,SIDE SWIPE,,Sunday,,,,,False,False,True,,E,PARKED MOTOR VEHICLE,,0,0,CLEAR,,NO UNUSUAL CONDITIONS - NO UNUSUAL CONDITIONS,,C,DARK-STREET LIGHTS,,,,,,,A,NO PEDESTRIANS INVOLVED,,A,22107,,1,INTERNATIONAL BL,1,,,A,E,25.0,23RD AV,F,,A,8/2/2024 4:43:28 PM,2/6/2025 1:32:10 PM,,,2,,,,,,,
3476836,18-050037,2,False,0109,10/2/2018 2:58:00 PM,1458,30X,14,109,Oakland,1,True,True,B,SIDE SWIPE,,Tuesday,,,M,,False,False,True,,E,PARKED MOTOR VEHICLE,,0,0,CLEAR,,CONSTRUCTION-REPAIR ZONE - CONSTRUCTION-REPAIR ZONE,REDUCED ROADWAY WIDTH - REDUCED ROADWAY WIDTH,A,DAYLIGHT,,,,,,,A,NO PEDESTRIANS INVOLVED,,A,22107,,1,KRAUSE AV,2,,,A,E,100.0,73RD AV,F,,D,8/2/2024 4:43:28 PM,2/6/2025 1:32:10 PM,,,2,,,,,,,
3476831,18-051529,2,False,0109,10/10/2018 1:44:00 AM,144,26X,14,109,Oakland,1,True,True,A,HEAD-ON,,Wednesday,,,M,,False,False,True,,E,PARKED MOTOR VEHICLE,,0,0,CLEAR,,NO UNUSUAL CONDITIONS - NO UNUSUAL CONDITIONS,,C,DARK-STREET LIGHTS,,,,,,,A,NO PEDESTRIANS INVOLVED,,A,22107,,1,51ST AV,2,,,A,S,60.0,SAN LEANDRO ST,F,,D,8/2/2024 4:43:27 PM,2/6/2025 1:32:10 PM,,,2,,,,,,,
3476828,18-054251,2,False,0109,10/25/2018 3:06:00 PM,1506,23X,14,109,Oakland,1,True,True,G,VEHICLE/PEDESTRAIN,,Thursday,,,,,False,False,False,,B,PEDESTRIAN,,0,0,CLEAR,,NO UNUSUAL CONDITIONS - NO UNUSUAL CONDITIONS,,A,DAYLIGHT,,,,,,,F,NOT IN ROAD,,A,22106,,1,38TH AV,2,,,A,N,130.0,INTERNATIONAL BL,F,,D,8/2/2024 4:43:26 PM,2/6/2025 1:32:09 PM,,,2,,,,,,,
3476825,18-049498,2,False,0109,10/2/2018 7:00:00 PM,1900,27Y,14,109,Oakland,1,True,True,D,BROADSIDE,,Tuesday,,,,,False,False,False,,C,OTHER MOTOR VEHICLE,,0,0,CLEAR,,NO UNUSUAL CONDITIONS - NO UNUSUAL CONDITIONS,,B,DUSK-DAWN,,,,,,,A,NO PEDESTRIANS INVOLVED,,A,21802A,,1,61ST AV,2,,,A,,,BANCROFT AV,,,A,8/2/2024 4:43:26 PM,2/6/2025 1:32:09 PM,,,2,,,,,,,
3476822,18-052151,2,False,0109,10/14/2018 11:32:00 AM,1132,35X,14,109,Oakland,1,True,True,B,SIDE SWIPE,,Sunday,,,,,False,False,False,,E,PARKED MOTOR VEHICLE,,0,0,CLEAR,,NO UNUSUAL CONDITIONS - NO UNUSUAL CONDITIONS,,A,DAYLIGHT,,,,,,,A,NO PEDESTRIANS INVOLVED,,A,22107,,1,SENECA ST,2,,,A,E,1.0,THERMAL ST,F,,D,8/2/2024 4:43:25 PM,2/6/2025 1:32:09 PM,,,2,,,,,,,