collision-id,report-number,report-version,is-preliminary,ncic-code,crash-date-time,crash-time-description,beat,city-id,city-code,city-name,county-code,city-is-active,city-is-incorporated,collision-type-code,collision-type-description,collision-type-other-desc,day-of-week,dispatch-notified,has-photographs,hit-run,is-attachments-mailed,is-deleted,is-highway-related,is-tow-away,judicial-district,motor-vehicle-involved-with-code,motor-vehicle-involved-with-desc,motor-vehicle-involved-with-other-desc,number-injured,number-killed,weather-1,weather-2,road-condition-1,road-condition-2,special-condition-lighting-code,lighting-description,latitude,longitude,milepost-direction,milepost-distance,milepost-marker,milepost-unit-of-measure,pedestrian-action-code,pedestrian-action-desc,prepared-date,primary-collision-factor-code,primary-collision-factor-violation,primary-collision-factor-is-cited,primary-collision-party-number,primary-road,reporting-district,reporting-district-code,reviewed-date,roadway-surface-code,secondary-direction,secondary-distance,secondary-road,secondary-unit-of-measure,sketch-desc,traffic-control-device-code,created-date,modified-date,is-county-road,is-freeway,chp-555-version,is-additonal-object-struck,notification-date,notification-time-description,has-digital-media-files,evidence-number,is-location-refer-to-narrative,is-aoi-one-same-as-location
3503754,18-063994,2,False,0109,12/19/2018 8:00:00 AM,800,35X,14,109,Oakland,1,True,True,B,SIDE SWIPE,,Wednesday,,,M,,False,False,False,,E,PARKED MOTOR VEHICLE,,0,0,CLEAR,,NO UNUSUAL CONDITIONS - NO UNUSUAL CONDITIONS,,A,DAYLIGHT,,,,,,,A,NO PEDESTRIANS INVOLVED,,A,22107,,1,85TH AV,2,,,A,N,150.0,BANCROFT AV,F,,D,8/5/2024 8:57:19 AM,2/6/2025 1:54:33 PM,,,2,,,,,,,
3503753,18-062539,2,False,0109,12/11/2018 10:30:00 PM,2230,33X,14,109,Oakland,1,True,True,C,REAR END,,Tuesday,,,M,,False,False,True,,,,,0,0,,,NO UNUSUAL CONDITIONS - NO UNUSUAL CONDITIONS,,C,DARK-STREET LIGHTS,,,,,,,,,,A,,,1,92ND AV,2,,,A,,,A ST,,,D,8/5/2024 8:57:19 AM,2/6/2025 1:54:33 PM,,,2,,,,,,,
3503749,18-062936,2,False,0109,12/13/2018 11:57:00 PM,2357,06X,14,109,Oakland,1,True,True,B,SIDE SWIPE,,Thursday,,,M,,False,False,False,,I,FIXED OBJECT,,0,0,CLEAR,,HOLES- DEEPRUT* - HOLES- DEEPRUT*,,C,DARK-STREET LIGHTS,,,,,,,,,,A,22107,,1,35TH ST,1,,,A,E,300.0,MARKET ST,F,,D,8/5/2024 8:57:19 AM,2/6/2025 1:54:33 PM,,,2,,,,,,,
3503747,18-064268,2,False,0109,12/21/2018 6:32:00 PM,1832,09X,14,109,Oakland,1,True,True,C,REAR END,,Friday,,,,,False,False,False,,C,OTHER MOTOR VEHICLE,,0,0,CLEAR,,NO UNUSUAL CONDITIONS - NO UNUSUAL CONDITIONS,,C,DARK-STREET LIGHTS,,,,,,,,,,A,22350,,1,HOWE ST,1,,,A,S,30.0,41ST ST,F,,A,8/5/2024 8:57:19 AM,2/6/2025 1:54:33 PM,,,2,,,,,,,
3503746,18-061869,2,False,0109,12/8/2018 8:37:00 AM,837,21X,14,109,Oakland,1,True,True,C,REAR END,,Saturday,,,M,,False,False,False,,E,PARKED MOTOR VEHICLE,,0,0,CLEAR,,NO UNUSUAL CONDITIONS - NO UNUSUAL CONDITIONS,,A,DAYLIGHT,,,,,,,A,NO PEDESTRIANS INVOLVED,,A,22107,,1,E 22ND ST,1,,,A,W,200.0,COOLIDGE AV,F,,D,8/5/2024 8:57:19 AM,2/6/2025 1:54:33 PM,,,2,,,,,,,
3503745,18-064101,2,False,0109,12/20/2018 6:48:00 PM,1848,21X,14,109,Oakland,1,True,True,C,REAR END,,Thursday,,,M,,False,False,False,,E,PARKED MOTOR VEHICLE,,0,0,CLEAR,,NO UNUSUAL CONDITIONS - NO UNUSUAL CONDITIONS,,C,DARK-STREET LIGHTS,,,,,,,A,NO PEDESTRIANS INVOLVED,,A,22350,,1,SCHOOL ST,1,,,A,E,30.0,CURRAN AV,F,,D,8/5/2024 8:57:19 AM,2/6/2025 1:54:33 PM,,,2,,,,,,,
3503742,18-062318,2,False,0109,12/10/2018 7:13:00 PM,1913,27X,14,109,Oakland,1,True,True,D,BROADSIDE,,Monday,,,,,False,False,False,,C,OTHER MOTOR VEHICLE,,0,0,CLEAR,,NO UNUSUAL CONDITIONS - NO UNUSUAL CONDITIONS,,A,DAYLIGHT,,,,,,,,,,A,21802A,,1,FOOTHILL BL,2,,,A,,,COLE ST,,,A,8/5/2024 8:57:18 AM,2/6/2025 1:54:32 PM,,,2,,,,,,,
3503740,18-064500,2,False,0109,12/23/2018 12:21:00 PM,1221,24X,14,109,Oakland,1,True,True,C,REAR END,,Sunday,,,M,,False,False,False,,E,PARKED MOTOR VEHICLE,,0,0,CLEAR,,NO UNUSUAL CONDITIONS - NO UNUSUAL CONDITIONS,,A,DAYLIGHT,,,,,,,A,NO PEDESTRIANS INVOLVED,,A,22107,,1,FOOTHILL BL,2,,,A,W,800.0,35TH AV,F,,D,8/5/2024 8:57:18 AM,2/6/2025 1:54:32 PM,,,2,,,,,,,
3503737,18-064675,2,False,0109,12/24/2018 2:36:00 PM,1436,03X,14,109,Oakland,1,True,True,D,BROADSIDE,,Monday,,,,,False,False,False,,C,OTHER MOTOR VEHICLE,,0,0,,,,,A,DAYLIGHT,,,,,,,A,NO PEDESTRIANS INVOLVED,,A,21453A,,,13TH ST,1,,,B,,,FRANKLIN ST,,,B,8/5/2024 8:57:18 AM,2/6/2025 1:54:32 PM,,,2,,,,,,,
3503736,18-063033,2,False,0109,12/14/2018 1:45:00 PM,1345,30X,14,109,Oakland,1,True,True,C,REAR END,,Friday,,,,,False,False,False,,C,OTHER MOTOR VEHICLE,,0,0,CLOUDY,,NO UNUSUAL CONDITIONS - NO UNUSUAL CONDITIONS,,A,DAYLIGHT,,,,,,,,,,B,,,,78TH AV,2,,,A,S,30.0,INTERNATIONAL BL,F,,D,8/5/2024 8:57:18 AM,2/6/2025 1:54:32 PM,,,2,,,,,,,
3503733,18-061784,2,False,0109,12/7/2018 4:33:00 PM,1633,32Y,14,109,Oakland,1,True,True,D,BROADSIDE,,Friday,,,M,,False,False,False,,C,OTHER MOTOR VEHICLE,,0,0,CLEAR,,NO UNUSUAL CONDITIONS - NO UNUSUAL CONDITIONS,,A,DAYLIGHT,,,,,,,,,,A,22107,,1,MACARTHUR BL,2,,,A,W,30.0,TRUMAN AV,F,,A,8/5/2024 8:57:18 AM,2/6/2025 1:54:32 PM,,,2,,,,,,,
3503732,18-064187,2,False,0109,12/21/2018 10:39:00 AM,1039,22X,14,109,Oakland,1,True,True,B,SIDE SWIPE,,Friday,,,,,False,False,False,,C,OTHER MOTOR VEHICLE,,0,0,RAINING,,NO UNUSUAL CONDITIONS - NO UNUSUAL CONDITIONS,,A,DAYLIGHT,,,,,,,A,NO PEDESTRIANS INVOLVED,,A,22107,,1,FRUITVALE AV,1,,,B,S,80.0,MACARTHUR BL,F,,D,8/5/2024 8:57:18 AM,2/6/2025 1:54:32 PM,,,2,,,,,,,
3503725,18-063356,2,False,0109,12/16/2018 6:08:00 PM,1808,19X,14,109,Oakland,1,True,True,D,BROADSIDE,,Sunday,,,M,,False,False,True,,,,,0,0,CLEAR,,NO UNUSUAL CONDITIONS - NO UNUSUAL CONDITIONS,,C,DARK-STREET LIGHTS,,,,,,,A,NO PEDESTRIANS INVOLVED,,A,22102,,1,INTERNATIONAL BL,1,,,A,,,3RD ST,,,D,8/5/2024 8:57:18 AM,2/6/2025 1:54:32 PM,,,2,,,,,,,
3503724,18-064573,2,False,0109,12/23/2018 10:21:00 PM,2221,34X,14,109,Oakland,1,True,True,H,OTHER,,Sunday,,,M,,False,False,False,,C,OTHER MOTOR VEHICLE,,0,0,CLEAR,,NO UNUSUAL CONDITIONS - NO UNUSUAL CONDITIONS,,C,DARK-STREET LIGHTS,,,,,,,,,,A,22350,,1,INTERNATIONAL BL,2,,,A,W,50.0,89TH AV,F,,D,8/5/2024 8:57:18 AM,2/6/2025 1:54:32 PM,,,2,,,,,,,
3503720,18-062640,2,False,0109,12/12/2018 11:15:00 AM,1115,13X,14,109,Oakland,1,True,True,C,REAR END,,Wednesday,,,M,,False,False,False,,E,PARKED MOTOR VEHICLE,,0,0,CLEAR,,NO UNUSUAL CONDITIONS - NO UNUSUAL CONDITIONS,,A,DAYLIGHT,,,,,,,A,NO PEDESTRIANS INVOLVED,,A,22107,,1,MOUNTAIN BL,1,,,A,W,20.0,COTTON BL,F,,A,8/5/2024 8:57:17 AM,2/6/2025 1:54:31 PM,,,2,,,,,,,
3503717,18-063569,2,False,0109,12/17/2018 9:00:00 PM,2100,23X,14,109,Oakland,1,True,True,D,BROADSIDE,,Monday,,,M,,False,False,True,,C,OTHER MOTOR VEHICLE,,0,0,CLEAR,,NO UNUSUAL CONDITIONS - NO UNUSUAL CONDITIONS,,C,DARK-STREET LIGHTS,,,,,,,A,NO PEDESTRIANS INVOLVED,,A,21801A,,1,FOOTHILL BL,2,,,A,,,38TH AV,,,A,8/5/2024 8:57:17 AM,2/6/2025 1:54:31 PM,,,2,,,,,,,
3503713,18-063327,2,False,0109,12/16/2018 2:17:00 PM,1417,19X,14,109,Oakland,1,True,True,H,OTHER,,Sunday,,,M,,False,False,False,,C,OTHER MOTOR VEHICLE,,0,0,RAINING,,NO UNUSUAL CONDITIONS - NO UNUSUAL CONDITIONS,,A,DAYLIGHT,,,,,,,A,NO PEDESTRIANS INVOLVED,,A,22107,,1,FOOTHILL BL,1,,,B,,,22ND AV,,,A,8/5/2024 8:57:17 AM,2/6/2025 1:54:31 PM,,,2,,,,,,,
3503706,18-063244,2,False,0109,12/15/2018 10:24:00 PM,2224,34X,14,109,Oakland,1,True,True,B,SIDE SWIPE,,Saturday,,,M,,False,False,False,,C,OTHER MOTOR VEHICLE,,0,0,CLEAR,,NO UNUSUAL CONDITIONS - NO UNUSUAL CONDITIONS,,C,DARK-STREET LIGHTS,,,,,,,A,NO PEDESTRIANS INVOLVED,,A,21801A,,1,INTERNATIONAL BL,2,,,A,E,10.0,97TH AV,F,,D,8/5/2024 8:57:17 AM,2/6/2025 1:54:31 PM,,,2,,,,,,,
3503703,18-064462,2,False,0109,12/23/2018 5:31:00 AM,531,30Y,14,109,Oakland,1,True,True,C,REAR END,,Sunday,,,M,,False,False,False,,E,PARKED MOTOR VEHICLE,,0,0,CLEAR,,NO UNUSUAL CONDITIONS - NO UNUSUAL CONDITIONS,,C,DARK-STREET LIGHTS,,,,,,,A,NO PEDESTRIANS INVOLVED,,A,22107,,1,77TH AV,2,,,A,N,75.0,HILLSIDE ST,F,,B,8/5/2024 8:57:16 AM,2/6/2025 1:54:30 PM,,,2,,,,,,,
3503700,18-064456,2,False,0109,12/23/2018 3:28:00 AM,328,30X,14,109,Oakland,1,True,True,A,HEAD-ON,,Sunday,,,M,,False,False,False,,E,PARKED MOTOR VEHICLE,,0,0,CLEAR,,NO UNUSUAL CONDITIONS - NO UNUSUAL CONDITIONS,,C,DARK-STREET LIGHTS,,,,,,,A,NO PEDESTRIANS INVOLVED,,A,22107,,1,CHURCH ST,2,,,A,,,KRAUSE,,,B,8/5/2024 8:57:16 AM,2/6/2025 1:54:30 PM,,,2,,,,,,,
3503696,18-064487,2,False,0109,12/23/2018 11:08:00 AM,1108,12X,14,109,Oakland,1,True,True,B,SIDE SWIPE,,Sunday,,,,,False,False,False,,C,OTHER MOTOR VEHICLE,,0,0,CLEAR,,NO UNUSUAL CONDITIONS - NO UNUSUAL CONDITIONS,,A,DAYLIGHT,,,,,,,A,NO PEDESTRIANS INVOLVED,,A,22107,,1,TELEGRAPH AV,1,,,A,N,200.0,42ND ST,F,,D,8/5/2024 8:57:16 AM,2/6/2025 1:54:30 PM,,,2,,,,,,,
3503695,18-058848,2,False,0109,11/21/2018 7:20:00 AM,720,17X,14,109,Oakland,1,True,True,D,BROADSIDE,,Wednesday,,,M,,False,False,False,,D,MOTOR VEHICLE ON OTHER ROADWAY,,0,0,CLOUDY,RAINING,NO UNUSUAL CONDITIONS - NO UNUSUAL CONDITIONS,,A,DAYLIGHT,,,,,,,A,NO PEDESTRIANS INVOLVED,,A,22450A,,1,32ND ST,1,,,B,,,STUART ST,,,D,8/5/2024 8:57:16 AM,2/6/2025 1:54:30 PM,,,2,,,,,,,
3503693,18-064083,2,False,0109,12/20/2018 2:30:00 PM,1430,32X,14,109,Oakland,1,True,True,B,SIDE SWIPE,,Thursday,,,M,,False,False,True,,E,PARKED MOTOR VEHICLE,,0,0,CLOUDY,,NO UNUSUAL CONDITIONS - NO UNUSUAL CONDITIONS,,A,DAYLIGHT,,,,,,,A,NO PEDESTRIANS INVOLVED,,A,22107,,1,PLYMOUTH ST,2,,,A,W,100.0,100TH AV,F,,D,8/5/2024 8:57:16 AM,2/6/2025 1:54:30 PM,,,2,,,,,,,
3503689,18-056470,2,False,0109,11/7/2018 8:24:00 AM,824,21X,14,109,Oakland,1,True,True,D,BROADSIDE,,Wednesday,,,,,False,False,False,,C,OTHER MOTOR VEHICLE,,0,0,CLEAR,,NO UNUSUAL CONDITIONS - NO UNUSUAL CONDITIONS,,A,DAYLIGHT,,,,,,,A,NO PEDESTRIANS INVOLVED,,A,22106,,1,BROOKDALE AV,1,,,A,E,400.0,CAPP ST,F,,D,8/5/2024 8:57:16 AM,2/6/2025 1:54:30 PM,,,2,,,,,,,
3503686,18-063130,2,False,0109,12/15/2018 12:47:00 AM,47,03X,14,109,Oakland,1,True,True,B,SIDE SWIPE,,Saturday,,,,,False,False,False,,C,OTHER MOTOR VEHICLE,,0,0,CLEAR,,NO UNUSUAL CONDITIONS - NO UNUSUAL CONDITIONS,,C,DARK-STREET LIGHTS,,,,,,,A,NO PEDESTRIANS INVOLVED,,A,21453A,,1,7TH ST,1,,,A,,,JACKSON ST,,,A,8/5/2024 8:57:16 AM,2/6/2025 1:54:30 PM,,,2,,,,,,,
3503685,18-064227,2,False,0109,12/21/2018 2:27:00 PM,1427,19X,14,109,Oakland,1,True,True,C,REAR END,,Friday,,,M,,False,False,False,,C,OTHER MOTOR VEHICLE,,0,0,CLEAR,,NO UNUSUAL CONDITIONS - NO UNUSUAL CONDITIONS,,A,DAYLIGHT,,,,,,,A,NO PEDESTRIANS INVOLVED,,A,22350,,1,5TH AV,1,,,A,E,30.0,E10TH ST,F,,A,8/5/2024 8:57:16 AM,2/6/2025 1:54:29 PM,,,2,,,,,,,
3503680,18-063536,2,False,0109,12/17/2018 5:23:00 PM,1723,26Y,14,109,Oakland,1,True,True,B,SIDE SWIPE,,Monday,,,,,False,False,True,,C,OTHER MOTOR VEHICLE,,0,0,CLEAR,,NO UNUSUAL CONDITIONS - NO UNUSUAL CONDITIONS,,C,DARK-STREET LIGHTS,,,,,,,A,NO PEDESTRIANS INVOLVED,,A,23152,,1,76TH AV,2,,,A,S,200.0,RUDSDALE ST,F,,D,8/5/2024 8:57:16 AM,2/6/2025 1:54:29 PM,,,2,,,,,,,
3503673,18-059221,2,False,0109,11/23/2018 4:40:00 PM,1640,26X,14,109,Oakland,1,True,True,G,VEHICLE/PEDESTRAIN,,Friday,,,M,,False,False,False,,B,PEDESTRIAN,,1,0,RAINING,,NO UNUSUAL CONDITIONS - NO UNUSUAL CONDITIONS,,A,DAYLIGHT,,,,,,,B,CROSSING IN CROSS WALK AT INTERSECTION,,A,21950A,,1,INTERNATIONAL BL,2,,,B,,,SEMINARY AV,,,A,8/5/2024 8:57:15 AM,2/6/2025 1:54:29 PM,,,2,,,,,,,
3503670,18-058143,2,False,0109,11/16/2018 7:52:00 PM,1952,06X,14,109,Oakland,1,True,True,D,BROADSIDE,,Friday,,,M,,False,False,False,,C,OTHER MOTOR VEHICLE,,1,0,CLEAR,,NO UNUSUAL CONDITIONS - NO UNUSUAL CONDITIONS,,C,DARK-STREET LIGHTS,,,,,,,A,NO PEDESTRIANS INVOLVED,,A,21453A,,1,35TH ST,1,,,A,,,WEST ST,,,A,8/5/2024 8:57:15 AM,2/6/2025 1:54:29 PM,,,2,,,,,,,
3503669,18-060510,2,False,0109,11/30/2018 5:26:00 PM,1726,22X,14,109,Oakland,1,True,True,A,HEAD-ON,,Friday,,,,,False,False,False,,I,FIXED OBJECT,,1,0,CLOUDY,,NO UNUSUAL CONDITIONS - NO UNUSUAL CONDITIONS,,C,DARK-STREET LIGHTS,,,,,,,A,NO PEDESTRIANS INVOLVED,,A,22350,,1,35TH AV,1,,,A,N,30.0,MACARTHUR BL,F,,A,8/5/2024 8:57:15 AM,2/6/2025 1:54:29 PM,,,2,,,,,,,
3503668,18-060189,2,False,0109,11/29/2018 10:59:00 AM,1059,10X,14,109,Oakland,1,True,True,D,BROADSIDE,,Thursday,,,,,False,False,False,,C,OTHER MOTOR VEHICLE,,1,0,CLOUDY,,NO UNUSUAL CONDITIONS - NO UNUSUAL CONDITIONS,,A,DAYLIGHT,,,,,,,A,NO PEDESTRIANS INVOLVED,,A,21453A,,1,40TH ST,1,,,B,,,WEST ST,,,A,8/5/2024 8:57:15 AM,2/6/2025 1:54:29 PM,,,2,,,,,,,
3503667,18-060255,2,False,0109,11/29/2018 4:30:00 PM,1630,03X,14,109,Oakland,1,True,True,D,BROADSIDE,,Thursday,,,,,False,False,True,,C,OTHER MOTOR VEHICLE,,4,0,RAINING,,NO UNUSUAL CONDITIONS - NO UNUSUAL CONDITIONS,,B,DUSK-DAWN,,,,,,,A,NO PEDESTRIANS INVOLVED,,A,21453A,,1,12TH ST,1,,,B,,,MARTIN LUTHER KING JR WY,,,A,8/5/2024 8:57:15 AM,2/6/2025 1:54:28 PM,,,2,,,,,,,
3503666,18-055948,2,False,0109,11/4/2018 1:10:00 PM,1310,32Y,14,109,Oakland,1,True,True,D,BROADSIDE,,Sunday,,,,,False,False,True,,C,OTHER MOTOR VEHICLE,,1,0,CLEAR,,NO UNUSUAL CONDITIONS - NO UNUSUAL CONDITIONS,,A,DAYLIGHT,,,,,,,A,NO PEDESTRIANS INVOLVED,,D,,,,98TH AV,2,,,A,,,BIRCH ST,,,A,8/5/2024 8:57:15 AM,2/6/2025 1:54:28 PM,,,2,,,,,,,
3503663,18-060082,2,False,0109,11/28/2018 6:25:00 PM,1825,11X,14,109,Oakland,1,True,True,D,BROADSIDE,,Wednesday,,,,,False,False,False,,C,OTHER MOTOR VEHICLE,,1,0,RAINING,,NO UNUSUAL CONDITIONS - NO UNUSUAL CONDITIONS,,C,DARK-STREET LIGHTS,,,,,,,A,NO PEDESTRIANS INVOLVED,,A,21801A,,1,SHATTUCK AV,1,,,B,,,65TH ST,,,A,8/5/2024 8:57:15 AM,2/6/2025 1:54:28 PM,,,2,,,,,,,
3503662,18-060198,2,False,0109,11/29/2018 10:30:00 AM,1030,23X,14,109,Oakland,1,True,True,D,BROADSIDE,,Thursday,,,,,False,False,False,,C,OTHER MOTOR VEHICLE,,1,0,CLOUDY,,NO UNUSUAL CONDITIONS - NO UNUSUAL CONDITIONS,,A,DAYLIGHT,,,,,,,A,NO PEDESTRIANS INVOLVED,,A,22107,,1,35TH AV,2,,,B,S,10.0,E 16TH ST,F,,D,8/5/2024 8:57:15 AM,2/6/2025 1:54:28 PM,,,2,,,,,,,
3503659,18-060085,2,False,0109,11/28/2018 6:40:00 PM,1840,01X,14,109,Oakland,1,True,True,D,BROADSIDE,,Wednesday,,,,,False,False,False,,E,PARKED MOTOR VEHICLE,,1,0,CLEAR,,NO UNUSUAL CONDITIONS - NO UNUSUAL CONDITIONS,,C,DARK-STREET LIGHTS,,,,,,,A,NO PEDESTRIANS INVOLVED,,A,22350,,1,OAK ST,1,,,A,,,2ND ST,,,A,8/5/2024 8:57:14 AM,2/6/2025 1:54:28 PM,,,2,,,,,,,
3503658,18-064529,2,False,0109,12/23/2018 4:40:00 PM,1640,03X,14,109,Oakland,1,True,True,D,BROADSIDE,,Sunday,,,,,False,False,False,,C,OTHER MOTOR VEHICLE,,2,0,CLEAR,,NO UNUSUAL CONDITIONS - NO UNUSUAL CONDITIONS,,A,DAYLIGHT,,,,,,,A,NO PEDESTRIANS INVOLVED,,A,21453A,,,14TH ST,1,,,A,,,JACKSON ST,,,A,8/5/2024 8:57:14 AM,2/6/2025 1:54:28 PM,,,2,,,,,,,
3503656,18-063788,2,False,0109,12/19/2018 1:10:00 AM,110,21X,14,109,Oakland,1,True,True,A,HEAD-ON,,Wednesday,,,,,False,False,False,,J,OTHER OBJECT,,1,0,CLEAR,,NO UNUSUAL CONDITIONS - NO UNUSUAL CONDITIONS,,C,DARK-STREET LIGHTS,,,,,,,A,NO PEDESTRIANS INVOLVED,,A,22107,,1,GRANDE VISTA AV,1,,,A,S,5.0,E 27TH ST,F,,A,8/5/2024 8:57:14 AM,2/6/2025 1:54:28 PM,,,2,,,,,,,
3503655,18-064653,2,False,0109,12/24/2018 12:25:00 PM,1225,30X,14,109,Oakland,1,True,True,B,SIDE SWIPE,,Monday,,,,,False,False,True,,C,OTHER MOTOR VEHICLE,,1,0,RAINING,,NO UNUSUAL CONDITIONS - NO UNUSUAL CONDITIONS,,A,DAYLIGHT,,,,,,,A,NO PEDESTRIANS INVOLVED,,A,21658A,,1,73RD AV,2,,,B,N,35.0,LOCKWOOD ST,F,,D,8/5/2024 8:57:14 AM,2/6/2025 1:54:28 PM,,,2,,,,,,,
3503652,18-064750,2,False,0109,12/25/2018 5:10:00 AM,510,22Y,14,109,Oakland,1,True,True,E,HIT OBJECT,,Tuesday,,,,,False,False,True,,I,FIXED OBJECT,,1,0,CLOUDY,,NO UNUSUAL CONDITIONS - NO UNUSUAL CONDITIONS,,C,DARK-STREET LIGHTS,,,,,,,A,NO PEDESTRIANS INVOLVED,,A,22350,,1,35TH AV,1,,,B,S,30.0,JORDAN RD,F,,D,8/5/2024 8:57:14 AM,2/6/2025 1:54:28 PM,,,2,,,,,,,
3503650,18-064788,2,False,0109,12/25/2018 11:19:00 AM,1119,10X,14,109,Oakland,1,True,True,C,REAR END,,Tuesday,,,,,False,False,False,,C,OTHER MOTOR VEHICLE,,1,0,CLEAR,,NO UNUSUAL CONDITIONS - NO UNUSUAL CONDITIONS,,A,DAYLIGHT,,,,,,,A,NO PEDESTRIANS INVOLVED,,A,22350,,1,MARKET ST,1,,,A,S,20.0,56TH ST,F,,D,8/5/2024 8:57:14 AM,2/6/2025 1:54:27 PM,,,2,,,,,,,
3503645,18-062438,2,False,0109,12/11/2018 12:48:00 PM,1248,31Z,14,109,Oakland,1,True,True,A,HEAD-ON,,Tuesday,,,,,False,False,False,,I,FIXED OBJECT,,2,0,CLEAR,,NO UNUSUAL CONDITIONS - NO UNUSUAL CONDITIONS,,A,DAYLIGHT,,,,,,,A,NO PEDESTRIANS INVOLVED,,A,22107,,1,CAPISTRANO DR,2,,,A,S,30.0,TOPANGA DR,F,,D,8/5/2024 8:57:14 AM,2/6/2025 1:54:27 PM,,,2,,,,,,,
3503644,18-064871,2,False,0109,12/25/2018 9:25:00 PM,2125,26Y,14,109,Oakland,1,True,True,D,BROADSIDE,,Tuesday,,,M,,False,False,True,,C,OTHER MOTOR VEHICLE,,4,0,CLEAR,,NO UNUSUAL CONDITIONS - NO UNUSUAL CONDITIONS,,D,DARK-NO STREET LIGHTS,,,,,,,A,NO PEDESTRIANS INVOLVED,,A,22450A,,1,71ST AV,2,,,A,,,HAMILTON ST,,,A,8/5/2024 8:57:14 AM,2/6/2025 1:54:27 PM,,,2,,,,,,,
3503643,18-064271,2,False,0109,12/21/2018 5:52:00 PM,1752,27X,14,109,Oakland,1,True,True,E,HIT OBJECT,,Friday,,,,,False,False,False,,I,FIXED OBJECT,,1,0,CLEAR,,NO UNUSUAL CONDITIONS - NO UNUSUAL CONDITIONS,,A,DAYLIGHT,,,,,,,A,NO PEDESTRIANS INVOLVED,,A,22350,,1,BANCROFT AV,2,,,A,E,25.0,62ND AV,F,,D,8/5/2024 8:57:13 AM,2/6/2025 1:54:27 PM,,,2,,,,,,,
3503640,18-064151,2,False,0109,12/21/2018 7:27:00 AM,727,17X,14,109,Oakland,1,True,True,D,BROADSIDE,,Friday,,,,,False,False,False,,C,OTHER MOTOR VEHICLE,,1,0,RAINING,,NO UNUSUAL CONDITIONS - NO UNUSUAL CONDITIONS,,A,DAYLIGHT,,,,,,,A,NO PEDESTRIANS INVOLVED,,D,,,,MACARTHUR BL,1,,,B,,,BEAUMONT AV,,,A,8/5/2024 8:57:13 AM,2/6/2025 1:54:27 PM,,,2,,,,,,,
3503638,18-064062,2,False,0109,12/20/2018 4:25:00 PM,1625,13X,14,109,Oakland,1,True,True,B,SIDE SWIPE,,Thursday,,,,,False,False,True,,E,PARKED MOTOR VEHICLE,,1,0,CLEAR,,NO UNUSUAL CONDITIONS - NO UNUSUAL CONDITIONS,,B,DUSK-DAWN,,,,,,,A,NO PEDESTRIANS INVOLVED,,A,22107,,1,MOUNTAIN BL,1,,,A,E,180.0,SNAKE,F,,D,8/5/2024 8:57:13 AM,2/6/2025 1:54:27 PM,,,2,,,,,,,
3503637,18-064007,2,False,0109,12/20/2018 11:01:00 AM,1101,05Y,14,109,Oakland,1,True,True,D,BROADSIDE,,Thursday,,,,,False,False,True,,C,OTHER MOTOR VEHICLE,,1,0,CLOUDY,,NO UNUSUAL CONDITIONS - NO UNUSUAL CONDITIONS,,A,DAYLIGHT,,,,,,,A,NO PEDESTRIANS INVOLVED,,A,21802A,,1,PERALTA ST,1,,,A,,,20TH ST,,,A,8/5/2024 8:57:13 AM,2/6/2025 1:54:27 PM,,,2,,,,,,,
3503635,18-064481,2,False,0109,12/23/2018 10:17:00 AM,1017,32X,14,109,Oakland,1,True,True,C,REAR END,,Sunday,,,,,False,False,True,,C,OTHER MOTOR VEHICLE,,1,0,CLEAR,,NO UNUSUAL CONDITIONS - NO UNUSUAL CONDITIONS,,A,DAYLIGHT,,,,,,,A,NO PEDESTRIANS INVOLVED,,A,22350,,1,INTERNATIONAL BL,2,,,A,,,98TH AV,,,D,8/5/2024 8:57:13 AM,2/6/2025 1:54:27 PM,,,2,,,,,,,
3503633,18-063079,2,False,0109,12/14/2018 6:56:00 PM,1856,24X,14,109,Oakland,1,True,True,A,HEAD-ON,,Friday,,,,,False,False,False,,C,OTHER MOTOR VEHICLE,,1,0,CLEAR,,NO UNUSUAL CONDITIONS - NO UNUSUAL CONDITIONS,,C,DARK-STREET LIGHTS,,,,,,,A,NO PEDESTRIANS INVOLVED,,A,21801A,,1,HIGH ST,2,,,A,,,SUTER ST,,,D,8/5/2024 8:57:13 AM,2/6/2025 1:54:27 PM,,,2,,,,,,,
3503630,18-063091,2,False,0109,12/14/2018 10:04:00 PM,2204,02X,14,109,Oakland,1,True,True,D,BROADSIDE,,Friday,,,F,,False,False,False,,C,OTHER MOTOR VEHICLE,,1,0,CLEAR,,NO UNUSUAL CONDITIONS - NO UNUSUAL CONDITIONS,,C,DARK-STREET LIGHTS,,,,,,,A,NO PEDESTRIANS INVOLVED,,A,22450A,,1,4TH ST,1,,,A,,,BRUSH ST,,,D,8/5/2024 8:57:13 AM,2/6/2025 1:54:26 PM,,,2,,,,,,,
3503622,18-062706,2,False,0109,12/12/2018 5:05:00 PM,1705,10Y,14,109,Oakland,1,True,True,D,BROADSIDE,,Wednesday,,,,,False,False,False,,C,OTHER MOTOR VEHICLE,,1,0,CLEAR,,NO UNUSUAL CONDITIONS - NO UNUSUAL CONDITIONS,,B,DUSK-DAWN,,,,,,,A,NO PEDESTRIANS INVOLVED,,A,21802A,,1,MARTIN LUTHER KING JR WY,1,,,A,,,61ST ST,,,A,8/5/2024 8:57:12 AM,2/6/2025 1:54:26 PM,,,2,,,,,,,
3503621,18-063016,2,False,0109,12/14/2018 11:14:00 AM,1114,31Y,14,109,Oakland,1,True,True,D,BROADSIDE,,Friday,,,,,False,False,False,,C,OTHER MOTOR VEHICLE,,1,0,CLEAR,,NO UNUSUAL CONDITIONS - NO UNUSUAL CONDITIONS,,A,DAYLIGHT,,,,,,,A,NO PEDESTRIANS INVOLVED,,A,21804A,,1,98TH AV,2,,,B,S,200.0,BIGGIE ST,F,,D,8/5/2024 8:57:12 AM,2/6/2025 1:54:26 PM,,,2,,,,,,,
3503619,18-055516,2,False,0109,11/1/2018 6:06:00 PM,1806,02Y,14,109,Oakland,1,True,True,H,OTHER,,Thursday,,,,,False,False,False,,C,OTHER MOTOR VEHICLE,,1,0,CLEAR,,NO UNUSUAL CONDITIONS - NO UNUSUAL CONDITIONS,,A,DAYLIGHT,,,,,,,A,NO PEDESTRIANS INVOLVED,,A,22350,,1,8TH ST,1,,,A,,,MANDELA PKWY,,,A,8/5/2024 8:57:12 AM,2/6/2025 1:54:26 PM,,,2,,,,,,,